game,clip,frame_path,label_path,frame_name,visibility,x,y,status,split
game1,Clip8,../Dataset/game1/Clip8/0000.jpg,../Dataset/game1/Clip8/Label.csv,0000.jpg,1,603.0,127.0,0,train
game1,Clip8,../Dataset/game1/Clip8/0001.jpg,../Dataset/game1/Clip8/Label.csv,0001.jpg,1,602.0,121.0,0,train
game1,Clip8,../Dataset/game1/Clip8/0002.jpg,../Dataset/game1/Clip8/Label.csv,0002.jpg,1,602.0,115.0,0,train
game1,Clip8,../Dataset/game1/Clip8/0003.jpg,../Dataset/game1/Clip8/Label.csv,0003.jpg,1,601.0,104.0,0,train
game1,Clip8,../Dataset/game1/Clip8/0004.jpg,../Dataset/game1/Clip8/Label.csv,0004.jpg,2,602.0,95.0,0,train
game1,Clip8,../Dataset/game1/Clip8/0005.jpg,../Dataset/game1/Clip8/Label.csv,0005.jpg,2,603.0,85.0,0,train
game1,Clip8,../Dataset/game1/Clip8/0006.jpg,../Dataset/game1/Clip8/Label.csv,0006.jpg,1,603.0,78.0,0,train
game1,Clip8,../Dataset/game1/Clip8/0007.jpg,../Dataset/game1/Clip8/Label.csv,0007.jpg,1,606.0,71.0,0,train
game1,Clip8,../Dataset/game1/Clip8/0008.jpg,../Dataset/game1/Clip8/Label.csv,0008.jpg,1,604.0,63.0,0,train
game1,Clip8,../Dataset/game1/Clip8/0009.jpg,../Dataset/game1/Clip8/Label.csv,0009.jpg,1,606.0,58.0,0,train
game1,Clip8,../Dataset/game1/Clip8/0010.jpg,../Dataset/game1/Clip8/Label.csv,0010.jpg,1,606.0,52.0,0,train
game1,Clip8,../Dataset/game1/Clip8/0011.jpg,../Dataset/game1/Clip8/Label.csv,0011.jpg,1,605.0,48.0,0,train
game1,Clip8,../Dataset/game1/Clip8/0012.jpg,../Dataset/game1/Clip8/Label.csv,0012.jpg,1,606.0,44.0,0,train
game1,Clip8,../Dataset/game1/Clip8/0013.jpg,../Dataset/game1/Clip8/Label.csv,0013.jpg,1,607.0,40.0,0,train
game1,Clip8,../Dataset/game1/Clip8/0014.jpg,../Dataset/game1/Clip8/Label.csv,0014.jpg,1,607.0,37.0,0,train
game1,Clip8,../Dataset/game1/Clip8/0015.jpg,../Dataset/game1/Clip8/Label.csv,0015.jpg,2,608.0,34.0,0,train
game1,Clip8,../Dataset/game1/Clip8/0016.jpg,../Dataset/game1/Clip8/Label.csv,0016.jpg,2,608.0,34.0,0,train
game1,Clip8,../Dataset/game1/Clip8/0017.jpg,../Dataset/game1/Clip8/Label.csv,0017.jpg,2,607.0,34.0,0,train
game1,Clip8,../Dataset/game1/Clip8/0018.jpg,../Dataset/game1/Clip8/Label.csv,0018.jpg,2,608.0,33.0,0,train
game1,Clip8,../Dataset/game1/Clip8/0019.jpg,../Dataset/game1/Clip8/Label.csv,0019.jpg,2,609.0,34.0,0,train
game1,Clip8,../Dataset/game1/Clip8/0020.jpg,../Dataset/game1/Clip8/Label.csv,0020.jpg,1,609.0,34.0,0,train
game1,Clip8,../Dataset/game1/Clip8/0021.jpg,../Dataset/game1/Clip8/Label.csv,0021.jpg,1,610.0,37.0,0,train
game1,Clip8,../Dataset/game1/Clip8/0022.jpg,../Dataset/game1/Clip8/Label.csv,0022.jpg,1,610.0,39.0,0,train
game1,Clip8,../Dataset/game1/Clip8/0023.jpg,../Dataset/game1/Clip8/Label.csv,0023.jpg,1,614.0,43.0,0,train
game1,Clip8,../Dataset/game1/Clip8/0024.jpg,../Dataset/game1/Clip8/Label.csv,0024.jpg,1,614.0,47.0,0,train
game1,Clip8,../Dataset/game1/Clip8/0025.jpg,../Dataset/game1/Clip8/Label.csv,0025.jpg,1,614.0,51.0,0,train
game1,Clip8,../Dataset/game1/Clip8/0026.jpg,../Dataset/game1/Clip8/Label.csv,0026.jpg,1,615.0,57.0,0,train
game1,Clip8,../Dataset/game1/Clip8/0027.jpg,../Dataset/game1/Clip8/Label.csv,0027.jpg,1,626.0,69.0,1,train
game1,Clip8,../Dataset/game1/Clip8/0028.jpg,../Dataset/game1/Clip8/Label.csv,0028.jpg,2,642.0,90.0,0,train
game1,Clip8,../Dataset/game1/Clip8/0029.jpg,../Dataset/game1/Clip8/Label.csv,0029.jpg,1,666.0,113.0,0,train
game1,Clip8,../Dataset/game1/Clip8/0030.jpg,../Dataset/game1/Clip8/Label.csv,0030.jpg,1,689.0,140.0,0,train
game1,Clip8,../Dataset/game1/Clip8/0031.jpg,../Dataset/game1/Clip8/Label.csv,0031.jpg,2,714.0,167.0,0,train
game1,Clip8,../Dataset/game1/Clip8/0032.jpg,../Dataset/game1/Clip8/Label.csv,0032.jpg,1,744.0,197.0,0,train
game1,Clip8,../Dataset/game1/Clip8/0033.jpg,../Dataset/game1/Clip8/Label.csv,0033.jpg,1,771.0,230.0,0,train
game1,Clip8,../Dataset/game1/Clip8/0034.jpg,../Dataset/game1/Clip8/Label.csv,0034.jpg,1,804.0,264.0,0,train
game1,Clip8,../Dataset/game1/Clip8/0035.jpg,../Dataset/game1/Clip8/Label.csv,0035.jpg,1,836.0,303.0,0,train
game1,Clip8,../Dataset/game1/Clip8/0036.jpg,../Dataset/game1/Clip8/Label.csv,0036.jpg,1,871.0,345.0,0,train
game1,Clip8,../Dataset/game1/Clip8/0037.jpg,../Dataset/game1/Clip8/Label.csv,0037.jpg,1,909.0,389.0,2,train
game1,Clip8,../Dataset/game1/Clip8/0038.jpg,../Dataset/game1/Clip8/Label.csv,0038.jpg,1,943.0,393.0,0,train
game1,Clip8,../Dataset/game1/Clip8/0039.jpg,../Dataset/game1/Clip8/Label.csv,0039.jpg,1,977.0,399.0,0,train
game1,Clip8,../Dataset/game1/Clip8/0040.jpg,../Dataset/game1/Clip8/Label.csv,0040.jpg,2,1009.0,406.0,0,train
game1,Clip8,../Dataset/game1/Clip8/0041.jpg,../Dataset/game1/Clip8/Label.csv,0041.jpg,1,1052.0,420.0,0,train
game1,Clip8,../Dataset/game1/Clip8/0042.jpg,../Dataset/game1/Clip8/Label.csv,0042.jpg,1,1095.0,435.0,0,train
game1,Clip8,../Dataset/game1/Clip8/0043.jpg,../Dataset/game1/Clip8/Label.csv,0043.jpg,1,1140.0,451.0,0,train
game1,Clip8,../Dataset/game1/Clip8/0044.jpg,../Dataset/game1/Clip8/Label.csv,0044.jpg,1,1188.0,472.0,0,train
game1,Clip8,../Dataset/game1/Clip8/0045.jpg,../Dataset/game1/Clip8/Label.csv,0045.jpg,1,1245.0,495.0,0,train
game1,Clip8,../Dataset/game1/Clip8/0046.jpg,../Dataset/game1/Clip8/Label.csv,0046.jpg,0,-1.0,-1.0,0,train
game1,Clip7,../Dataset/game1/Clip7/0000.jpg,../Dataset/game1/Clip7/Label.csv,0000.jpg,1,664.0,57.0,0,train
game1,Clip7,../Dataset/game1/Clip7/0001.jpg,../Dataset/game1/Clip7/Label.csv,0001.jpg,1,665.0,51.0,0,train
game1,Clip7,../Dataset/game1/Clip7/0002.jpg,../Dataset/game1/Clip7/Label.csv,0002.jpg,1,666.0,47.0,0,train
game1,Clip7,../Dataset/game1/Clip7/0003.jpg,../Dataset/game1/Clip7/Label.csv,0003.jpg,1,667.0,44.0,0,train
game1,Clip7,../Dataset/game1/Clip7/0004.jpg,../Dataset/game1/Clip7/Label.csv,0004.jpg,1,667.0,38.0,0,train
game1,Clip7,../Dataset/game1/Clip7/0005.jpg,../Dataset/game1/Clip7/Label.csv,0005.jpg,1,666.0,36.0,0,train
game1,Clip7,../Dataset/game1/Clip7/0006.jpg,../Dataset/game1/Clip7/Label.csv,0006.jpg,1,667.0,35.0,0,train
game1,Clip7,../Dataset/game1/Clip7/0007.jpg,../Dataset/game1/Clip7/Label.csv,0007.jpg,1,667.0,35.0,0,train
game1,Clip7,../Dataset/game1/Clip7/0008.jpg,../Dataset/game1/Clip7/Label.csv,0008.jpg,1,667.0,34.0,0,train
game1,Clip7,../Dataset/game1/Clip7/0009.jpg,../Dataset/game1/Clip7/Label.csv,0009.jpg,1,668.0,35.0,0,train
game1,Clip7,../Dataset/game1/Clip7/0010.jpg,../Dataset/game1/Clip7/Label.csv,0010.jpg,1,668.0,38.0,0,train
game1,Clip7,../Dataset/game1/Clip7/0011.jpg,../Dataset/game1/Clip7/Label.csv,0011.jpg,1,669.0,39.0,0,train
game1,Clip7,../Dataset/game1/Clip7/0012.jpg,../Dataset/game1/Clip7/Label.csv,0012.jpg,1,669.0,43.0,0,train
game1,Clip7,../Dataset/game1/Clip7/0013.jpg,../Dataset/game1/Clip7/Label.csv,0013.jpg,1,668.0,45.0,0,train
game1,Clip7,../Dataset/game1/Clip7/0014.jpg,../Dataset/game1/Clip7/Label.csv,0014.jpg,1,671.0,50.0,0,train
game1,Clip7,../Dataset/game1/Clip7/0015.jpg,../Dataset/game1/Clip7/Label.csv,0015.jpg,1,671.0,55.0,0,train
game1,Clip7,../Dataset/game1/Clip7/0016.jpg,../Dataset/game1/Clip7/Label.csv,0016.jpg,1,665.0,71.0,1,train
game1,Clip7,../Dataset/game1/Clip7/0017.jpg,../Dataset/game1/Clip7/Label.csv,0017.jpg,2,655.0,97.0,0,train
game1,Clip7,../Dataset/game1/Clip7/0018.jpg,../Dataset/game1/Clip7/Label.csv,0018.jpg,1,649.0,127.0,1,train
game1,Clip7,../Dataset/game1/Clip7/0019.jpg,../Dataset/game1/Clip7/Label.csv,0019.jpg,2,641.0,145.0,0,train
game1,Clip7,../Dataset/game1/Clip7/0020.jpg,../Dataset/game1/Clip7/Label.csv,0020.jpg,2,629.0,175.0,0,train
game1,Clip7,../Dataset/game1/Clip7/0021.jpg,../Dataset/game1/Clip7/Label.csv,0021.jpg,1,624.0,207.0,0,train
game1,Clip7,../Dataset/game1/Clip7/0022.jpg,../Dataset/game1/Clip7/Label.csv,0022.jpg,1,614.0,238.0,0,train
game1,Clip7,../Dataset/game1/Clip7/0023.jpg,../Dataset/game1/Clip7/Label.csv,0023.jpg,1,607.0,275.0,0,train
game1,Clip7,../Dataset/game1/Clip7/0024.jpg,../Dataset/game1/Clip7/Label.csv,0024.jpg,1,602.0,314.0,0,train
game1,Clip7,../Dataset/game1/Clip7/0025.jpg,../Dataset/game1/Clip7/Label.csv,0025.jpg,1,596.0,359.0,0,train
game1,Clip7,../Dataset/game1/Clip7/0026.jpg,../Dataset/game1/Clip7/Label.csv,0026.jpg,1,591.0,371.0,2,train
game1,Clip7,../Dataset/game1/Clip7/0027.jpg,../Dataset/game1/Clip7/Label.csv,0027.jpg,1,583.0,375.0,2,train
game1,Clip7,../Dataset/game1/Clip7/0028.jpg,../Dataset/game1/Clip7/Label.csv,0028.jpg,1,578.0,380.0,0,train
game1,Clip7,../Dataset/game1/Clip7/0029.jpg,../Dataset/game1/Clip7/Label.csv,0029.jpg,1,572.0,386.0,0,train
game1,Clip7,../Dataset/game1/Clip7/0030.jpg,../Dataset/game1/Clip7/Label.csv,0030.jpg,1,567.0,396.0,0,train
game1,Clip7,../Dataset/game1/Clip7/0031.jpg,../Dataset/game1/Clip7/Label.csv,0031.jpg,1,562.0,408.0,0,train
game1,Clip7,../Dataset/game1/Clip7/0032.jpg,../Dataset/game1/Clip7/Label.csv,0032.jpg,1,556.0,421.0,0,train
game1,Clip7,../Dataset/game1/Clip7/0033.jpg,../Dataset/game1/Clip7/Label.csv,0033.jpg,1,551.0,439.0,0,train
game1,Clip7,../Dataset/game1/Clip7/0034.jpg,../Dataset/game1/Clip7/Label.csv,0034.jpg,1,548.0,443.0,1,train
game1,Clip7,../Dataset/game1/Clip7/0035.jpg,../Dataset/game1/Clip7/Label.csv,0035.jpg,1,548.0,398.0,0,train
game1,Clip7,../Dataset/game1/Clip7/0036.jpg,../Dataset/game1/Clip7/Label.csv,0036.jpg,1,549.0,362.0,0,train
game1,Clip7,../Dataset/game1/Clip7/0037.jpg,../Dataset/game1/Clip7/Label.csv,0037.jpg,1,549.0,332.0,0,train
game1,Clip7,../Dataset/game1/Clip7/0038.jpg,../Dataset/game1/Clip7/Label.csv,0038.jpg,1,550.0,309.0,0,train
game1,Clip7,../Dataset/game1/Clip7/0039.jpg,../Dataset/game1/Clip7/Label.csv,0039.jpg,2,550.0,287.0,0,train
game1,Clip7,../Dataset/game1/Clip7/0040.jpg,../Dataset/game1/Clip7/Label.csv,0040.jpg,1,551.0,269.0,0,train
game1,Clip7,../Dataset/game1/Clip7/0041.jpg,../Dataset/game1/Clip7/Label.csv,0041.jpg,1,551.0,254.0,0,train
game1,Clip7,../Dataset/game1/Clip7/0042.jpg,../Dataset/game1/Clip7/Label.csv,0042.jpg,1,552.0,243.0,0,train
game1,Clip7,../Dataset/game1/Clip7/0043.jpg,../Dataset/game1/Clip7/Label.csv,0043.jpg,1,554.0,233.0,0,train
game1,Clip7,../Dataset/game1/Clip7/0044.jpg,../Dataset/game1/Clip7/Label.csv,0044.jpg,2,555.0,224.0,0,train
game1,Clip7,../Dataset/game1/Clip7/0045.jpg,../Dataset/game1/Clip7/Label.csv,0045.jpg,1,555.0,218.0,0,train
game1,Clip7,../Dataset/game1/Clip7/0046.jpg,../Dataset/game1/Clip7/Label.csv,0046.jpg,1,557.0,211.0,0,train
game1,Clip7,../Dataset/game1/Clip7/0047.jpg,../Dataset/game1/Clip7/Label.csv,0047.jpg,1,556.0,208.0,0,train
game1,Clip7,../Dataset/game1/Clip7/0048.jpg,../Dataset/game1/Clip7/Label.csv,0048.jpg,1,558.0,207.0,0,train
game1,Clip7,../Dataset/game1/Clip7/0049.jpg,../Dataset/game1/Clip7/Label.csv,0049.jpg,1,559.0,205.0,0,train
game1,Clip7,../Dataset/game1/Clip7/0050.jpg,../Dataset/game1/Clip7/Label.csv,0050.jpg,1,560.0,205.0,0,train
game1,Clip7,../Dataset/game1/Clip7/0051.jpg,../Dataset/game1/Clip7/Label.csv,0051.jpg,1,560.0,205.0,0,train
game1,Clip7,../Dataset/game1/Clip7/0052.jpg,../Dataset/game1/Clip7/Label.csv,0052.jpg,1,562.0,207.0,0,train
game1,Clip7,../Dataset/game1/Clip7/0053.jpg,../Dataset/game1/Clip7/Label.csv,0053.jpg,1,563.0,205.0,2,train
game1,Clip7,../Dataset/game1/Clip7/0054.jpg,../Dataset/game1/Clip7/Label.csv,0054.jpg,1,563.0,193.0,0,train
game1,Clip7,../Dataset/game1/Clip7/0055.jpg,../Dataset/game1/Clip7/Label.csv,0055.jpg,1,563.0,184.0,0,train
game1,Clip7,../Dataset/game1/Clip7/0056.jpg,../Dataset/game1/Clip7/Label.csv,0056.jpg,2,562.0,175.0,0,train
game1,Clip7,../Dataset/game1/Clip7/0057.jpg,../Dataset/game1/Clip7/Label.csv,0057.jpg,1,566.0,163.0,0,train
game1,Clip7,../Dataset/game1/Clip7/0058.jpg,../Dataset/game1/Clip7/Label.csv,0058.jpg,2,566.0,155.0,0,train
game1,Clip7,../Dataset/game1/Clip7/0059.jpg,../Dataset/game1/Clip7/Label.csv,0059.jpg,2,566.0,145.0,0,train
game1,Clip7,../Dataset/game1/Clip7/0060.jpg,../Dataset/game1/Clip7/Label.csv,0060.jpg,1,567.0,143.0,0,train
game1,Clip7,../Dataset/game1/Clip7/0061.jpg,../Dataset/game1/Clip7/Label.csv,0061.jpg,1,568.0,137.0,1,train
game1,Clip7,../Dataset/game1/Clip7/0062.jpg,../Dataset/game1/Clip7/Label.csv,0062.jpg,1,574.0,136.0,0,train
game1,Clip7,../Dataset/game1/Clip7/0063.jpg,../Dataset/game1/Clip7/Label.csv,0063.jpg,1,582.0,137.0,0,train
game1,Clip7,../Dataset/game1/Clip7/0064.jpg,../Dataset/game1/Clip7/Label.csv,0064.jpg,2,592.0,138.0,0,train
game1,Clip7,../Dataset/game1/Clip7/0065.jpg,../Dataset/game1/Clip7/Label.csv,0065.jpg,1,602.0,141.0,0,train
game1,Clip7,../Dataset/game1/Clip7/0066.jpg,../Dataset/game1/Clip7/Label.csv,0066.jpg,2,613.0,145.0,0,train
game1,Clip7,../Dataset/game1/Clip7/0067.jpg,../Dataset/game1/Clip7/Label.csv,0067.jpg,2,624.0,150.0,0,train
game1,Clip7,../Dataset/game1/Clip7/0068.jpg,../Dataset/game1/Clip7/Label.csv,0068.jpg,1,638.0,160.0,0,train
game1,Clip7,../Dataset/game1/Clip7/0069.jpg,../Dataset/game1/Clip7/Label.csv,0069.jpg,1,648.0,168.0,0,train
game1,Clip7,../Dataset/game1/Clip7/0070.jpg,../Dataset/game1/Clip7/Label.csv,0070.jpg,2,660.0,178.0,0,train
game1,Clip7,../Dataset/game1/Clip7/0071.jpg,../Dataset/game1/Clip7/Label.csv,0071.jpg,1,672.0,190.0,0,train
game1,Clip7,../Dataset/game1/Clip7/0072.jpg,../Dataset/game1/Clip7/Label.csv,0072.jpg,1,688.0,202.0,0,train
game1,Clip7,../Dataset/game1/Clip7/0073.jpg,../Dataset/game1/Clip7/Label.csv,0073.jpg,1,703.0,217.0,0,train
game1,Clip7,../Dataset/game1/Clip7/0074.jpg,../Dataset/game1/Clip7/Label.csv,0074.jpg,1,714.0,233.0,0,train
game1,Clip7,../Dataset/game1/Clip7/0075.jpg,../Dataset/game1/Clip7/Label.csv,0075.jpg,2,729.0,251.0,0,train
game1,Clip7,../Dataset/game1/Clip7/0076.jpg,../Dataset/game1/Clip7/Label.csv,0076.jpg,1,742.0,270.0,0,train
game1,Clip7,../Dataset/game1/Clip7/0077.jpg,../Dataset/game1/Clip7/Label.csv,0077.jpg,2,757.0,291.0,0,train
game1,Clip7,../Dataset/game1/Clip7/0078.jpg,../Dataset/game1/Clip7/Label.csv,0078.jpg,1,775.0,316.0,0,train
game1,Clip7,../Dataset/game1/Clip7/0079.jpg,../Dataset/game1/Clip7/Label.csv,0079.jpg,1,791.0,338.0,0,train
game1,Clip7,../Dataset/game1/Clip7/0080.jpg,../Dataset/game1/Clip7/Label.csv,0080.jpg,1,808.0,369.0,0,train
game1,Clip7,../Dataset/game1/Clip7/0081.jpg,../Dataset/game1/Clip7/Label.csv,0081.jpg,1,824.0,398.0,0,train
game1,Clip7,../Dataset/game1/Clip7/0082.jpg,../Dataset/game1/Clip7/Label.csv,0082.jpg,1,840.0,429.0,0,train
game1,Clip7,../Dataset/game1/Clip7/0083.jpg,../Dataset/game1/Clip7/Label.csv,0083.jpg,1,859.0,456.0,2,train
game1,Clip7,../Dataset/game1/Clip7/0084.jpg,../Dataset/game1/Clip7/Label.csv,0084.jpg,1,872.0,453.0,0,train
game1,Clip7,../Dataset/game1/Clip7/0085.jpg,../Dataset/game1/Clip7/Label.csv,0085.jpg,1,887.0,452.0,0,train
game1,Clip7,../Dataset/game1/Clip7/0086.jpg,../Dataset/game1/Clip7/Label.csv,0086.jpg,1,899.0,451.0,0,train
game1,Clip7,../Dataset/game1/Clip7/0087.jpg,../Dataset/game1/Clip7/Label.csv,0087.jpg,1,915.0,452.0,0,train
game1,Clip7,../Dataset/game1/Clip7/0088.jpg,../Dataset/game1/Clip7/Label.csv,0088.jpg,2,933.0,454.0,0,train
game1,Clip7,../Dataset/game1/Clip7/0089.jpg,../Dataset/game1/Clip7/Label.csv,0089.jpg,1,944.0,457.0,0,train
game1,Clip7,../Dataset/game1/Clip7/0090.jpg,../Dataset/game1/Clip7/Label.csv,0090.jpg,2,917.0,427.0,1,train
game1,Clip7,../Dataset/game1/Clip7/0091.jpg,../Dataset/game1/Clip7/Label.csv,0091.jpg,2,882.0,395.0,0,train
game1,Clip7,../Dataset/game1/Clip7/0092.jpg,../Dataset/game1/Clip7/Label.csv,0092.jpg,1,839.0,360.0,0,train
game1,Clip7,../Dataset/game1/Clip7/0093.jpg,../Dataset/game1/Clip7/Label.csv,0093.jpg,1,778.0,310.0,0,train
game1,Clip7,../Dataset/game1/Clip7/0094.jpg,../Dataset/game1/Clip7/Label.csv,0094.jpg,1,750.0,290.0,0,train
game1,Clip7,../Dataset/game1/Clip7/0095.jpg,../Dataset/game1/Clip7/Label.csv,0095.jpg,2,730.0,275.0,0,train
game1,Clip7,../Dataset/game1/Clip7/0096.jpg,../Dataset/game1/Clip7/Label.csv,0096.jpg,1,706.0,263.0,0,train
game1,Clip7,../Dataset/game1/Clip7/0097.jpg,../Dataset/game1/Clip7/Label.csv,0097.jpg,2,688.0,252.0,0,train
game1,Clip7,../Dataset/game1/Clip7/0098.jpg,../Dataset/game1/Clip7/Label.csv,0098.jpg,2,669.0,243.0,0,train
game1,Clip7,../Dataset/game1/Clip7/0099.jpg,../Dataset/game1/Clip7/Label.csv,0099.jpg,1,652.0,237.0,0,train
game1,Clip7,../Dataset/game1/Clip7/0100.jpg,../Dataset/game1/Clip7/Label.csv,0100.jpg,2,637.0,232.0,0,train
game1,Clip7,../Dataset/game1/Clip7/0101.jpg,../Dataset/game1/Clip7/Label.csv,0101.jpg,1,624.0,228.0,0,train
game1,Clip7,../Dataset/game1/Clip7/0102.jpg,../Dataset/game1/Clip7/Label.csv,0102.jpg,1,610.0,226.0,0,train
game1,Clip7,../Dataset/game1/Clip7/0103.jpg,../Dataset/game1/Clip7/Label.csv,0103.jpg,2,597.0,225.0,0,train
game1,Clip7,../Dataset/game1/Clip7/0104.jpg,../Dataset/game1/Clip7/Label.csv,0104.jpg,1,585.0,225.0,0,train
game1,Clip7,../Dataset/game1/Clip7/0105.jpg,../Dataset/game1/Clip7/Label.csv,0105.jpg,2,576.0,226.0,0,train
game1,Clip7,../Dataset/game1/Clip7/0106.jpg,../Dataset/game1/Clip7/Label.csv,0106.jpg,1,564.0,226.0,0,train
game1,Clip7,../Dataset/game1/Clip7/0107.jpg,../Dataset/game1/Clip7/Label.csv,0107.jpg,2,559.0,224.0,2,train
game1,Clip7,../Dataset/game1/Clip7/0108.jpg,../Dataset/game1/Clip7/Label.csv,0108.jpg,1,548.0,207.0,0,train
game1,Clip7,../Dataset/game1/Clip7/0109.jpg,../Dataset/game1/Clip7/Label.csv,0109.jpg,1,543.0,195.0,0,train
game1,Clip7,../Dataset/game1/Clip7/0110.jpg,../Dataset/game1/Clip7/Label.csv,0110.jpg,1,536.0,186.0,0,train
game1,Clip7,../Dataset/game1/Clip7/0111.jpg,../Dataset/game1/Clip7/Label.csv,0111.jpg,2,533.0,178.0,0,train
game1,Clip7,../Dataset/game1/Clip7/0112.jpg,../Dataset/game1/Clip7/Label.csv,0112.jpg,1,528.0,168.0,0,train
game1,Clip7,../Dataset/game1/Clip7/0113.jpg,../Dataset/game1/Clip7/Label.csv,0113.jpg,2,521.0,161.0,0,train
game1,Clip7,../Dataset/game1/Clip7/0114.jpg,../Dataset/game1/Clip7/Label.csv,0114.jpg,1,516.0,152.0,0,train
game1,Clip7,../Dataset/game1/Clip7/0115.jpg,../Dataset/game1/Clip7/Label.csv,0115.jpg,1,511.0,150.0,0,train
game1,Clip7,../Dataset/game1/Clip7/0116.jpg,../Dataset/game1/Clip7/Label.csv,0116.jpg,1,509.0,145.0,0,train
game1,Clip7,../Dataset/game1/Clip7/0117.jpg,../Dataset/game1/Clip7/Label.csv,0117.jpg,1,504.0,143.0,0,train
game1,Clip7,../Dataset/game1/Clip7/0118.jpg,../Dataset/game1/Clip7/Label.csv,0118.jpg,1,499.0,142.0,0,train
game1,Clip7,../Dataset/game1/Clip7/0119.jpg,../Dataset/game1/Clip7/Label.csv,0119.jpg,1,493.0,140.0,0,train
game1,Clip7,../Dataset/game1/Clip7/0120.jpg,../Dataset/game1/Clip7/Label.csv,0120.jpg,1,489.0,140.0,1,train
game1,Clip7,../Dataset/game1/Clip7/0121.jpg,../Dataset/game1/Clip7/Label.csv,0121.jpg,1,488.0,138.0,0,train
game1,Clip7,../Dataset/game1/Clip7/0122.jpg,../Dataset/game1/Clip7/Label.csv,0122.jpg,1,488.0,136.0,0,train
game1,Clip7,../Dataset/game1/Clip7/0123.jpg,../Dataset/game1/Clip7/Label.csv,0123.jpg,1,489.0,135.0,0,train
game1,Clip7,../Dataset/game1/Clip7/0124.jpg,../Dataset/game1/Clip7/Label.csv,0124.jpg,1,489.0,136.0,0,train
game1,Clip7,../Dataset/game1/Clip7/0125.jpg,../Dataset/game1/Clip7/Label.csv,0125.jpg,1,491.0,139.0,0,train
game1,Clip7,../Dataset/game1/Clip7/0126.jpg,../Dataset/game1/Clip7/Label.csv,0126.jpg,1,491.0,143.0,0,train
game1,Clip7,../Dataset/game1/Clip7/0127.jpg,../Dataset/game1/Clip7/Label.csv,0127.jpg,1,490.0,147.0,0,train
game1,Clip7,../Dataset/game1/Clip7/0128.jpg,../Dataset/game1/Clip7/Label.csv,0128.jpg,1,493.0,152.0,0,train
game1,Clip7,../Dataset/game1/Clip7/0129.jpg,../Dataset/game1/Clip7/Label.csv,0129.jpg,1,493.0,159.0,0,train
game1,Clip7,../Dataset/game1/Clip7/0130.jpg,../Dataset/game1/Clip7/Label.csv,0130.jpg,1,494.0,170.0,0,train
game1,Clip7,../Dataset/game1/Clip7/0131.jpg,../Dataset/game1/Clip7/Label.csv,0131.jpg,1,497.0,179.0,0,train
game1,Clip7,../Dataset/game1/Clip7/0132.jpg,../Dataset/game1/Clip7/Label.csv,0132.jpg,1,499.0,193.0,0,train
game1,Clip7,../Dataset/game1/Clip7/0133.jpg,../Dataset/game1/Clip7/Label.csv,0133.jpg,1,501.0,208.0,0,train
game1,Clip7,../Dataset/game1/Clip7/0134.jpg,../Dataset/game1/Clip7/Label.csv,0134.jpg,2,502.0,222.0,0,train
game1,Clip7,../Dataset/game1/Clip7/0135.jpg,../Dataset/game1/Clip7/Label.csv,0135.jpg,1,504.0,241.0,0,train
game1,Clip7,../Dataset/game1/Clip7/0136.jpg,../Dataset/game1/Clip7/Label.csv,0136.jpg,1,508.0,260.0,0,train
game1,Clip7,../Dataset/game1/Clip7/0137.jpg,../Dataset/game1/Clip7/Label.csv,0137.jpg,1,509.0,284.0,0,train
game1,Clip7,../Dataset/game1/Clip7/0138.jpg,../Dataset/game1/Clip7/Label.csv,0138.jpg,1,513.0,306.0,0,train
game1,Clip7,../Dataset/game1/Clip7/0139.jpg,../Dataset/game1/Clip7/Label.csv,0139.jpg,1,515.0,333.0,0,train
game1,Clip7,../Dataset/game1/Clip7/0140.jpg,../Dataset/game1/Clip7/Label.csv,0140.jpg,1,517.0,360.0,0,train
game1,Clip7,../Dataset/game1/Clip7/0141.jpg,../Dataset/game1/Clip7/Label.csv,0141.jpg,1,520.0,391.0,0,train
game1,Clip7,../Dataset/game1/Clip7/0142.jpg,../Dataset/game1/Clip7/Label.csv,0142.jpg,1,525.0,421.0,0,train
game1,Clip7,../Dataset/game1/Clip7/0143.jpg,../Dataset/game1/Clip7/Label.csv,0143.jpg,1,528.0,454.0,0,train
game1,Clip7,../Dataset/game1/Clip7/0144.jpg,../Dataset/game1/Clip7/Label.csv,0144.jpg,1,533.0,489.0,2,train
game1,Clip7,../Dataset/game1/Clip7/0145.jpg,../Dataset/game1/Clip7/Label.csv,0145.jpg,1,533.0,488.0,0,train
game1,Clip7,../Dataset/game1/Clip7/0146.jpg,../Dataset/game1/Clip7/Label.csv,0146.jpg,1,536.0,487.0,0,train
game1,Clip7,../Dataset/game1/Clip7/0147.jpg,../Dataset/game1/Clip7/Label.csv,0147.jpg,1,539.0,486.0,0,train
game1,Clip7,../Dataset/game1/Clip7/0148.jpg,../Dataset/game1/Clip7/Label.csv,0148.jpg,1,539.0,488.0,0,train
game1,Clip7,../Dataset/game1/Clip7/0149.jpg,../Dataset/game1/Clip7/Label.csv,0149.jpg,1,559.0,446.0,1,train
game1,Clip7,../Dataset/game1/Clip7/0150.jpg,../Dataset/game1/Clip7/Label.csv,0150.jpg,1,578.0,403.0,0,train
game1,Clip7,../Dataset/game1/Clip7/0151.jpg,../Dataset/game1/Clip7/Label.csv,0151.jpg,1,596.0,363.0,0,train
game1,Clip7,../Dataset/game1/Clip7/0152.jpg,../Dataset/game1/Clip7/Label.csv,0152.jpg,1,610.0,334.0,0,train
game1,Clip7,../Dataset/game1/Clip7/0153.jpg,../Dataset/game1/Clip7/Label.csv,0153.jpg,1,627.0,309.0,0,train
game1,Clip7,../Dataset/game1/Clip7/0154.jpg,../Dataset/game1/Clip7/Label.csv,0154.jpg,2,639.0,283.0,0,train
game1,Clip7,../Dataset/game1/Clip7/0155.jpg,../Dataset/game1/Clip7/Label.csv,0155.jpg,1,652.0,268.0,0,train
game1,Clip7,../Dataset/game1/Clip7/0156.jpg,../Dataset/game1/Clip7/Label.csv,0156.jpg,2,664.0,252.0,0,train
game1,Clip7,../Dataset/game1/Clip7/0157.jpg,../Dataset/game1/Clip7/Label.csv,0157.jpg,1,673.0,242.0,0,train
game1,Clip7,../Dataset/game1/Clip7/0158.jpg,../Dataset/game1/Clip7/Label.csv,0158.jpg,1,679.0,231.0,0,train
game1,Clip7,../Dataset/game1/Clip7/0159.jpg,../Dataset/game1/Clip7/Label.csv,0159.jpg,2,690.0,224.0,0,train
game1,Clip7,../Dataset/game1/Clip7/0160.jpg,../Dataset/game1/Clip7/Label.csv,0160.jpg,1,697.0,217.0,0,train
game1,Clip7,../Dataset/game1/Clip7/0161.jpg,../Dataset/game1/Clip7/Label.csv,0161.jpg,1,703.0,212.0,0,train
game1,Clip7,../Dataset/game1/Clip7/0162.jpg,../Dataset/game1/Clip7/Label.csv,0162.jpg,1,710.0,211.0,0,train
game1,Clip7,../Dataset/game1/Clip7/0163.jpg,../Dataset/game1/Clip7/Label.csv,0163.jpg,1,715.0,209.0,0,train
game1,Clip7,../Dataset/game1/Clip7/0164.jpg,../Dataset/game1/Clip7/Label.csv,0164.jpg,1,723.0,209.0,0,train
game1,Clip7,../Dataset/game1/Clip7/0165.jpg,../Dataset/game1/Clip7/Label.csv,0165.jpg,1,727.0,208.0,0,train
game1,Clip7,../Dataset/game1/Clip7/0166.jpg,../Dataset/game1/Clip7/Label.csv,0166.jpg,1,735.0,210.0,0,train
game1,Clip7,../Dataset/game1/Clip7/0167.jpg,../Dataset/game1/Clip7/Label.csv,0167.jpg,1,740.0,212.0,0,train
game1,Clip7,../Dataset/game1/Clip7/0168.jpg,../Dataset/game1/Clip7/Label.csv,0168.jpg,1,744.0,208.0,2,train
game1,Clip7,../Dataset/game1/Clip7/0169.jpg,../Dataset/game1/Clip7/Label.csv,0169.jpg,1,747.0,193.0,0,train
game1,Clip7,../Dataset/game1/Clip7/0170.jpg,../Dataset/game1/Clip7/Label.csv,0170.jpg,1,750.0,181.0,0,train
game1,Clip7,../Dataset/game1/Clip7/0171.jpg,../Dataset/game1/Clip7/Label.csv,0171.jpg,2,753.0,171.0,0,train
game1,Clip7,../Dataset/game1/Clip7/0172.jpg,../Dataset/game1/Clip7/Label.csv,0172.jpg,1,757.0,161.0,0,train
game1,Clip7,../Dataset/game1/Clip7/0173.jpg,../Dataset/game1/Clip7/Label.csv,0173.jpg,1,757.0,153.0,0,train
game1,Clip7,../Dataset/game1/Clip7/0174.jpg,../Dataset/game1/Clip7/Label.csv,0174.jpg,1,760.0,147.0,0,train
game1,Clip7,../Dataset/game1/Clip7/0175.jpg,../Dataset/game1/Clip7/Label.csv,0175.jpg,1,765.0,141.0,0,train
game1,Clip7,../Dataset/game1/Clip7/0176.jpg,../Dataset/game1/Clip7/Label.csv,0176.jpg,1,767.0,135.0,0,train
game1,Clip7,../Dataset/game1/Clip7/0177.jpg,../Dataset/game1/Clip7/Label.csv,0177.jpg,1,769.0,131.0,0,train
game1,Clip7,../Dataset/game1/Clip7/0178.jpg,../Dataset/game1/Clip7/Label.csv,0178.jpg,1,772.0,129.0,0,train
game1,Clip7,../Dataset/game1/Clip7/0179.jpg,../Dataset/game1/Clip7/Label.csv,0179.jpg,1,775.0,128.0,0,train
game1,Clip7,../Dataset/game1/Clip7/0180.jpg,../Dataset/game1/Clip7/Label.csv,0180.jpg,1,772.0,127.0,1,train
game1,Clip7,../Dataset/game1/Clip7/0181.jpg,../Dataset/game1/Clip7/Label.csv,0181.jpg,1,764.0,129.0,0,train
game1,Clip7,../Dataset/game1/Clip7/0182.jpg,../Dataset/game1/Clip7/Label.csv,0182.jpg,2,749.0,135.0,0,train
game1,Clip7,../Dataset/game1/Clip7/0183.jpg,../Dataset/game1/Clip7/Label.csv,0183.jpg,1,732.0,143.0,0,train
game1,Clip7,../Dataset/game1/Clip7/0184.jpg,../Dataset/game1/Clip7/Label.csv,0184.jpg,2,722.0,148.0,0,train
game1,Clip7,../Dataset/game1/Clip7/0185.jpg,../Dataset/game1/Clip7/Label.csv,0185.jpg,2,711.0,155.0,0,train
game1,Clip7,../Dataset/game1/Clip7/0186.jpg,../Dataset/game1/Clip7/Label.csv,0186.jpg,1,698.0,164.0,0,train
game1,Clip7,../Dataset/game1/Clip7/0187.jpg,../Dataset/game1/Clip7/Label.csv,0187.jpg,2,687.0,174.0,0,train
game1,Clip7,../Dataset/game1/Clip7/0188.jpg,../Dataset/game1/Clip7/Label.csv,0188.jpg,1,675.0,184.0,0,train
game1,Clip7,../Dataset/game1/Clip7/0189.jpg,../Dataset/game1/Clip7/Label.csv,0189.jpg,1,663.0,197.0,0,train
game1,Clip7,../Dataset/game1/Clip7/0190.jpg,../Dataset/game1/Clip7/Label.csv,0190.jpg,1,652.0,210.0,0,train
game1,Clip7,../Dataset/game1/Clip7/0191.jpg,../Dataset/game1/Clip7/Label.csv,0191.jpg,2,638.0,224.0,0,train
game1,Clip7,../Dataset/game1/Clip7/0192.jpg,../Dataset/game1/Clip7/Label.csv,0192.jpg,1,628.0,243.0,0,train
game1,Clip7,../Dataset/game1/Clip7/0193.jpg,../Dataset/game1/Clip7/Label.csv,0193.jpg,1,618.0,260.0,0,train
game1,Clip7,../Dataset/game1/Clip7/0194.jpg,../Dataset/game1/Clip7/Label.csv,0194.jpg,2,603.0,282.0,0,train
game1,Clip7,../Dataset/game1/Clip7/0195.jpg,../Dataset/game1/Clip7/Label.csv,0195.jpg,1,589.0,306.0,0,train
game1,Clip7,../Dataset/game1/Clip7/0196.jpg,../Dataset/game1/Clip7/Label.csv,0196.jpg,1,575.0,327.0,0,train
game1,Clip7,../Dataset/game1/Clip7/0197.jpg,../Dataset/game1/Clip7/Label.csv,0197.jpg,1,561.0,356.0,0,train
game1,Clip7,../Dataset/game1/Clip7/0198.jpg,../Dataset/game1/Clip7/Label.csv,0198.jpg,1,546.0,382.0,0,train
game1,Clip7,../Dataset/game1/Clip7/0199.jpg,../Dataset/game1/Clip7/Label.csv,0199.jpg,1,529.0,417.0,0,train
game1,Clip7,../Dataset/game1/Clip7/0200.jpg,../Dataset/game1/Clip7/Label.csv,0200.jpg,1,516.0,447.0,0,train
game1,Clip7,../Dataset/game1/Clip7/0201.jpg,../Dataset/game1/Clip7/Label.csv,0201.jpg,3,500.0,481.0,0,train
game1,Clip7,../Dataset/game1/Clip7/0202.jpg,../Dataset/game1/Clip7/Label.csv,0202.jpg,3,483.0,492.0,2,train
game1,Clip7,../Dataset/game1/Clip7/0203.jpg,../Dataset/game1/Clip7/Label.csv,0203.jpg,3,459.0,504.0,0,train
game1,Clip7,../Dataset/game1/Clip7/0204.jpg,../Dataset/game1/Clip7/Label.csv,0204.jpg,1,464.0,492.0,0,train
game1,Clip7,../Dataset/game1/Clip7/0205.jpg,../Dataset/game1/Clip7/Label.csv,0205.jpg,1,448.0,498.0,1,train
game1,Clip7,../Dataset/game1/Clip7/0206.jpg,../Dataset/game1/Clip7/Label.csv,0206.jpg,3,465.0,462.0,1,train
game1,Clip7,../Dataset/game1/Clip7/0207.jpg,../Dataset/game1/Clip7/Label.csv,0207.jpg,2,491.0,423.0,0,train
game1,Clip7,../Dataset/game1/Clip7/0208.jpg,../Dataset/game1/Clip7/Label.csv,0208.jpg,2,517.0,388.0,0,train
game1,Clip7,../Dataset/game1/Clip7/0209.jpg,../Dataset/game1/Clip7/Label.csv,0209.jpg,1,540.0,353.0,0,train
game1,Clip7,../Dataset/game1/Clip7/0210.jpg,../Dataset/game1/Clip7/Label.csv,0210.jpg,1,561.0,327.0,0,train
game1,Clip7,../Dataset/game1/Clip7/0211.jpg,../Dataset/game1/Clip7/Label.csv,0211.jpg,1,580.0,306.0,0,train
game1,Clip7,../Dataset/game1/Clip7/0212.jpg,../Dataset/game1/Clip7/Label.csv,0212.jpg,2,596.0,283.0,0,train
game1,Clip7,../Dataset/game1/Clip7/0213.jpg,../Dataset/game1/Clip7/Label.csv,0213.jpg,1,612.0,268.0,0,train
game1,Clip7,../Dataset/game1/Clip7/0214.jpg,../Dataset/game1/Clip7/Label.csv,0214.jpg,1,625.0,254.0,0,train
game1,Clip7,../Dataset/game1/Clip7/0215.jpg,../Dataset/game1/Clip7/Label.csv,0215.jpg,2,639.0,244.0,0,train
game1,Clip7,../Dataset/game1/Clip7/0216.jpg,../Dataset/game1/Clip7/Label.csv,0216.jpg,1,652.0,233.0,0,train
game1,Clip7,../Dataset/game1/Clip7/0217.jpg,../Dataset/game1/Clip7/Label.csv,0217.jpg,1,662.0,229.0,0,train
game1,Clip7,../Dataset/game1/Clip7/0218.jpg,../Dataset/game1/Clip7/Label.csv,0218.jpg,1,671.0,221.0,0,train
game1,Clip7,../Dataset/game1/Clip7/0219.jpg,../Dataset/game1/Clip7/Label.csv,0219.jpg,1,682.0,217.0,0,train
game1,Clip7,../Dataset/game1/Clip7/0220.jpg,../Dataset/game1/Clip7/Label.csv,0220.jpg,1,692.0,214.0,0,train
game1,Clip7,../Dataset/game1/Clip7/0221.jpg,../Dataset/game1/Clip7/Label.csv,0221.jpg,1,699.0,210.0,0,train
game1,Clip7,../Dataset/game1/Clip7/0222.jpg,../Dataset/game1/Clip7/Label.csv,0222.jpg,1,708.0,208.0,0,train
game1,Clip7,../Dataset/game1/Clip7/0223.jpg,../Dataset/game1/Clip7/Label.csv,0223.jpg,1,714.0,212.0,0,train
game1,Clip7,../Dataset/game1/Clip7/0224.jpg,../Dataset/game1/Clip7/Label.csv,0224.jpg,1,722.0,210.0,0,train
game1,Clip7,../Dataset/game1/Clip7/0225.jpg,../Dataset/game1/Clip7/Label.csv,0225.jpg,1,730.0,212.0,2,train
game1,Clip7,../Dataset/game1/Clip7/0226.jpg,../Dataset/game1/Clip7/Label.csv,0226.jpg,1,736.0,205.0,0,train
game1,Clip7,../Dataset/game1/Clip7/0227.jpg,../Dataset/game1/Clip7/Label.csv,0227.jpg,1,741.0,194.0,0,train
game1,Clip7,../Dataset/game1/Clip7/0228.jpg,../Dataset/game1/Clip7/Label.csv,0228.jpg,1,747.0,184.0,0,train
game1,Clip7,../Dataset/game1/Clip7/0229.jpg,../Dataset/game1/Clip7/Label.csv,0229.jpg,2,749.0,174.0,0,train
game1,Clip7,../Dataset/game1/Clip7/0230.jpg,../Dataset/game1/Clip7/Label.csv,0230.jpg,1,753.0,167.0,0,train
game1,Clip7,../Dataset/game1/Clip7/0231.jpg,../Dataset/game1/Clip7/Label.csv,0231.jpg,1,757.0,160.0,0,train
game1,Clip7,../Dataset/game1/Clip7/0232.jpg,../Dataset/game1/Clip7/Label.csv,0232.jpg,1,763.0,154.0,0,train
game1,Clip7,../Dataset/game1/Clip7/0233.jpg,../Dataset/game1/Clip7/Label.csv,0233.jpg,1,764.0,149.0,0,train
game1,Clip7,../Dataset/game1/Clip7/0234.jpg,../Dataset/game1/Clip7/Label.csv,0234.jpg,1,770.0,144.0,0,train
game1,Clip7,../Dataset/game1/Clip7/0235.jpg,../Dataset/game1/Clip7/Label.csv,0235.jpg,1,775.0,141.0,0,train
game1,Clip7,../Dataset/game1/Clip7/0236.jpg,../Dataset/game1/Clip7/Label.csv,0236.jpg,1,778.0,139.0,0,train
game1,Clip7,../Dataset/game1/Clip7/0237.jpg,../Dataset/game1/Clip7/Label.csv,0237.jpg,2,777.0,138.0,0,train
game1,Clip7,../Dataset/game1/Clip7/0238.jpg,../Dataset/game1/Clip7/Label.csv,0238.jpg,1,764.0,140.0,0,train
game1,Clip7,../Dataset/game1/Clip7/0239.jpg,../Dataset/game1/Clip7/Label.csv,0239.jpg,2,750.0,144.0,0,train
game1,Clip7,../Dataset/game1/Clip7/0240.jpg,../Dataset/game1/Clip7/Label.csv,0240.jpg,2,738.0,148.0,0,train
game1,Clip7,../Dataset/game1/Clip7/0241.jpg,../Dataset/game1/Clip7/Label.csv,0241.jpg,2,729.0,151.0,0,train
game1,Clip7,../Dataset/game1/Clip7/0242.jpg,../Dataset/game1/Clip7/Label.csv,0242.jpg,1,714.0,158.0,0,train
game1,Clip7,../Dataset/game1/Clip7/0243.jpg,../Dataset/game1/Clip7/Label.csv,0243.jpg,1,701.0,167.0,0,train
game1,Clip7,../Dataset/game1/Clip7/0244.jpg,../Dataset/game1/Clip7/Label.csv,0244.jpg,2,689.0,175.0,0,train
game1,Clip7,../Dataset/game1/Clip7/0245.jpg,../Dataset/game1/Clip7/Label.csv,0245.jpg,1,675.0,188.0,0,train
game1,Clip7,../Dataset/game1/Clip7/0246.jpg,../Dataset/game1/Clip7/Label.csv,0246.jpg,1,663.0,197.0,0,train
game1,Clip7,../Dataset/game1/Clip7/0247.jpg,../Dataset/game1/Clip7/Label.csv,0247.jpg,1,649.0,210.0,0,train
game1,Clip7,../Dataset/game1/Clip7/0248.jpg,../Dataset/game1/Clip7/Label.csv,0248.jpg,1,632.0,226.0,0,train
game1,Clip7,../Dataset/game1/Clip7/0249.jpg,../Dataset/game1/Clip7/Label.csv,0249.jpg,1,619.0,244.0,0,train
game1,Clip7,../Dataset/game1/Clip7/0250.jpg,../Dataset/game1/Clip7/Label.csv,0250.jpg,1,606.0,261.0,0,train
game1,Clip7,../Dataset/game1/Clip7/0251.jpg,../Dataset/game1/Clip7/Label.csv,0251.jpg,2,591.0,281.0,0,train
game1,Clip7,../Dataset/game1/Clip7/0252.jpg,../Dataset/game1/Clip7/Label.csv,0252.jpg,1,574.0,302.0,0,train
game1,Clip7,../Dataset/game1/Clip7/0253.jpg,../Dataset/game1/Clip7/Label.csv,0253.jpg,1,558.0,327.0,0,train
game1,Clip7,../Dataset/game1/Clip7/0254.jpg,../Dataset/game1/Clip7/Label.csv,0254.jpg,1,541.0,354.0,0,train
game1,Clip7,../Dataset/game1/Clip7/0255.jpg,../Dataset/game1/Clip7/Label.csv,0255.jpg,1,526.0,381.0,0,train
game1,Clip7,../Dataset/game1/Clip7/0256.jpg,../Dataset/game1/Clip7/Label.csv,0256.jpg,2,511.0,403.0,2,train
game1,Clip7,../Dataset/game1/Clip7/0257.jpg,../Dataset/game1/Clip7/Label.csv,0257.jpg,2,498.0,400.0,0,train
game1,Clip7,../Dataset/game1/Clip7/0258.jpg,../Dataset/game1/Clip7/Label.csv,0258.jpg,2,487.0,400.0,0,train
game1,Clip7,../Dataset/game1/Clip7/0259.jpg,../Dataset/game1/Clip7/Label.csv,0259.jpg,2,470.0,403.0,0,train
game1,Clip7,../Dataset/game1/Clip7/0260.jpg,../Dataset/game1/Clip7/Label.csv,0260.jpg,2,457.0,402.0,0,train
game1,Clip7,../Dataset/game1/Clip7/0261.jpg,../Dataset/game1/Clip7/Label.csv,0261.jpg,1,442.0,405.0,0,train
game1,Clip7,../Dataset/game1/Clip7/0262.jpg,../Dataset/game1/Clip7/Label.csv,0262.jpg,1,429.0,412.0,0,train
game1,Clip7,../Dataset/game1/Clip7/0263.jpg,../Dataset/game1/Clip7/Label.csv,0263.jpg,1,412.0,419.0,0,train
game1,Clip7,../Dataset/game1/Clip7/0264.jpg,../Dataset/game1/Clip7/Label.csv,0264.jpg,1,398.0,428.0,0,train
game1,Clip7,../Dataset/game1/Clip7/0265.jpg,../Dataset/game1/Clip7/Label.csv,0265.jpg,1,378.0,441.0,0,train
game1,Clip7,../Dataset/game1/Clip7/0266.jpg,../Dataset/game1/Clip7/Label.csv,0266.jpg,3,369.0,449.0,0,train
game1,Clip7,../Dataset/game1/Clip7/0267.jpg,../Dataset/game1/Clip7/Label.csv,0267.jpg,1,346.0,464.0,0,train
game1,Clip7,../Dataset/game1/Clip7/0268.jpg,../Dataset/game1/Clip7/Label.csv,0268.jpg,3,359.0,446.0,1,train
game1,Clip7,../Dataset/game1/Clip7/0269.jpg,../Dataset/game1/Clip7/Label.csv,0269.jpg,2,397.0,410.0,1,train
game1,Clip7,../Dataset/game1/Clip7/0270.jpg,../Dataset/game1/Clip7/Label.csv,0270.jpg,1,434.0,367.0,0,train
game1,Clip7,../Dataset/game1/Clip7/0271.jpg,../Dataset/game1/Clip7/Label.csv,0271.jpg,1,470.0,333.0,0,train
game1,Clip7,../Dataset/game1/Clip7/0272.jpg,../Dataset/game1/Clip7/Label.csv,0272.jpg,1,500.0,306.0,0,train
game1,Clip7,../Dataset/game1/Clip7/0273.jpg,../Dataset/game1/Clip7/Label.csv,0273.jpg,1,547.0,260.0,0,train
game1,Clip7,../Dataset/game1/Clip7/0274.jpg,../Dataset/game1/Clip7/Label.csv,0274.jpg,2,569.0,244.0,0,train
game1,Clip7,../Dataset/game1/Clip7/0275.jpg,../Dataset/game1/Clip7/Label.csv,0275.jpg,1,590.0,231.0,0,train
game1,Clip7,../Dataset/game1/Clip7/0276.jpg,../Dataset/game1/Clip7/Label.csv,0276.jpg,2,606.0,219.0,0,train
game1,Clip7,../Dataset/game1/Clip7/0277.jpg,../Dataset/game1/Clip7/Label.csv,0277.jpg,1,622.0,210.0,0,train
game1,Clip7,../Dataset/game1/Clip7/0278.jpg,../Dataset/game1/Clip7/Label.csv,0278.jpg,1,638.0,202.0,0,train
game1,Clip7,../Dataset/game1/Clip7/0279.jpg,../Dataset/game1/Clip7/Label.csv,0279.jpg,1,649.0,197.0,0,train
game1,Clip7,../Dataset/game1/Clip7/0280.jpg,../Dataset/game1/Clip7/Label.csv,0280.jpg,1,662.0,193.0,0,train
game1,Clip7,../Dataset/game1/Clip7/0281.jpg,../Dataset/game1/Clip7/Label.csv,0281.jpg,1,673.0,190.0,0,train
game1,Clip7,../Dataset/game1/Clip7/0282.jpg,../Dataset/game1/Clip7/Label.csv,0282.jpg,1,684.0,188.0,0,train
game1,Clip7,../Dataset/game1/Clip7/0283.jpg,../Dataset/game1/Clip7/Label.csv,0283.jpg,1,692.0,188.0,0,train
game1,Clip7,../Dataset/game1/Clip7/0284.jpg,../Dataset/game1/Clip7/Label.csv,0284.jpg,1,701.0,190.0,0,train
game1,Clip7,../Dataset/game1/Clip7/0285.jpg,../Dataset/game1/Clip7/Label.csv,0285.jpg,1,709.0,190.0,0,train
game1,Clip7,../Dataset/game1/Clip7/0286.jpg,../Dataset/game1/Clip7/Label.csv,0286.jpg,1,719.0,190.0,0,train
game1,Clip7,../Dataset/game1/Clip7/0287.jpg,../Dataset/game1/Clip7/Label.csv,0287.jpg,1,722.0,190.0,2,train
game1,Clip7,../Dataset/game1/Clip7/0288.jpg,../Dataset/game1/Clip7/Label.csv,0288.jpg,2,731.0,174.0,0,train
game1,Clip7,../Dataset/game1/Clip7/0289.jpg,../Dataset/game1/Clip7/Label.csv,0289.jpg,2,735.0,163.0,0,train
game1,Clip7,../Dataset/game1/Clip7/0290.jpg,../Dataset/game1/Clip7/Label.csv,0290.jpg,2,737.0,152.0,0,train
game1,Clip7,../Dataset/game1/Clip7/0291.jpg,../Dataset/game1/Clip7/Label.csv,0291.jpg,1,743.0,147.0,0,train
game1,Clip7,../Dataset/game1/Clip7/0292.jpg,../Dataset/game1/Clip7/Label.csv,0292.jpg,1,747.0,138.0,0,train
game1,Clip7,../Dataset/game1/Clip7/0293.jpg,../Dataset/game1/Clip7/Label.csv,0293.jpg,1,752.0,131.0,1,train
game1,Clip7,../Dataset/game1/Clip7/0294.jpg,../Dataset/game1/Clip7/Label.csv,0294.jpg,1,753.0,126.0,1,train
game1,Clip7,../Dataset/game1/Clip7/0295.jpg,../Dataset/game1/Clip7/Label.csv,0295.jpg,1,749.0,129.0,0,train
game1,Clip7,../Dataset/game1/Clip7/0296.jpg,../Dataset/game1/Clip7/Label.csv,0296.jpg,1,747.0,132.0,0,train
game1,Clip7,../Dataset/game1/Clip7/0297.jpg,../Dataset/game1/Clip7/Label.csv,0297.jpg,1,744.0,136.0,0,train
game1,Clip7,../Dataset/game1/Clip7/0298.jpg,../Dataset/game1/Clip7/Label.csv,0298.jpg,1,742.0,141.0,0,train
game1,Clip7,../Dataset/game1/Clip7/0299.jpg,../Dataset/game1/Clip7/Label.csv,0299.jpg,2,737.0,150.0,0,train
game1,Clip7,../Dataset/game1/Clip7/0300.jpg,../Dataset/game1/Clip7/Label.csv,0300.jpg,2,735.0,156.0,0,train
game1,Clip7,../Dataset/game1/Clip7/0301.jpg,../Dataset/game1/Clip7/Label.csv,0301.jpg,1,731.0,165.0,0,train
game1,Clip7,../Dataset/game1/Clip7/0302.jpg,../Dataset/game1/Clip7/Label.csv,0302.jpg,2,726.0,174.0,0,train
game1,Clip7,../Dataset/game1/Clip7/0303.jpg,../Dataset/game1/Clip7/Label.csv,0303.jpg,1,725.0,188.0,0,train
game1,Clip7,../Dataset/game1/Clip7/0304.jpg,../Dataset/game1/Clip7/Label.csv,0304.jpg,1,723.0,197.0,0,train
game1,Clip7,../Dataset/game1/Clip7/0305.jpg,../Dataset/game1/Clip7/Label.csv,0305.jpg,1,720.0,211.0,0,train
game1,Clip7,../Dataset/game1/Clip7/0306.jpg,../Dataset/game1/Clip7/Label.csv,0306.jpg,1,717.0,228.0,0,train
game1,Clip7,../Dataset/game1/Clip7/0307.jpg,../Dataset/game1/Clip7/Label.csv,0307.jpg,2,714.0,243.0,0,train
game1,Clip7,../Dataset/game1/Clip7/0308.jpg,../Dataset/game1/Clip7/Label.csv,0308.jpg,1,712.0,264.0,0,train
game1,Clip7,../Dataset/game1/Clip7/0309.jpg,../Dataset/game1/Clip7/Label.csv,0309.jpg,2,711.0,281.0,0,train
game1,Clip7,../Dataset/game1/Clip7/0310.jpg,../Dataset/game1/Clip7/Label.csv,0310.jpg,1,707.0,306.0,0,train
game1,Clip7,../Dataset/game1/Clip7/0311.jpg,../Dataset/game1/Clip7/Label.csv,0311.jpg,1,706.0,327.0,0,train
game1,Clip7,../Dataset/game1/Clip7/0312.jpg,../Dataset/game1/Clip7/Label.csv,0312.jpg,1,701.0,352.0,0,train
game1,Clip7,../Dataset/game1/Clip7/0313.jpg,../Dataset/game1/Clip7/Label.csv,0313.jpg,1,702.0,372.0,2,train
game1,Clip7,../Dataset/game1/Clip7/0314.jpg,../Dataset/game1/Clip7/Label.csv,0314.jpg,1,698.0,370.0,0,train
game1,Clip7,../Dataset/game1/Clip7/0315.jpg,../Dataset/game1/Clip7/Label.csv,0315.jpg,1,695.0,370.0,0,train
game1,Clip7,../Dataset/game1/Clip7/0316.jpg,../Dataset/game1/Clip7/Label.csv,0316.jpg,1,692.0,370.0,0,train
game1,Clip7,../Dataset/game1/Clip7/0317.jpg,../Dataset/game1/Clip7/Label.csv,0317.jpg,1,690.0,371.0,0,train
game1,Clip7,../Dataset/game1/Clip7/0318.jpg,../Dataset/game1/Clip7/Label.csv,0318.jpg,1,688.0,376.0,0,train
game1,Clip7,../Dataset/game1/Clip7/0319.jpg,../Dataset/game1/Clip7/Label.csv,0319.jpg,1,685.0,381.0,0,train
game1,Clip7,../Dataset/game1/Clip7/0320.jpg,../Dataset/game1/Clip7/Label.csv,0320.jpg,1,683.0,385.0,0,train
game1,Clip7,../Dataset/game1/Clip7/0321.jpg,../Dataset/game1/Clip7/Label.csv,0321.jpg,1,678.0,391.0,0,train
game1,Clip7,../Dataset/game1/Clip7/0322.jpg,../Dataset/game1/Clip7/Label.csv,0322.jpg,2,675.0,400.0,0,train
game1,Clip7,../Dataset/game1/Clip7/0323.jpg,../Dataset/game1/Clip7/Label.csv,0323.jpg,1,673.0,411.0,0,train
game1,Clip7,../Dataset/game1/Clip7/0324.jpg,../Dataset/game1/Clip7/Label.csv,0324.jpg,1,672.0,422.0,0,train
game1,Clip7,../Dataset/game1/Clip7/0325.jpg,../Dataset/game1/Clip7/Label.csv,0325.jpg,1,665.0,438.0,0,train
game1,Clip7,../Dataset/game1/Clip7/0326.jpg,../Dataset/game1/Clip7/Label.csv,0326.jpg,1,664.0,453.0,0,train
game1,Clip7,../Dataset/game1/Clip7/0327.jpg,../Dataset/game1/Clip7/Label.csv,0327.jpg,1,663.0,469.0,0,train
game1,Clip7,../Dataset/game1/Clip7/0328.jpg,../Dataset/game1/Clip7/Label.csv,0328.jpg,1,659.0,480.0,0,train
game1,Clip7,../Dataset/game1/Clip7/0329.jpg,../Dataset/game1/Clip7/Label.csv,0329.jpg,1,684.0,421.0,0,train
game1,Clip7,../Dataset/game1/Clip7/0330.jpg,../Dataset/game1/Clip7/Label.csv,0330.jpg,1,699.0,376.0,0,train
game1,Clip7,../Dataset/game1/Clip7/0331.jpg,../Dataset/game1/Clip7/Label.csv,0331.jpg,1,713.0,341.0,0,train
game1,Clip7,../Dataset/game1/Clip7/0332.jpg,../Dataset/game1/Clip7/Label.csv,0332.jpg,1,726.0,315.0,0,train
game1,Clip7,../Dataset/game1/Clip7/0333.jpg,../Dataset/game1/Clip7/Label.csv,0333.jpg,1,740.0,286.0,0,train
game1,Clip7,../Dataset/game1/Clip7/0334.jpg,../Dataset/game1/Clip7/Label.csv,0334.jpg,1,750.0,269.0,0,train
game1,Clip7,../Dataset/game1/Clip7/0335.jpg,../Dataset/game1/Clip7/Label.csv,0335.jpg,1,757.0,255.0,0,train
game1,Clip7,../Dataset/game1/Clip7/0336.jpg,../Dataset/game1/Clip7/Label.csv,0336.jpg,2,765.0,241.0,0,train
game1,Clip7,../Dataset/game1/Clip7/0337.jpg,../Dataset/game1/Clip7/Label.csv,0337.jpg,1,772.0,231.0,0,train
game1,Clip7,../Dataset/game1/Clip7/0338.jpg,../Dataset/game1/Clip7/Label.csv,0338.jpg,2,778.0,224.0,0,train
game1,Clip7,../Dataset/game1/Clip7/0339.jpg,../Dataset/game1/Clip7/Label.csv,0339.jpg,2,783.0,218.0,0,train
game1,Clip7,../Dataset/game1/Clip7/0340.jpg,../Dataset/game1/Clip7/Label.csv,0340.jpg,1,790.0,217.0,0,train
game1,Clip7,../Dataset/game1/Clip7/0341.jpg,../Dataset/game1/Clip7/Label.csv,0341.jpg,1,794.0,211.0,0,train
game1,Clip7,../Dataset/game1/Clip7/0342.jpg,../Dataset/game1/Clip7/Label.csv,0342.jpg,1,799.0,211.0,0,train
game1,Clip7,../Dataset/game1/Clip7/0343.jpg,../Dataset/game1/Clip7/Label.csv,0343.jpg,1,803.0,211.0,2,train
game1,Clip7,../Dataset/game1/Clip7/0344.jpg,../Dataset/game1/Clip7/Label.csv,0344.jpg,1,806.0,205.0,0,train
game1,Clip7,../Dataset/game1/Clip7/0345.jpg,../Dataset/game1/Clip7/Label.csv,0345.jpg,1,806.0,190.0,0,train
game1,Clip7,../Dataset/game1/Clip7/0346.jpg,../Dataset/game1/Clip7/Label.csv,0346.jpg,2,812.0,179.0,0,train
game1,Clip7,../Dataset/game1/Clip7/0347.jpg,../Dataset/game1/Clip7/Label.csv,0347.jpg,2,812.0,168.0,0,train
game1,Clip7,../Dataset/game1/Clip7/0348.jpg,../Dataset/game1/Clip7/Label.csv,0348.jpg,1,814.0,162.0,0,train
game1,Clip7,../Dataset/game1/Clip7/0349.jpg,../Dataset/game1/Clip7/Label.csv,0349.jpg,1,817.0,149.0,0,train
game1,Clip7,../Dataset/game1/Clip7/0350.jpg,../Dataset/game1/Clip7/Label.csv,0350.jpg,1,817.0,143.0,0,train
game1,Clip7,../Dataset/game1/Clip7/0351.jpg,../Dataset/game1/Clip7/Label.csv,0351.jpg,1,819.0,138.0,0,train
game1,Clip7,../Dataset/game1/Clip7/0352.jpg,../Dataset/game1/Clip7/Label.csv,0352.jpg,1,821.0,135.0,0,train
game1,Clip7,../Dataset/game1/Clip7/0353.jpg,../Dataset/game1/Clip7/Label.csv,0353.jpg,1,822.0,131.0,0,train
game1,Clip7,../Dataset/game1/Clip7/0354.jpg,../Dataset/game1/Clip7/Label.csv,0354.jpg,1,822.0,129.0,0,train
game1,Clip7,../Dataset/game1/Clip7/0355.jpg,../Dataset/game1/Clip7/Label.csv,0355.jpg,1,824.0,128.0,0,train
game1,Clip7,../Dataset/game1/Clip7/0356.jpg,../Dataset/game1/Clip7/Label.csv,0356.jpg,1,825.0,128.0,0,train
game1,Clip7,../Dataset/game1/Clip7/0357.jpg,../Dataset/game1/Clip7/Label.csv,0357.jpg,1,826.0,127.0,0,train
game1,Clip7,../Dataset/game1/Clip7/0358.jpg,../Dataset/game1/Clip7/Label.csv,0358.jpg,1,827.0,128.0,2,train
game1,Clip7,../Dataset/game1/Clip7/0359.jpg,../Dataset/game1/Clip7/Label.csv,0359.jpg,1,827.0,112.0,0,train
game1,Clip7,../Dataset/game1/Clip7/0360.jpg,../Dataset/game1/Clip7/Label.csv,0360.jpg,1,829.0,91.0,0,train
game1,Clip7,../Dataset/game1/Clip7/0361.jpg,../Dataset/game1/Clip7/Label.csv,0361.jpg,1,830.0,69.0,0,train
game1,Clip7,../Dataset/game1/Clip7/0362.jpg,../Dataset/game1/Clip7/Label.csv,0362.jpg,2,833.0,37.0,0,train
game1,Clip7,../Dataset/game1/Clip7/0363.jpg,../Dataset/game1/Clip7/Label.csv,0363.jpg,1,833.0,17.0,0,train
game1,Clip7,../Dataset/game1/Clip7/0364.jpg,../Dataset/game1/Clip7/Label.csv,0364.jpg,1,834.0,2.0,0,train
game1,Clip7,../Dataset/game1/Clip7/0365.jpg,../Dataset/game1/Clip7/Label.csv,0365.jpg,0,-1.0,-1.0,0,train
game1,Clip7,../Dataset/game1/Clip7/0366.jpg,../Dataset/game1/Clip7/Label.csv,0366.jpg,0,-1.0,-1.0,0,train
game1,Clip7,../Dataset/game1/Clip7/0367.jpg,../Dataset/game1/Clip7/Label.csv,0367.jpg,0,-1.0,-1.0,0,train
game1,Clip7,../Dataset/game1/Clip7/0368.jpg,../Dataset/game1/Clip7/Label.csv,0368.jpg,0,-1.0,-1.0,0,train
game1,Clip7,../Dataset/game1/Clip7/0369.jpg,../Dataset/game1/Clip7/Label.csv,0369.jpg,0,-1.0,-1.0,0,train
game1,Clip7,../Dataset/game1/Clip7/0370.jpg,../Dataset/game1/Clip7/Label.csv,0370.jpg,0,-1.0,-1.0,0,train
game1,Clip7,../Dataset/game1/Clip7/0371.jpg,../Dataset/game1/Clip7/Label.csv,0371.jpg,0,-1.0,-1.0,0,train
game1,Clip7,../Dataset/game1/Clip7/0372.jpg,../Dataset/game1/Clip7/Label.csv,0372.jpg,0,-1.0,-1.0,0,train
game1,Clip7,../Dataset/game1/Clip7/0373.jpg,../Dataset/game1/Clip7/Label.csv,0373.jpg,0,-1.0,-1.0,0,train
game1,Clip7,../Dataset/game1/Clip7/0374.jpg,../Dataset/game1/Clip7/Label.csv,0374.jpg,0,-1.0,-1.0,0,train
game1,Clip7,../Dataset/game1/Clip7/0375.jpg,../Dataset/game1/Clip7/Label.csv,0375.jpg,0,-1.0,-1.0,0,train
game1,Clip7,../Dataset/game1/Clip7/0376.jpg,../Dataset/game1/Clip7/Label.csv,0376.jpg,0,-1.0,-1.0,0,train
game1,Clip7,../Dataset/game1/Clip7/0377.jpg,../Dataset/game1/Clip7/Label.csv,0377.jpg,0,-1.0,-1.0,0,train
game1,Clip7,../Dataset/game1/Clip7/0378.jpg,../Dataset/game1/Clip7/Label.csv,0378.jpg,0,-1.0,-1.0,0,train
game1,Clip7,../Dataset/game1/Clip7/0379.jpg,../Dataset/game1/Clip7/Label.csv,0379.jpg,0,-1.0,-1.0,0,train
game1,Clip7,../Dataset/game1/Clip7/0380.jpg,../Dataset/game1/Clip7/Label.csv,0380.jpg,0,-1.0,-1.0,0,train
game1,Clip7,../Dataset/game1/Clip7/0381.jpg,../Dataset/game1/Clip7/Label.csv,0381.jpg,0,-1.0,-1.0,0,train
game1,Clip7,../Dataset/game1/Clip7/0382.jpg,../Dataset/game1/Clip7/Label.csv,0382.jpg,0,-1.0,-1.0,0,train
game1,Clip7,../Dataset/game1/Clip7/0383.jpg,../Dataset/game1/Clip7/Label.csv,0383.jpg,0,-1.0,-1.0,0,train
game1,Clip7,../Dataset/game1/Clip7/0384.jpg,../Dataset/game1/Clip7/Label.csv,0384.jpg,0,-1.0,-1.0,0,train
game1,Clip7,../Dataset/game1/Clip7/0385.jpg,../Dataset/game1/Clip7/Label.csv,0385.jpg,0,-1.0,-1.0,0,train
game1,Clip7,../Dataset/game1/Clip7/0386.jpg,../Dataset/game1/Clip7/Label.csv,0386.jpg,0,-1.0,-1.0,0,train
game1,Clip7,../Dataset/game1/Clip7/0387.jpg,../Dataset/game1/Clip7/Label.csv,0387.jpg,0,-1.0,-1.0,0,train
game1,Clip7,../Dataset/game1/Clip7/0388.jpg,../Dataset/game1/Clip7/Label.csv,0388.jpg,0,-1.0,-1.0,0,train
game1,Clip7,../Dataset/game1/Clip7/0389.jpg,../Dataset/game1/Clip7/Label.csv,0389.jpg,0,-1.0,-1.0,0,train
game1,Clip7,../Dataset/game1/Clip7/0390.jpg,../Dataset/game1/Clip7/Label.csv,0390.jpg,0,-1.0,-1.0,0,train
game1,Clip7,../Dataset/game1/Clip7/0391.jpg,../Dataset/game1/Clip7/Label.csv,0391.jpg,0,-1.0,-1.0,0,train
game1,Clip7,../Dataset/game1/Clip7/0392.jpg,../Dataset/game1/Clip7/Label.csv,0392.jpg,0,-1.0,-1.0,0,train
game1,Clip7,../Dataset/game1/Clip7/0393.jpg,../Dataset/game1/Clip7/Label.csv,0393.jpg,0,-1.0,-1.0,0,train
game1,Clip7,../Dataset/game1/Clip7/0394.jpg,../Dataset/game1/Clip7/Label.csv,0394.jpg,0,-1.0,-1.0,0,train
game1,Clip7,../Dataset/game1/Clip7/0395.jpg,../Dataset/game1/Clip7/Label.csv,0395.jpg,0,-1.0,-1.0,0,train
game1,Clip7,../Dataset/game1/Clip7/0396.jpg,../Dataset/game1/Clip7/Label.csv,0396.jpg,0,-1.0,-1.0,0,train
game1,Clip7,../Dataset/game1/Clip7/0397.jpg,../Dataset/game1/Clip7/Label.csv,0397.jpg,0,-1.0,-1.0,0,train
game1,Clip7,../Dataset/game1/Clip7/0398.jpg,../Dataset/game1/Clip7/Label.csv,0398.jpg,0,-1.0,-1.0,0,train
game1,Clip7,../Dataset/game1/Clip7/0399.jpg,../Dataset/game1/Clip7/Label.csv,0399.jpg,0,-1.0,-1.0,0,train
game1,Clip7,../Dataset/game1/Clip7/0400.jpg,../Dataset/game1/Clip7/Label.csv,0400.jpg,0,-1.0,-1.0,0,train
game1,Clip7,../Dataset/game1/Clip7/0401.jpg,../Dataset/game1/Clip7/Label.csv,0401.jpg,0,-1.0,-1.0,0,train
game1,Clip7,../Dataset/game1/Clip7/0402.jpg,../Dataset/game1/Clip7/Label.csv,0402.jpg,0,-1.0,-1.0,0,train
game1,Clip7,../Dataset/game1/Clip7/0403.jpg,../Dataset/game1/Clip7/Label.csv,0403.jpg,0,-1.0,-1.0,0,train
game1,Clip7,../Dataset/game1/Clip7/0404.jpg,../Dataset/game1/Clip7/Label.csv,0404.jpg,0,-1.0,-1.0,0,train
game1,Clip7,../Dataset/game1/Clip7/0405.jpg,../Dataset/game1/Clip7/Label.csv,0405.jpg,0,-1.0,-1.0,0,train
game1,Clip7,../Dataset/game1/Clip7/0406.jpg,../Dataset/game1/Clip7/Label.csv,0406.jpg,0,-1.0,-1.0,0,train
game1,Clip7,../Dataset/game1/Clip7/0407.jpg,../Dataset/game1/Clip7/Label.csv,0407.jpg,0,-1.0,-1.0,0,train
game1,Clip7,../Dataset/game1/Clip7/0408.jpg,../Dataset/game1/Clip7/Label.csv,0408.jpg,0,-1.0,-1.0,0,train
game1,Clip7,../Dataset/game1/Clip7/0409.jpg,../Dataset/game1/Clip7/Label.csv,0409.jpg,0,-1.0,-1.0,0,train
game1,Clip7,../Dataset/game1/Clip7/0410.jpg,../Dataset/game1/Clip7/Label.csv,0410.jpg,0,-1.0,-1.0,0,train
game1,Clip7,../Dataset/game1/Clip7/0411.jpg,../Dataset/game1/Clip7/Label.csv,0411.jpg,0,-1.0,-1.0,0,train
game1,Clip7,../Dataset/game1/Clip7/0412.jpg,../Dataset/game1/Clip7/Label.csv,0412.jpg,0,-1.0,-1.0,0,train
game1,Clip7,../Dataset/game1/Clip7/0413.jpg,../Dataset/game1/Clip7/Label.csv,0413.jpg,0,-1.0,-1.0,0,train
game1,Clip7,../Dataset/game1/Clip7/0414.jpg,../Dataset/game1/Clip7/Label.csv,0414.jpg,0,-1.0,-1.0,0,train
game1,Clip7,../Dataset/game1/Clip7/0415.jpg,../Dataset/game1/Clip7/Label.csv,0415.jpg,1,872.0,21.0,0,train
game1,Clip7,../Dataset/game1/Clip7/0416.jpg,../Dataset/game1/Clip7/Label.csv,0416.jpg,1,873.0,46.0,0,train
game1,Clip7,../Dataset/game1/Clip7/0417.jpg,../Dataset/game1/Clip7/Label.csv,0417.jpg,2,872.0,69.0,0,train
game1,Clip7,../Dataset/game1/Clip7/0418.jpg,../Dataset/game1/Clip7/Label.csv,0418.jpg,1,874.0,97.0,0,train
game1,Clip7,../Dataset/game1/Clip7/0419.jpg,../Dataset/game1/Clip7/Label.csv,0419.jpg,1,874.0,124.0,0,train
game1,Clip7,../Dataset/game1/Clip7/0420.jpg,../Dataset/game1/Clip7/Label.csv,0420.jpg,1,873.0,154.0,0,train
game1,Clip7,../Dataset/game1/Clip7/0421.jpg,../Dataset/game1/Clip7/Label.csv,0421.jpg,2,874.0,188.0,0,train
game1,Clip7,../Dataset/game1/Clip7/0422.jpg,../Dataset/game1/Clip7/Label.csv,0422.jpg,1,874.0,210.0,0,train
game1,Clip7,../Dataset/game1/Clip7/0423.jpg,../Dataset/game1/Clip7/Label.csv,0423.jpg,1,863.0,220.0,1,train
game1,Clip7,../Dataset/game1/Clip7/0424.jpg,../Dataset/game1/Clip7/Label.csv,0424.jpg,1,845.0,212.0,0,train
game1,Clip7,../Dataset/game1/Clip7/0425.jpg,../Dataset/game1/Clip7/Label.csv,0425.jpg,1,828.0,208.0,0,train
game1,Clip7,../Dataset/game1/Clip7/0426.jpg,../Dataset/game1/Clip7/Label.csv,0426.jpg,2,817.0,205.0,0,train
game1,Clip7,../Dataset/game1/Clip7/0427.jpg,../Dataset/game1/Clip7/Label.csv,0427.jpg,1,806.0,202.0,0,train
game1,Clip7,../Dataset/game1/Clip7/0428.jpg,../Dataset/game1/Clip7/Label.csv,0428.jpg,1,798.0,200.0,0,train
game1,Clip7,../Dataset/game1/Clip7/0429.jpg,../Dataset/game1/Clip7/Label.csv,0429.jpg,1,790.0,202.0,0,train
game1,Clip7,../Dataset/game1/Clip7/0430.jpg,../Dataset/game1/Clip7/Label.csv,0430.jpg,1,779.0,200.0,0,train
game1,Clip7,../Dataset/game1/Clip7/0431.jpg,../Dataset/game1/Clip7/Label.csv,0431.jpg,1,773.0,200.0,2,train
game1,Clip7,../Dataset/game1/Clip7/0432.jpg,../Dataset/game1/Clip7/Label.csv,0432.jpg,1,767.0,179.0,0,train
game1,Clip7,../Dataset/game1/Clip7/0433.jpg,../Dataset/game1/Clip7/Label.csv,0433.jpg,1,763.0,163.0,0,train
game1,Clip7,../Dataset/game1/Clip7/0434.jpg,../Dataset/game1/Clip7/Label.csv,0434.jpg,1,758.0,147.0,0,train
game1,Clip7,../Dataset/game1/Clip7/0435.jpg,../Dataset/game1/Clip7/Label.csv,0435.jpg,1,755.0,137.0,0,train
game1,Clip7,../Dataset/game1/Clip7/0436.jpg,../Dataset/game1/Clip7/Label.csv,0436.jpg,1,752.0,125.0,0,train
game1,Clip7,../Dataset/game1/Clip7/0437.jpg,../Dataset/game1/Clip7/Label.csv,0437.jpg,1,745.0,116.0,0,train
game1,Clip7,../Dataset/game1/Clip7/0438.jpg,../Dataset/game1/Clip7/Label.csv,0438.jpg,2,742.0,107.0,0,train
game1,Clip7,../Dataset/game1/Clip7/0439.jpg,../Dataset/game1/Clip7/Label.csv,0439.jpg,1,737.0,101.0,0,train
game1,Clip7,../Dataset/game1/Clip7/0440.jpg,../Dataset/game1/Clip7/Label.csv,0440.jpg,2,733.0,95.0,0,train
game1,Clip7,../Dataset/game1/Clip7/0441.jpg,../Dataset/game1/Clip7/Label.csv,0441.jpg,2,731.0,91.0,0,train
game1,Clip7,../Dataset/game1/Clip7/0442.jpg,../Dataset/game1/Clip7/Label.csv,0442.jpg,1,727.0,90.0,0,train
game1,Clip7,../Dataset/game1/Clip7/0443.jpg,../Dataset/game1/Clip7/Label.csv,0443.jpg,2,721.0,87.0,0,train
game1,Clip7,../Dataset/game1/Clip7/0444.jpg,../Dataset/game1/Clip7/Label.csv,0444.jpg,2,720.0,83.0,0,train
game1,Clip7,../Dataset/game1/Clip7/0445.jpg,../Dataset/game1/Clip7/Label.csv,0445.jpg,2,717.0,87.0,0,train
game1,Clip7,../Dataset/game1/Clip7/0446.jpg,../Dataset/game1/Clip7/Label.csv,0446.jpg,2,714.0,89.0,0,train
game1,Clip7,../Dataset/game1/Clip7/0447.jpg,../Dataset/game1/Clip7/Label.csv,0447.jpg,2,715.0,87.0,0,train
game1,Clip7,../Dataset/game1/Clip7/0448.jpg,../Dataset/game1/Clip7/Label.csv,0448.jpg,2,714.0,90.0,0,train
game1,Clip7,../Dataset/game1/Clip7/0449.jpg,../Dataset/game1/Clip7/Label.csv,0449.jpg,1,715.0,91.0,0,train
game1,Clip7,../Dataset/game1/Clip7/0450.jpg,../Dataset/game1/Clip7/Label.csv,0450.jpg,2,717.0,90.0,0,train
game1,Clip7,../Dataset/game1/Clip7/0451.jpg,../Dataset/game1/Clip7/Label.csv,0451.jpg,2,718.0,94.0,0,train
game1,Clip3,../Dataset/game1/Clip3/0000.jpg,../Dataset/game1/Clip3/Label.csv,0000.jpg,1,589.0,462.0,0,train
game1,Clip3,../Dataset/game1/Clip3/0001.jpg,../Dataset/game1/Clip3/Label.csv,0001.jpg,1,592.0,455.0,0,train
game1,Clip3,../Dataset/game1/Clip3/0002.jpg,../Dataset/game1/Clip3/Label.csv,0002.jpg,1,595.0,445.0,0,train
game1,Clip3,../Dataset/game1/Clip3/0003.jpg,../Dataset/game1/Clip3/Label.csv,0003.jpg,1,597.0,429.0,0,train
game1,Clip3,../Dataset/game1/Clip3/0004.jpg,../Dataset/game1/Clip3/Label.csv,0004.jpg,1,598.0,414.0,0,train
game1,Clip3,../Dataset/game1/Clip3/0005.jpg,../Dataset/game1/Clip3/Label.csv,0005.jpg,1,598.0,394.0,0,train
game1,Clip3,../Dataset/game1/Clip3/0006.jpg,../Dataset/game1/Clip3/Label.csv,0006.jpg,1,598.0,376.0,0,train
game1,Clip3,../Dataset/game1/Clip3/0007.jpg,../Dataset/game1/Clip3/Label.csv,0007.jpg,1,596.0,360.0,0,train
game1,Clip3,../Dataset/game1/Clip3/0008.jpg,../Dataset/game1/Clip3/Label.csv,0008.jpg,1,596.0,345.0,0,train
game1,Clip3,../Dataset/game1/Clip3/0009.jpg,../Dataset/game1/Clip3/Label.csv,0009.jpg,1,595.0,332.0,0,train
game1,Clip3,../Dataset/game1/Clip3/0010.jpg,../Dataset/game1/Clip3/Label.csv,0010.jpg,1,594.0,319.0,0,train
game1,Clip3,../Dataset/game1/Clip3/0011.jpg,../Dataset/game1/Clip3/Label.csv,0011.jpg,1,594.0,307.0,0,train
game1,Clip3,../Dataset/game1/Clip3/0012.jpg,../Dataset/game1/Clip3/Label.csv,0012.jpg,1,593.0,299.0,0,train
game1,Clip3,../Dataset/game1/Clip3/0013.jpg,../Dataset/game1/Clip3/Label.csv,0013.jpg,1,593.0,290.0,0,train
game1,Clip3,../Dataset/game1/Clip3/0014.jpg,../Dataset/game1/Clip3/Label.csv,0014.jpg,1,593.0,281.0,0,train
game1,Clip3,../Dataset/game1/Clip3/0015.jpg,../Dataset/game1/Clip3/Label.csv,0015.jpg,1,592.0,275.0,0,train
game1,Clip3,../Dataset/game1/Clip3/0016.jpg,../Dataset/game1/Clip3/Label.csv,0016.jpg,1,591.0,269.0,0,train
game1,Clip3,../Dataset/game1/Clip3/0017.jpg,../Dataset/game1/Clip3/Label.csv,0017.jpg,1,589.0,266.0,0,train
game1,Clip3,../Dataset/game1/Clip3/0018.jpg,../Dataset/game1/Clip3/Label.csv,0018.jpg,1,589.0,264.0,0,train
game1,Clip3,../Dataset/game1/Clip3/0019.jpg,../Dataset/game1/Clip3/Label.csv,0019.jpg,1,587.0,261.0,0,train
game1,Clip3,../Dataset/game1/Clip3/0020.jpg,../Dataset/game1/Clip3/Label.csv,0020.jpg,1,587.0,261.0,0,train
game1,Clip3,../Dataset/game1/Clip3/0021.jpg,../Dataset/game1/Clip3/Label.csv,0021.jpg,1,587.0,263.0,0,train
game1,Clip3,../Dataset/game1/Clip3/0022.jpg,../Dataset/game1/Clip3/Label.csv,0022.jpg,1,585.0,266.0,0,train
game1,Clip3,../Dataset/game1/Clip3/0023.jpg,../Dataset/game1/Clip3/Label.csv,0023.jpg,1,585.0,269.0,0,train
game1,Clip3,../Dataset/game1/Clip3/0024.jpg,../Dataset/game1/Clip3/Label.csv,0024.jpg,1,584.0,275.0,0,train
game1,Clip3,../Dataset/game1/Clip3/0025.jpg,../Dataset/game1/Clip3/Label.csv,0025.jpg,1,584.0,281.0,0,train
game1,Clip3,../Dataset/game1/Clip3/0026.jpg,../Dataset/game1/Clip3/Label.csv,0026.jpg,1,583.0,287.0,0,train
game1,Clip3,../Dataset/game1/Clip3/0027.jpg,../Dataset/game1/Clip3/Label.csv,0027.jpg,1,582.0,295.0,0,train
game1,Clip3,../Dataset/game1/Clip3/0028.jpg,../Dataset/game1/Clip3/Label.csv,0028.jpg,2,614.0,287.0,1,train
game1,Clip3,../Dataset/game1/Clip3/0029.jpg,../Dataset/game1/Clip3/Label.csv,0029.jpg,1,662.0,269.0,0,train
game1,Clip3,../Dataset/game1/Clip3/0030.jpg,../Dataset/game1/Clip3/Label.csv,0030.jpg,1,694.0,257.0,0,train
game1,Clip3,../Dataset/game1/Clip3/0031.jpg,../Dataset/game1/Clip3/Label.csv,0031.jpg,2,721.0,248.0,0,train
game1,Clip3,../Dataset/game1/Clip3/0032.jpg,../Dataset/game1/Clip3/Label.csv,0032.jpg,2,748.0,241.0,0,train
game1,Clip3,../Dataset/game1/Clip3/0033.jpg,../Dataset/game1/Clip3/Label.csv,0033.jpg,1,770.0,235.0,0,train
game1,Clip3,../Dataset/game1/Clip3/0034.jpg,../Dataset/game1/Clip3/Label.csv,0034.jpg,1,788.0,232.0,0,train
game1,Clip3,../Dataset/game1/Clip3/0035.jpg,../Dataset/game1/Clip3/Label.csv,0035.jpg,1,803.0,231.0,0,train
game1,Clip3,../Dataset/game1/Clip3/0036.jpg,../Dataset/game1/Clip3/Label.csv,0036.jpg,1,816.0,230.0,0,train
game1,Clip3,../Dataset/game1/Clip3/0037.jpg,../Dataset/game1/Clip3/Label.csv,0037.jpg,1,824.0,224.0,2,train
game1,Clip3,../Dataset/game1/Clip3/0038.jpg,../Dataset/game1/Clip3/Label.csv,0038.jpg,1,836.0,194.0,0,train
game1,Clip3,../Dataset/game1/Clip3/0039.jpg,../Dataset/game1/Clip3/Label.csv,0039.jpg,1,842.0,178.0,0,train
game1,Clip3,../Dataset/game1/Clip3/0040.jpg,../Dataset/game1/Clip3/Label.csv,0040.jpg,1,850.0,161.0,0,train
game1,Clip3,../Dataset/game1/Clip3/0041.jpg,../Dataset/game1/Clip3/Label.csv,0041.jpg,1,858.0,148.0,0,train
game1,Clip3,../Dataset/game1/Clip3/0042.jpg,../Dataset/game1/Clip3/Label.csv,0042.jpg,1,863.0,133.0,0,train
game1,Clip3,../Dataset/game1/Clip3/0043.jpg,../Dataset/game1/Clip3/Label.csv,0043.jpg,1,866.0,125.0,0,train
game1,Clip3,../Dataset/game1/Clip3/0044.jpg,../Dataset/game1/Clip3/Label.csv,0044.jpg,1,872.0,116.0,0,train
game1,Clip3,../Dataset/game1/Clip3/0045.jpg,../Dataset/game1/Clip3/Label.csv,0045.jpg,1,876.0,107.0,0,train
game1,Clip3,../Dataset/game1/Clip3/0046.jpg,../Dataset/game1/Clip3/Label.csv,0046.jpg,1,880.0,102.0,0,train
game1,Clip3,../Dataset/game1/Clip3/0047.jpg,../Dataset/game1/Clip3/Label.csv,0047.jpg,1,884.0,96.0,0,train
game1,Clip3,../Dataset/game1/Clip3/0048.jpg,../Dataset/game1/Clip3/Label.csv,0048.jpg,1,887.0,93.0,0,train
game1,Clip3,../Dataset/game1/Clip3/0049.jpg,../Dataset/game1/Clip3/Label.csv,0049.jpg,1,889.0,90.0,0,train
game1,Clip3,../Dataset/game1/Clip3/0050.jpg,../Dataset/game1/Clip3/Label.csv,0050.jpg,1,893.0,87.0,0,train
game1,Clip3,../Dataset/game1/Clip3/0051.jpg,../Dataset/game1/Clip3/Label.csv,0051.jpg,1,895.0,89.0,0,train
game1,Clip3,../Dataset/game1/Clip3/0052.jpg,../Dataset/game1/Clip3/Label.csv,0052.jpg,1,896.0,89.0,0,train
game1,Clip3,../Dataset/game1/Clip3/0053.jpg,../Dataset/game1/Clip3/Label.csv,0053.jpg,1,898.0,87.0,0,train
game1,Clip3,../Dataset/game1/Clip3/0054.jpg,../Dataset/game1/Clip3/Label.csv,0054.jpg,1,903.0,91.0,0,train
game1,Clip3,../Dataset/game1/Clip3/0055.jpg,../Dataset/game1/Clip3/Label.csv,0055.jpg,1,907.0,93.0,0,train
game1,Clip3,../Dataset/game1/Clip3/0056.jpg,../Dataset/game1/Clip3/Label.csv,0056.jpg,1,911.0,95.0,0,train
game1,Clip3,../Dataset/game1/Clip3/0057.jpg,../Dataset/game1/Clip3/Label.csv,0057.jpg,1,921.0,100.0,0,train
game1,Clip3,../Dataset/game1/Clip3/0058.jpg,../Dataset/game1/Clip3/Label.csv,0058.jpg,1,927.0,102.0,0,train
game1,Clip3,../Dataset/game1/Clip3/0059.jpg,../Dataset/game1/Clip3/Label.csv,0059.jpg,2,930.0,107.0,0,train
game1,Clip3,../Dataset/game1/Clip3/0060.jpg,../Dataset/game1/Clip3/Label.csv,0060.jpg,2,938.0,113.0,0,train
game1,Clip3,../Dataset/game1/Clip3/0061.jpg,../Dataset/game1/Clip3/Label.csv,0061.jpg,1,945.0,117.0,0,train
game1,Clip3,../Dataset/game1/Clip3/0062.jpg,../Dataset/game1/Clip3/Label.csv,0062.jpg,1,950.0,123.0,0,train
game1,Clip10,../Dataset/game1/Clip10/0000.jpg,../Dataset/game1/Clip10/Label.csv,0000.jpg,1,576.0,130.0,0,train
game1,Clip10,../Dataset/game1/Clip10/0001.jpg,../Dataset/game1/Clip10/Label.csv,0001.jpg,2,574.0,117.0,0,train
game1,Clip10,../Dataset/game1/Clip10/0002.jpg,../Dataset/game1/Clip10/Label.csv,0002.jpg,1,573.0,110.0,0,train
game1,Clip10,../Dataset/game1/Clip10/0003.jpg,../Dataset/game1/Clip10/Label.csv,0003.jpg,1,573.0,101.0,0,train
game1,Clip10,../Dataset/game1/Clip10/0004.jpg,../Dataset/game1/Clip10/Label.csv,0004.jpg,2,575.0,91.0,0,train
game1,Clip10,../Dataset/game1/Clip10/0005.jpg,../Dataset/game1/Clip10/Label.csv,0005.jpg,2,576.0,82.0,0,train
game1,Clip10,../Dataset/game1/Clip10/0006.jpg,../Dataset/game1/Clip10/Label.csv,0006.jpg,1,578.0,74.0,0,train
game1,Clip10,../Dataset/game1/Clip10/0007.jpg,../Dataset/game1/Clip10/Label.csv,0007.jpg,1,580.0,66.0,0,train
game1,Clip10,../Dataset/game1/Clip10/0008.jpg,../Dataset/game1/Clip10/Label.csv,0008.jpg,1,580.0,59.0,0,train
game1,Clip10,../Dataset/game1/Clip10/0009.jpg,../Dataset/game1/Clip10/Label.csv,0009.jpg,1,582.0,54.0,0,train
game1,Clip10,../Dataset/game1/Clip10/0010.jpg,../Dataset/game1/Clip10/Label.csv,0010.jpg,1,584.0,49.0,0,train
game1,Clip10,../Dataset/game1/Clip10/0011.jpg,../Dataset/game1/Clip10/Label.csv,0011.jpg,1,585.0,44.0,0,train
game1,Clip10,../Dataset/game1/Clip10/0012.jpg,../Dataset/game1/Clip10/Label.csv,0012.jpg,1,585.0,42.0,0,train
game1,Clip10,../Dataset/game1/Clip10/0013.jpg,../Dataset/game1/Clip10/Label.csv,0013.jpg,1,587.0,36.0,0,train
game1,Clip10,../Dataset/game1/Clip10/0014.jpg,../Dataset/game1/Clip10/Label.csv,0014.jpg,2,589.0,33.0,0,train
game1,Clip10,../Dataset/game1/Clip10/0015.jpg,../Dataset/game1/Clip10/Label.csv,0015.jpg,2,590.0,33.0,0,train
game1,Clip10,../Dataset/game1/Clip10/0016.jpg,../Dataset/game1/Clip10/Label.csv,0016.jpg,2,593.0,33.0,0,train
game1,Clip10,../Dataset/game1/Clip10/0017.jpg,../Dataset/game1/Clip10/Label.csv,0017.jpg,2,593.0,34.0,0,train
game1,Clip10,../Dataset/game1/Clip10/0018.jpg,../Dataset/game1/Clip10/Label.csv,0018.jpg,2,595.0,32.0,0,train
game1,Clip10,../Dataset/game1/Clip10/0019.jpg,../Dataset/game1/Clip10/Label.csv,0019.jpg,2,596.0,33.0,0,train
game1,Clip10,../Dataset/game1/Clip10/0020.jpg,../Dataset/game1/Clip10/Label.csv,0020.jpg,2,597.0,33.0,0,train
game1,Clip10,../Dataset/game1/Clip10/0021.jpg,../Dataset/game1/Clip10/Label.csv,0021.jpg,2,598.0,35.0,0,train
game1,Clip10,../Dataset/game1/Clip10/0022.jpg,../Dataset/game1/Clip10/Label.csv,0022.jpg,2,598.0,38.0,0,train
game1,Clip10,../Dataset/game1/Clip10/0023.jpg,../Dataset/game1/Clip10/Label.csv,0023.jpg,1,602.0,40.0,0,train
game1,Clip10,../Dataset/game1/Clip10/0024.jpg,../Dataset/game1/Clip10/Label.csv,0024.jpg,1,603.0,46.0,0,train
game1,Clip10,../Dataset/game1/Clip10/0025.jpg,../Dataset/game1/Clip10/Label.csv,0025.jpg,1,605.0,50.0,0,train
game1,Clip10,../Dataset/game1/Clip10/0026.jpg,../Dataset/game1/Clip10/Label.csv,0026.jpg,1,606.0,56.0,0,train
game1,Clip10,../Dataset/game1/Clip10/0027.jpg,../Dataset/game1/Clip10/Label.csv,0027.jpg,1,607.0,66.0,1,train
game1,Clip10,../Dataset/game1/Clip10/0028.jpg,../Dataset/game1/Clip10/Label.csv,0028.jpg,1,610.0,94.0,0,train
game1,Clip10,../Dataset/game1/Clip10/0029.jpg,../Dataset/game1/Clip10/Label.csv,0029.jpg,1,614.0,120.0,0,train
game1,Clip10,../Dataset/game1/Clip10/0030.jpg,../Dataset/game1/Clip10/Label.csv,0030.jpg,2,617.0,145.0,0,train
game1,Clip10,../Dataset/game1/Clip10/0031.jpg,../Dataset/game1/Clip10/Label.csv,0031.jpg,2,621.0,181.0,0,train
game1,Clip10,../Dataset/game1/Clip10/0032.jpg,../Dataset/game1/Clip10/Label.csv,0032.jpg,1,626.0,213.0,0,train
game1,Clip10,../Dataset/game1/Clip10/0033.jpg,../Dataset/game1/Clip10/Label.csv,0033.jpg,2,633.0,253.0,0,train
game1,Clip10,../Dataset/game1/Clip10/0034.jpg,../Dataset/game1/Clip10/Label.csv,0034.jpg,2,638.0,295.0,0,train
game1,Clip10,../Dataset/game1/Clip10/0035.jpg,../Dataset/game1/Clip10/Label.csv,0035.jpg,2,642.0,340.0,0,train
game1,Clip10,../Dataset/game1/Clip10/0036.jpg,../Dataset/game1/Clip10/Label.csv,0036.jpg,1,650.0,384.0,0,train
game1,Clip10,../Dataset/game1/Clip10/0037.jpg,../Dataset/game1/Clip10/Label.csv,0037.jpg,1,654.0,393.0,2,train
game1,Clip10,../Dataset/game1/Clip10/0038.jpg,../Dataset/game1/Clip10/Label.csv,0038.jpg,2,660.0,400.0,0,train
game1,Clip10,../Dataset/game1/Clip10/0039.jpg,../Dataset/game1/Clip10/Label.csv,0039.jpg,1,666.0,412.0,0,train
game1,Clip10,../Dataset/game1/Clip10/0040.jpg,../Dataset/game1/Clip10/Label.csv,0040.jpg,1,674.0,427.0,0,train
game1,Clip10,../Dataset/game1/Clip10/0041.jpg,../Dataset/game1/Clip10/Label.csv,0041.jpg,1,682.0,445.0,0,train
game1,Clip10,../Dataset/game1/Clip10/0042.jpg,../Dataset/game1/Clip10/Label.csv,0042.jpg,1,690.0,465.0,0,train
game1,Clip10,../Dataset/game1/Clip10/0043.jpg,../Dataset/game1/Clip10/Label.csv,0043.jpg,1,699.0,484.0,1,train
game1,Clip10,../Dataset/game1/Clip10/0044.jpg,../Dataset/game1/Clip10/Label.csv,0044.jpg,1,700.0,447.0,0,train
game1,Clip10,../Dataset/game1/Clip10/0045.jpg,../Dataset/game1/Clip10/Label.csv,0045.jpg,1,701.0,414.0,0,train
game1,Clip10,../Dataset/game1/Clip10/0046.jpg,../Dataset/game1/Clip10/Label.csv,0046.jpg,1,702.0,381.0,0,train
game1,Clip10,../Dataset/game1/Clip10/0047.jpg,../Dataset/game1/Clip10/Label.csv,0047.jpg,1,701.0,352.0,0,train
game1,Clip10,../Dataset/game1/Clip10/0048.jpg,../Dataset/game1/Clip10/Label.csv,0048.jpg,1,702.0,327.0,0,train
game1,Clip10,../Dataset/game1/Clip10/0049.jpg,../Dataset/game1/Clip10/Label.csv,0049.jpg,1,703.0,304.0,0,train
game1,Clip10,../Dataset/game1/Clip10/0050.jpg,../Dataset/game1/Clip10/Label.csv,0050.jpg,2,705.0,286.0,0,train
game1,Clip10,../Dataset/game1/Clip10/0051.jpg,../Dataset/game1/Clip10/Label.csv,0051.jpg,1,706.0,265.0,0,train
game1,Clip10,../Dataset/game1/Clip10/0052.jpg,../Dataset/game1/Clip10/Label.csv,0052.jpg,1,707.0,252.0,0,train
game1,Clip10,../Dataset/game1/Clip10/0053.jpg,../Dataset/game1/Clip10/Label.csv,0053.jpg,1,708.0,234.0,0,train
game1,Clip10,../Dataset/game1/Clip10/0054.jpg,../Dataset/game1/Clip10/Label.csv,0054.jpg,2,708.0,222.0,0,train
game1,Clip10,../Dataset/game1/Clip10/0055.jpg,../Dataset/game1/Clip10/Label.csv,0055.jpg,1,709.0,210.0,0,train
game1,Clip10,../Dataset/game1/Clip10/0056.jpg,../Dataset/game1/Clip10/Label.csv,0056.jpg,1,710.0,200.0,0,train
game1,Clip10,../Dataset/game1/Clip10/0057.jpg,../Dataset/game1/Clip10/Label.csv,0057.jpg,1,712.0,190.0,0,train
game1,Clip10,../Dataset/game1/Clip10/0058.jpg,../Dataset/game1/Clip10/Label.csv,0058.jpg,1,712.0,184.0,0,train
game1,Clip10,../Dataset/game1/Clip10/0059.jpg,../Dataset/game1/Clip10/Label.csv,0059.jpg,2,714.0,176.0,0,train
game1,Clip10,../Dataset/game1/Clip10/0060.jpg,../Dataset/game1/Clip10/Label.csv,0060.jpg,1,715.0,170.0,0,train
game1,Clip10,../Dataset/game1/Clip10/0061.jpg,../Dataset/game1/Clip10/Label.csv,0061.jpg,1,717.0,166.0,0,train
game1,Clip10,../Dataset/game1/Clip10/0062.jpg,../Dataset/game1/Clip10/Label.csv,0062.jpg,1,718.0,161.0,0,train
game1,Clip10,../Dataset/game1/Clip10/0063.jpg,../Dataset/game1/Clip10/Label.csv,0063.jpg,1,719.0,158.0,0,train
game1,Clip10,../Dataset/game1/Clip10/0064.jpg,../Dataset/game1/Clip10/Label.csv,0064.jpg,1,720.0,155.0,0,train
game1,Clip10,../Dataset/game1/Clip10/0065.jpg,../Dataset/game1/Clip10/Label.csv,0065.jpg,1,721.0,154.0,0,train
game1,Clip10,../Dataset/game1/Clip10/0066.jpg,../Dataset/game1/Clip10/Label.csv,0066.jpg,1,722.0,155.0,0,train
game1,Clip10,../Dataset/game1/Clip10/0067.jpg,../Dataset/game1/Clip10/Label.csv,0067.jpg,1,722.0,154.0,0,train
game1,Clip10,../Dataset/game1/Clip10/0068.jpg,../Dataset/game1/Clip10/Label.csv,0068.jpg,1,723.0,154.0,0,train
game1,Clip10,../Dataset/game1/Clip10/0069.jpg,../Dataset/game1/Clip10/Label.csv,0069.jpg,1,725.0,156.0,0,train
game1,Clip10,../Dataset/game1/Clip10/0070.jpg,../Dataset/game1/Clip10/Label.csv,0070.jpg,1,725.0,158.0,0,train
game1,Clip10,../Dataset/game1/Clip10/0071.jpg,../Dataset/game1/Clip10/Label.csv,0071.jpg,1,727.0,161.0,0,train
game1,Clip10,../Dataset/game1/Clip10/0072.jpg,../Dataset/game1/Clip10/Label.csv,0072.jpg,1,727.0,163.0,0,train
game1,Clip10,../Dataset/game1/Clip10/0073.jpg,../Dataset/game1/Clip10/Label.csv,0073.jpg,1,729.0,167.0,0,train
game1,Clip10,../Dataset/game1/Clip10/0074.jpg,../Dataset/game1/Clip10/Label.csv,0074.jpg,2,730.0,175.0,0,train
game1,Clip10,../Dataset/game1/Clip10/0075.jpg,../Dataset/game1/Clip10/Label.csv,0075.jpg,1,735.0,184.0,1,train
game1,Clip10,../Dataset/game1/Clip10/0076.jpg,../Dataset/game1/Clip10/Label.csv,0076.jpg,1,742.0,190.0,0,train
game1,Clip10,../Dataset/game1/Clip10/0077.jpg,../Dataset/game1/Clip10/Label.csv,0077.jpg,1,753.0,202.0,0,train
game1,Clip10,../Dataset/game1/Clip10/0078.jpg,../Dataset/game1/Clip10/Label.csv,0078.jpg,1,764.0,211.0,0,train
game1,Clip10,../Dataset/game1/Clip10/0079.jpg,../Dataset/game1/Clip10/Label.csv,0079.jpg,2,772.0,224.0,0,train
game1,Clip10,../Dataset/game1/Clip10/0080.jpg,../Dataset/game1/Clip10/Label.csv,0080.jpg,1,781.0,236.0,0,train
game1,Clip10,../Dataset/game1/Clip10/0081.jpg,../Dataset/game1/Clip10/Label.csv,0081.jpg,1,793.0,252.0,0,train
game1,Clip10,../Dataset/game1/Clip10/0082.jpg,../Dataset/game1/Clip10/Label.csv,0082.jpg,1,803.0,268.0,0,train
game1,Clip10,../Dataset/game1/Clip10/0083.jpg,../Dataset/game1/Clip10/Label.csv,0083.jpg,1,814.0,286.0,0,train
game1,Clip10,../Dataset/game1/Clip10/0084.jpg,../Dataset/game1/Clip10/Label.csv,0084.jpg,1,825.0,303.0,0,train
game1,Clip10,../Dataset/game1/Clip10/0085.jpg,../Dataset/game1/Clip10/Label.csv,0085.jpg,1,835.0,321.0,0,train
game1,Clip10,../Dataset/game1/Clip10/0086.jpg,../Dataset/game1/Clip10/Label.csv,0086.jpg,1,847.0,341.0,0,train
game1,Clip10,../Dataset/game1/Clip10/0087.jpg,../Dataset/game1/Clip10/Label.csv,0087.jpg,1,860.0,364.0,0,train
game1,Clip10,../Dataset/game1/Clip10/0088.jpg,../Dataset/game1/Clip10/Label.csv,0088.jpg,1,871.0,387.0,0,train
game1,Clip10,../Dataset/game1/Clip10/0089.jpg,../Dataset/game1/Clip10/Label.csv,0089.jpg,1,884.0,414.0,0,train
game1,Clip10,../Dataset/game1/Clip10/0090.jpg,../Dataset/game1/Clip10/Label.csv,0090.jpg,1,897.0,438.0,0,train
game1,Clip10,../Dataset/game1/Clip10/0091.jpg,../Dataset/game1/Clip10/Label.csv,0091.jpg,1,910.0,467.0,2,train
game1,Clip10,../Dataset/game1/Clip10/0092.jpg,../Dataset/game1/Clip10/Label.csv,0092.jpg,1,922.0,475.0,2,train
game1,Clip10,../Dataset/game1/Clip10/0093.jpg,../Dataset/game1/Clip10/Label.csv,0093.jpg,1,933.0,480.0,0,train
game1,Clip10,../Dataset/game1/Clip10/0094.jpg,../Dataset/game1/Clip10/Label.csv,0094.jpg,2,944.0,487.0,0,train
game1,Clip10,../Dataset/game1/Clip10/0095.jpg,../Dataset/game1/Clip10/Label.csv,0095.jpg,1,957.0,493.0,0,train
game1,Clip10,../Dataset/game1/Clip10/0096.jpg,../Dataset/game1/Clip10/Label.csv,0096.jpg,1,969.0,504.0,0,train
game1,Clip10,../Dataset/game1/Clip10/0097.jpg,../Dataset/game1/Clip10/Label.csv,0097.jpg,1,982.0,516.0,0,train
game1,Clip10,../Dataset/game1/Clip10/0098.jpg,../Dataset/game1/Clip10/Label.csv,0098.jpg,1,997.0,530.0,0,train
game1,Clip10,../Dataset/game1/Clip10/0099.jpg,../Dataset/game1/Clip10/Label.csv,0099.jpg,2,1010.0,545.0,0,train
game1,Clip10,../Dataset/game1/Clip10/0100.jpg,../Dataset/game1/Clip10/Label.csv,0100.jpg,1,1024.0,561.0,0,train
game1,Clip10,../Dataset/game1/Clip10/0101.jpg,../Dataset/game1/Clip10/Label.csv,0101.jpg,1,1039.0,582.0,0,train
game1,Clip10,../Dataset/game1/Clip10/0102.jpg,../Dataset/game1/Clip10/Label.csv,0102.jpg,1,1052.0,603.0,0,train
game1,Clip10,../Dataset/game1/Clip10/0103.jpg,../Dataset/game1/Clip10/Label.csv,0103.jpg,1,1068.0,626.0,0,train
game1,Clip10,../Dataset/game1/Clip10/0104.jpg,../Dataset/game1/Clip10/Label.csv,0104.jpg,1,1084.0,654.0,0,train
game1,Clip10,../Dataset/game1/Clip10/0105.jpg,../Dataset/game1/Clip10/Label.csv,0105.jpg,1,1102.0,684.0,0,train
game1,Clip10,../Dataset/game1/Clip10/0106.jpg,../Dataset/game1/Clip10/Label.csv,0106.jpg,1,1118.0,716.0,0,train
game1,Clip10,../Dataset/game1/Clip10/0107.jpg,../Dataset/game1/Clip10/Label.csv,0107.jpg,0,-1.0,-1.0,0,train
game1,Clip10,../Dataset/game1/Clip10/0108.jpg,../Dataset/game1/Clip10/Label.csv,0108.jpg,0,-1.0,-1.0,0,train
game1,Clip13,../Dataset/game1/Clip13/0000.jpg,../Dataset/game1/Clip13/Label.csv,0000.jpg,1,596.0,359.0,0,train
game1,Clip13,../Dataset/game1/Clip13/0001.jpg,../Dataset/game1/Clip13/Label.csv,0001.jpg,1,593.0,346.0,0,train
game1,Clip13,../Dataset/game1/Clip13/0002.jpg,../Dataset/game1/Clip13/Label.csv,0002.jpg,1,591.0,333.0,0,train
game1,Clip13,../Dataset/game1/Clip13/0003.jpg,../Dataset/game1/Clip13/Label.csv,0003.jpg,1,587.0,322.0,0,train
game1,Clip13,../Dataset/game1/Clip13/0004.jpg,../Dataset/game1/Clip13/Label.csv,0004.jpg,1,585.0,312.0,0,train
game1,Clip13,../Dataset/game1/Clip13/0005.jpg,../Dataset/game1/Clip13/Label.csv,0005.jpg,1,582.0,302.0,0,train
game1,Clip13,../Dataset/game1/Clip13/0006.jpg,../Dataset/game1/Clip13/Label.csv,0006.jpg,1,580.0,293.0,0,train
game1,Clip13,../Dataset/game1/Clip13/0007.jpg,../Dataset/game1/Clip13/Label.csv,0007.jpg,1,576.0,288.0,0,train
game1,Clip13,../Dataset/game1/Clip13/0008.jpg,../Dataset/game1/Clip13/Label.csv,0008.jpg,1,574.0,282.0,0,train
game1,Clip13,../Dataset/game1/Clip13/0009.jpg,../Dataset/game1/Clip13/Label.csv,0009.jpg,1,571.0,278.0,0,train
game1,Clip13,../Dataset/game1/Clip13/0010.jpg,../Dataset/game1/Clip13/Label.csv,0010.jpg,1,569.0,276.0,0,train
game1,Clip13,../Dataset/game1/Clip13/0011.jpg,../Dataset/game1/Clip13/Label.csv,0011.jpg,1,564.0,274.0,0,train
game1,Clip13,../Dataset/game1/Clip13/0012.jpg,../Dataset/game1/Clip13/Label.csv,0012.jpg,1,564.0,275.0,0,train
game1,Clip13,../Dataset/game1/Clip13/0013.jpg,../Dataset/game1/Clip13/Label.csv,0013.jpg,1,560.0,275.0,0,train
game1,Clip13,../Dataset/game1/Clip13/0014.jpg,../Dataset/game1/Clip13/Label.csv,0014.jpg,1,559.0,278.0,0,train
game1,Clip13,../Dataset/game1/Clip13/0015.jpg,../Dataset/game1/Clip13/Label.csv,0015.jpg,1,557.0,281.0,0,train
game1,Clip13,../Dataset/game1/Clip13/0016.jpg,../Dataset/game1/Clip13/Label.csv,0016.jpg,1,554.0,286.0,0,train
game1,Clip13,../Dataset/game1/Clip13/0017.jpg,../Dataset/game1/Clip13/Label.csv,0017.jpg,1,551.0,292.0,0,train
game1,Clip13,../Dataset/game1/Clip13/0018.jpg,../Dataset/game1/Clip13/Label.csv,0018.jpg,1,548.0,299.0,0,train
game1,Clip13,../Dataset/game1/Clip13/0019.jpg,../Dataset/game1/Clip13/Label.csv,0019.jpg,1,546.0,307.0,1,train
game1,Clip13,../Dataset/game1/Clip13/0020.jpg,../Dataset/game1/Clip13/Label.csv,0020.jpg,2,609.0,280.0,0,train
game1,Clip13,../Dataset/game1/Clip13/0021.jpg,../Dataset/game1/Clip13/Label.csv,0021.jpg,2,644.0,266.0,0,train
game1,Clip13,../Dataset/game1/Clip13/0022.jpg,../Dataset/game1/Clip13/Label.csv,0022.jpg,1,679.0,255.0,0,train
game1,Clip13,../Dataset/game1/Clip13/0023.jpg,../Dataset/game1/Clip13/Label.csv,0023.jpg,2,703.0,245.0,0,train
game1,Clip13,../Dataset/game1/Clip13/0024.jpg,../Dataset/game1/Clip13/Label.csv,0024.jpg,1,730.0,238.0,0,train
game1,Clip13,../Dataset/game1/Clip13/0025.jpg,../Dataset/game1/Clip13/Label.csv,0025.jpg,1,748.0,233.0,0,train
game1,Clip13,../Dataset/game1/Clip13/0026.jpg,../Dataset/game1/Clip13/Label.csv,0026.jpg,1,766.0,229.0,0,train
game1,Clip13,../Dataset/game1/Clip13/0027.jpg,../Dataset/game1/Clip13/Label.csv,0027.jpg,1,777.0,225.0,0,train
game1,Clip13,../Dataset/game1/Clip13/0028.jpg,../Dataset/game1/Clip13/Label.csv,0028.jpg,1,801.0,224.0,2,train
game1,Clip13,../Dataset/game1/Clip13/0029.jpg,../Dataset/game1/Clip13/Label.csv,0029.jpg,1,810.0,207.0,0,train
game1,Clip13,../Dataset/game1/Clip13/0030.jpg,../Dataset/game1/Clip13/Label.csv,0030.jpg,2,817.0,188.0,0,train
game1,Clip13,../Dataset/game1/Clip13/0031.jpg,../Dataset/game1/Clip13/Label.csv,0031.jpg,1,823.0,174.0,0,train
game1,Clip13,../Dataset/game1/Clip13/0032.jpg,../Dataset/game1/Clip13/Label.csv,0032.jpg,1,829.0,159.0,0,train
game1,Clip13,../Dataset/game1/Clip13/0033.jpg,../Dataset/game1/Clip13/Label.csv,0033.jpg,1,835.0,149.0,0,train
game1,Clip13,../Dataset/game1/Clip13/0034.jpg,../Dataset/game1/Clip13/Label.csv,0034.jpg,1,838.0,136.0,0,train
game1,Clip13,../Dataset/game1/Clip13/0035.jpg,../Dataset/game1/Clip13/Label.csv,0035.jpg,1,842.0,129.0,1,train
game1,Clip13,../Dataset/game1/Clip13/0036.jpg,../Dataset/game1/Clip13/Label.csv,0036.jpg,1,830.0,130.0,0,train
game1,Clip13,../Dataset/game1/Clip13/0037.jpg,../Dataset/game1/Clip13/Label.csv,0037.jpg,2,821.0,132.0,0,train
game1,Clip13,../Dataset/game1/Clip13/0038.jpg,../Dataset/game1/Clip13/Label.csv,0038.jpg,1,804.0,133.0,0,train
game1,Clip13,../Dataset/game1/Clip13/0039.jpg,../Dataset/game1/Clip13/Label.csv,0039.jpg,1,791.0,138.0,0,train
game1,Clip13,../Dataset/game1/Clip13/0040.jpg,../Dataset/game1/Clip13/Label.csv,0040.jpg,1,773.0,143.0,0,train
game1,Clip13,../Dataset/game1/Clip13/0041.jpg,../Dataset/game1/Clip13/Label.csv,0041.jpg,1,759.0,150.0,0,train
game1,Clip13,../Dataset/game1/Clip13/0042.jpg,../Dataset/game1/Clip13/Label.csv,0042.jpg,1,745.0,154.0,0,train
game1,Clip13,../Dataset/game1/Clip13/0043.jpg,../Dataset/game1/Clip13/Label.csv,0043.jpg,1,729.0,163.0,0,train
game1,Clip13,../Dataset/game1/Clip13/0044.jpg,../Dataset/game1/Clip13/Label.csv,0044.jpg,1,712.0,172.0,0,train
game1,Clip13,../Dataset/game1/Clip13/0045.jpg,../Dataset/game1/Clip13/Label.csv,0045.jpg,1,696.0,181.0,0,train
game1,Clip13,../Dataset/game1/Clip13/0046.jpg,../Dataset/game1/Clip13/Label.csv,0046.jpg,1,677.0,191.0,0,train
game1,Clip13,../Dataset/game1/Clip13/0047.jpg,../Dataset/game1/Clip13/Label.csv,0047.jpg,1,661.0,205.0,0,train
game1,Clip13,../Dataset/game1/Clip13/0048.jpg,../Dataset/game1/Clip13/Label.csv,0048.jpg,1,643.0,219.0,0,train
game1,Clip13,../Dataset/game1/Clip13/0049.jpg,../Dataset/game1/Clip13/Label.csv,0049.jpg,1,625.0,234.0,0,train
game1,Clip13,../Dataset/game1/Clip13/0050.jpg,../Dataset/game1/Clip13/Label.csv,0050.jpg,2,607.0,252.0,0,train
game1,Clip13,../Dataset/game1/Clip13/0051.jpg,../Dataset/game1/Clip13/Label.csv,0051.jpg,1,587.0,266.0,0,train
game1,Clip13,../Dataset/game1/Clip13/0052.jpg,../Dataset/game1/Clip13/Label.csv,0052.jpg,2,567.0,290.0,0,train
game1,Clip13,../Dataset/game1/Clip13/0053.jpg,../Dataset/game1/Clip13/Label.csv,0053.jpg,1,546.0,309.0,0,train
game1,Clip13,../Dataset/game1/Clip13/0054.jpg,../Dataset/game1/Clip13/Label.csv,0054.jpg,1,525.0,329.0,0,train
game1,Clip13,../Dataset/game1/Clip13/0055.jpg,../Dataset/game1/Clip13/Label.csv,0055.jpg,1,503.0,354.0,0,train
game1,Clip13,../Dataset/game1/Clip13/0056.jpg,../Dataset/game1/Clip13/Label.csv,0056.jpg,1,479.0,382.0,0,train
game1,Clip13,../Dataset/game1/Clip13/0057.jpg,../Dataset/game1/Clip13/Label.csv,0057.jpg,1,456.0,411.0,0,train
game1,Clip13,../Dataset/game1/Clip13/0058.jpg,../Dataset/game1/Clip13/Label.csv,0058.jpg,1,432.0,440.0,0,train
game1,Clip13,../Dataset/game1/Clip13/0059.jpg,../Dataset/game1/Clip13/Label.csv,0059.jpg,3,416.0,461.0,2,train
game1,Clip13,../Dataset/game1/Clip13/0060.jpg,../Dataset/game1/Clip13/Label.csv,0060.jpg,3,398.0,465.0,2,train
game1,Clip13,../Dataset/game1/Clip13/0061.jpg,../Dataset/game1/Clip13/Label.csv,0061.jpg,2,372.0,463.0,0,train
game1,Clip13,../Dataset/game1/Clip13/0062.jpg,../Dataset/game1/Clip13/Label.csv,0062.jpg,1,352.0,467.0,1,train
game1,Clip13,../Dataset/game1/Clip13/0063.jpg,../Dataset/game1/Clip13/Label.csv,0063.jpg,3,377.0,427.0,1,train
game1,Clip13,../Dataset/game1/Clip13/0064.jpg,../Dataset/game1/Clip13/Label.csv,0064.jpg,1,412.0,387.0,0,train
game1,Clip13,../Dataset/game1/Clip13/0065.jpg,../Dataset/game1/Clip13/Label.csv,0065.jpg,1,445.0,351.0,0,train
game1,Clip13,../Dataset/game1/Clip13/0066.jpg,../Dataset/game1/Clip13/Label.csv,0066.jpg,1,474.0,322.0,0,train
game1,Clip13,../Dataset/game1/Clip13/0067.jpg,../Dataset/game1/Clip13/Label.csv,0067.jpg,1,499.0,298.0,0,train
game1,Clip13,../Dataset/game1/Clip13/0068.jpg,../Dataset/game1/Clip13/Label.csv,0068.jpg,1,521.0,276.0,0,train
game1,Clip13,../Dataset/game1/Clip13/0069.jpg,../Dataset/game1/Clip13/Label.csv,0069.jpg,1,541.0,257.0,0,train
game1,Clip13,../Dataset/game1/Clip13/0070.jpg,../Dataset/game1/Clip13/Label.csv,0070.jpg,1,560.0,241.0,0,train
game1,Clip13,../Dataset/game1/Clip13/0071.jpg,../Dataset/game1/Clip13/Label.csv,0071.jpg,1,580.0,226.0,0,train
game1,Clip13,../Dataset/game1/Clip13/0072.jpg,../Dataset/game1/Clip13/Label.csv,0072.jpg,1,595.0,217.0,0,train
game1,Clip13,../Dataset/game1/Clip13/0073.jpg,../Dataset/game1/Clip13/Label.csv,0073.jpg,1,612.0,207.0,0,train
game1,Clip13,../Dataset/game1/Clip13/0074.jpg,../Dataset/game1/Clip13/Label.csv,0074.jpg,1,626.0,197.0,0,train
game1,Clip13,../Dataset/game1/Clip13/0075.jpg,../Dataset/game1/Clip13/Label.csv,0075.jpg,1,638.0,190.0,0,train
game1,Clip13,../Dataset/game1/Clip13/0076.jpg,../Dataset/game1/Clip13/Label.csv,0076.jpg,1,650.0,186.0,0,train
game1,Clip13,../Dataset/game1/Clip13/0077.jpg,../Dataset/game1/Clip13/Label.csv,0077.jpg,1,660.0,184.0,0,train
game1,Clip13,../Dataset/game1/Clip13/0078.jpg,../Dataset/game1/Clip13/Label.csv,0078.jpg,1,669.0,179.0,0,train
game1,Clip13,../Dataset/game1/Clip13/0079.jpg,../Dataset/game1/Clip13/Label.csv,0079.jpg,1,682.0,179.0,0,train
game1,Clip13,../Dataset/game1/Clip13/0080.jpg,../Dataset/game1/Clip13/Label.csv,0080.jpg,1,689.0,178.0,0,train
game1,Clip13,../Dataset/game1/Clip13/0081.jpg,../Dataset/game1/Clip13/Label.csv,0081.jpg,1,699.0,177.0,0,train
game1,Clip13,../Dataset/game1/Clip13/0082.jpg,../Dataset/game1/Clip13/Label.csv,0082.jpg,1,707.0,181.0,0,train
game1,Clip13,../Dataset/game1/Clip13/0083.jpg,../Dataset/game1/Clip13/Label.csv,0083.jpg,1,714.0,182.0,0,train
game1,Clip13,../Dataset/game1/Clip13/0084.jpg,../Dataset/game1/Clip13/Label.csv,0084.jpg,1,720.0,184.0,0,train
game1,Clip13,../Dataset/game1/Clip13/0085.jpg,../Dataset/game1/Clip13/Label.csv,0085.jpg,1,726.0,188.0,0,train
game1,Clip13,../Dataset/game1/Clip13/0086.jpg,../Dataset/game1/Clip13/Label.csv,0086.jpg,1,733.0,190.0,2,train
game1,Clip13,../Dataset/game1/Clip13/0087.jpg,../Dataset/game1/Clip13/Label.csv,0087.jpg,1,738.0,176.0,0,train
game1,Clip13,../Dataset/game1/Clip13/0088.jpg,../Dataset/game1/Clip13/Label.csv,0088.jpg,2,746.0,166.0,0,train
game1,Clip13,../Dataset/game1/Clip13/0089.jpg,../Dataset/game1/Clip13/Label.csv,0089.jpg,1,748.0,159.0,0,train
game1,Clip13,../Dataset/game1/Clip13/0090.jpg,../Dataset/game1/Clip13/Label.csv,0090.jpg,1,752.0,149.0,0,train
game1,Clip13,../Dataset/game1/Clip13/0091.jpg,../Dataset/game1/Clip13/Label.csv,0091.jpg,1,756.0,142.0,0,train
game1,Clip13,../Dataset/game1/Clip13/0092.jpg,../Dataset/game1/Clip13/Label.csv,0092.jpg,1,761.0,136.0,0,train
game1,Clip13,../Dataset/game1/Clip13/0093.jpg,../Dataset/game1/Clip13/Label.csv,0093.jpg,1,764.0,130.0,1,train
game1,Clip13,../Dataset/game1/Clip13/0094.jpg,../Dataset/game1/Clip13/Label.csv,0094.jpg,1,761.0,132.0,0,train
game1,Clip13,../Dataset/game1/Clip13/0095.jpg,../Dataset/game1/Clip13/Label.csv,0095.jpg,1,756.0,127.0,0,train
game1,Clip13,../Dataset/game1/Clip13/0096.jpg,../Dataset/game1/Clip13/Label.csv,0096.jpg,1,750.0,129.0,0,train
game1,Clip13,../Dataset/game1/Clip13/0097.jpg,../Dataset/game1/Clip13/Label.csv,0097.jpg,1,744.0,130.0,0,train
game1,Clip13,../Dataset/game1/Clip13/0098.jpg,../Dataset/game1/Clip13/Label.csv,0098.jpg,1,740.0,132.0,0,train
game1,Clip13,../Dataset/game1/Clip13/0099.jpg,../Dataset/game1/Clip13/Label.csv,0099.jpg,2,732.0,136.0,0,train
game1,Clip13,../Dataset/game1/Clip13/0100.jpg,../Dataset/game1/Clip13/Label.csv,0100.jpg,2,730.0,139.0,0,train
game1,Clip13,../Dataset/game1/Clip13/0101.jpg,../Dataset/game1/Clip13/Label.csv,0101.jpg,2,722.0,144.0,0,train
game1,Clip13,../Dataset/game1/Clip13/0102.jpg,../Dataset/game1/Clip13/Label.csv,0102.jpg,2,714.0,150.0,0,train
game1,Clip13,../Dataset/game1/Clip13/0103.jpg,../Dataset/game1/Clip13/Label.csv,0103.jpg,1,710.0,155.0,0,train
game1,Clip13,../Dataset/game1/Clip13/0104.jpg,../Dataset/game1/Clip13/Label.csv,0104.jpg,1,705.0,165.0,0,train
game1,Clip13,../Dataset/game1/Clip13/0105.jpg,../Dataset/game1/Clip13/Label.csv,0105.jpg,1,697.0,175.0,0,train
game1,Clip13,../Dataset/game1/Clip13/0106.jpg,../Dataset/game1/Clip13/Label.csv,0106.jpg,1,691.0,188.0,0,train
game1,Clip13,../Dataset/game1/Clip13/0107.jpg,../Dataset/game1/Clip13/Label.csv,0107.jpg,1,683.0,200.0,0,train
game1,Clip13,../Dataset/game1/Clip13/0108.jpg,../Dataset/game1/Clip13/Label.csv,0108.jpg,1,677.0,213.0,0,train
game1,Clip13,../Dataset/game1/Clip13/0109.jpg,../Dataset/game1/Clip13/Label.csv,0109.jpg,1,671.0,230.0,0,train
game1,Clip13,../Dataset/game1/Clip13/0110.jpg,../Dataset/game1/Clip13/Label.csv,0110.jpg,1,663.0,246.0,0,train
game1,Clip13,../Dataset/game1/Clip13/0111.jpg,../Dataset/game1/Clip13/Label.csv,0111.jpg,1,656.0,264.0,0,train
game1,Clip13,../Dataset/game1/Clip13/0112.jpg,../Dataset/game1/Clip13/Label.csv,0112.jpg,2,651.0,282.0,0,train
game1,Clip13,../Dataset/game1/Clip13/0113.jpg,../Dataset/game1/Clip13/Label.csv,0113.jpg,2,643.0,306.0,0,train
game1,Clip13,../Dataset/game1/Clip13/0114.jpg,../Dataset/game1/Clip13/Label.csv,0114.jpg,2,638.0,324.0,0,train
game1,Clip13,../Dataset/game1/Clip13/0115.jpg,../Dataset/game1/Clip13/Label.csv,0115.jpg,1,631.0,349.0,0,train
game1,Clip13,../Dataset/game1/Clip13/0116.jpg,../Dataset/game1/Clip13/Label.csv,0116.jpg,1,624.0,375.0,0,train
game1,Clip13,../Dataset/game1/Clip13/0117.jpg,../Dataset/game1/Clip13/Label.csv,0117.jpg,1,617.0,404.0,0,train
game1,Clip13,../Dataset/game1/Clip13/0118.jpg,../Dataset/game1/Clip13/Label.csv,0118.jpg,1,604.0,411.0,2,train
game1,Clip13,../Dataset/game1/Clip13/0119.jpg,../Dataset/game1/Clip13/Label.csv,0119.jpg,1,596.0,408.0,0,train
game1,Clip13,../Dataset/game1/Clip13/0120.jpg,../Dataset/game1/Clip13/Label.csv,0120.jpg,1,589.0,407.0,0,train
game1,Clip13,../Dataset/game1/Clip13/0121.jpg,../Dataset/game1/Clip13/Label.csv,0121.jpg,1,582.0,409.0,0,train
game1,Clip13,../Dataset/game1/Clip13/0122.jpg,../Dataset/game1/Clip13/Label.csv,0122.jpg,1,573.0,412.0,0,train
game1,Clip13,../Dataset/game1/Clip13/0123.jpg,../Dataset/game1/Clip13/Label.csv,0123.jpg,1,566.0,415.0,0,train
game1,Clip13,../Dataset/game1/Clip13/0124.jpg,../Dataset/game1/Clip13/Label.csv,0124.jpg,1,557.0,419.0,0,train
game1,Clip13,../Dataset/game1/Clip13/0125.jpg,../Dataset/game1/Clip13/Label.csv,0125.jpg,1,550.0,427.0,0,train
game1,Clip13,../Dataset/game1/Clip13/0126.jpg,../Dataset/game1/Clip13/Label.csv,0126.jpg,1,541.0,435.0,0,train
game1,Clip13,../Dataset/game1/Clip13/0127.jpg,../Dataset/game1/Clip13/Label.csv,0127.jpg,1,533.0,443.0,1,train
game1,Clip13,../Dataset/game1/Clip13/0128.jpg,../Dataset/game1/Clip13/Label.csv,0128.jpg,1,554.0,412.0,1,train
game1,Clip13,../Dataset/game1/Clip13/0129.jpg,../Dataset/game1/Clip13/Label.csv,0129.jpg,1,584.0,372.0,0,train
game1,Clip13,../Dataset/game1/Clip13/0130.jpg,../Dataset/game1/Clip13/Label.csv,0130.jpg,1,608.0,339.0,0,train
game1,Clip13,../Dataset/game1/Clip13/0131.jpg,../Dataset/game1/Clip13/Label.csv,0131.jpg,1,630.0,315.0,0,train
game1,Clip13,../Dataset/game1/Clip13/0132.jpg,../Dataset/game1/Clip13/Label.csv,0132.jpg,1,653.0,292.0,0,train
game1,Clip13,../Dataset/game1/Clip13/0133.jpg,../Dataset/game1/Clip13/Label.csv,0133.jpg,1,671.0,275.0,0,train
game1,Clip13,../Dataset/game1/Clip13/0134.jpg,../Dataset/game1/Clip13/Label.csv,0134.jpg,1,686.0,259.0,0,train
game1,Clip13,../Dataset/game1/Clip13/0135.jpg,../Dataset/game1/Clip13/Label.csv,0135.jpg,2,701.0,247.0,0,train
game1,Clip13,../Dataset/game1/Clip13/0136.jpg,../Dataset/game1/Clip13/Label.csv,0136.jpg,1,712.0,238.0,0,train
game1,Clip13,../Dataset/game1/Clip13/0137.jpg,../Dataset/game1/Clip13/Label.csv,0137.jpg,1,723.0,232.0,0,train
game1,Clip13,../Dataset/game1/Clip13/0138.jpg,../Dataset/game1/Clip13/Label.csv,0138.jpg,1,733.0,226.0,0,train
game1,Clip13,../Dataset/game1/Clip13/0139.jpg,../Dataset/game1/Clip13/Label.csv,0139.jpg,2,744.0,222.0,0,train
game1,Clip13,../Dataset/game1/Clip13/0140.jpg,../Dataset/game1/Clip13/Label.csv,0140.jpg,2,750.0,220.0,0,train
game1,Clip13,../Dataset/game1/Clip13/0141.jpg,../Dataset/game1/Clip13/Label.csv,0141.jpg,2,760.0,219.0,0,train
game1,Clip13,../Dataset/game1/Clip13/0142.jpg,../Dataset/game1/Clip13/Label.csv,0142.jpg,2,767.0,219.0,2,train
game1,Clip13,../Dataset/game1/Clip13/0143.jpg,../Dataset/game1/Clip13/Label.csv,0143.jpg,1,772.0,214.0,0,train
game1,Clip13,../Dataset/game1/Clip13/0144.jpg,../Dataset/game1/Clip13/Label.csv,0144.jpg,1,778.0,200.0,0,train
game1,Clip13,../Dataset/game1/Clip13/0145.jpg,../Dataset/game1/Clip13/Label.csv,0145.jpg,1,783.0,188.0,0,train
game1,Clip13,../Dataset/game1/Clip13/0146.jpg,../Dataset/game1/Clip13/Label.csv,0146.jpg,1,785.0,175.0,0,train
game1,Clip13,../Dataset/game1/Clip13/0147.jpg,../Dataset/game1/Clip13/Label.csv,0147.jpg,1,790.0,168.0,0,train
game1,Clip13,../Dataset/game1/Clip13/0148.jpg,../Dataset/game1/Clip13/Label.csv,0148.jpg,1,794.0,158.0,0,train
game1,Clip13,../Dataset/game1/Clip13/0149.jpg,../Dataset/game1/Clip13/Label.csv,0149.jpg,1,799.0,153.0,0,train
game1,Clip13,../Dataset/game1/Clip13/0150.jpg,../Dataset/game1/Clip13/Label.csv,0150.jpg,1,801.0,145.0,0,train
game1,Clip13,../Dataset/game1/Clip13/0151.jpg,../Dataset/game1/Clip13/Label.csv,0151.jpg,1,800.0,142.0,0,train
game1,Clip13,../Dataset/game1/Clip13/0152.jpg,../Dataset/game1/Clip13/Label.csv,0152.jpg,1,805.0,137.0,0,train
game1,Clip13,../Dataset/game1/Clip13/0153.jpg,../Dataset/game1/Clip13/Label.csv,0153.jpg,1,808.0,138.0,0,train
game1,Clip13,../Dataset/game1/Clip13/0154.jpg,../Dataset/game1/Clip13/Label.csv,0154.jpg,1,812.0,135.0,0,train
game1,Clip13,../Dataset/game1/Clip13/0155.jpg,../Dataset/game1/Clip13/Label.csv,0155.jpg,1,814.0,135.0,0,train
game1,Clip13,../Dataset/game1/Clip13/0156.jpg,../Dataset/game1/Clip13/Label.csv,0156.jpg,1,817.0,135.0,0,train
game1,Clip13,../Dataset/game1/Clip13/0157.jpg,../Dataset/game1/Clip13/Label.csv,0157.jpg,1,815.0,135.0,1,train
game1,Clip13,../Dataset/game1/Clip13/0158.jpg,../Dataset/game1/Clip13/Label.csv,0158.jpg,1,808.0,133.0,1,train
game1,Clip13,../Dataset/game1/Clip13/0159.jpg,../Dataset/game1/Clip13/Label.csv,0159.jpg,2,800.0,132.0,0,train
game1,Clip13,../Dataset/game1/Clip13/0160.jpg,../Dataset/game1/Clip13/Label.csv,0160.jpg,2,792.0,132.0,0,train
game1,Clip13,../Dataset/game1/Clip13/0161.jpg,../Dataset/game1/Clip13/Label.csv,0161.jpg,2,781.0,132.0,0,train
game1,Clip13,../Dataset/game1/Clip13/0162.jpg,../Dataset/game1/Clip13/Label.csv,0162.jpg,1,770.0,133.0,0,train
game1,Clip13,../Dataset/game1/Clip13/0163.jpg,../Dataset/game1/Clip13/Label.csv,0163.jpg,1,764.0,135.0,0,train
game1,Clip13,../Dataset/game1/Clip13/0164.jpg,../Dataset/game1/Clip13/Label.csv,0164.jpg,1,749.0,139.0,0,train
game1,Clip13,../Dataset/game1/Clip13/0165.jpg,../Dataset/game1/Clip13/Label.csv,0165.jpg,1,736.0,143.0,0,train
game1,Clip13,../Dataset/game1/Clip13/0166.jpg,../Dataset/game1/Clip13/Label.csv,0166.jpg,1,722.0,149.0,0,train
game1,Clip13,../Dataset/game1/Clip13/0167.jpg,../Dataset/game1/Clip13/Label.csv,0167.jpg,1,711.0,153.0,0,train
game1,Clip13,../Dataset/game1/Clip13/0168.jpg,../Dataset/game1/Clip13/Label.csv,0168.jpg,1,702.0,162.0,0,train
game1,Clip13,../Dataset/game1/Clip13/0169.jpg,../Dataset/game1/Clip13/Label.csv,0169.jpg,2,689.0,170.0,0,train
game1,Clip13,../Dataset/game1/Clip13/0170.jpg,../Dataset/game1/Clip13/Label.csv,0170.jpg,1,677.0,178.0,0,train
game1,Clip13,../Dataset/game1/Clip13/0171.jpg,../Dataset/game1/Clip13/Label.csv,0171.jpg,1,662.0,190.0,0,train
game1,Clip13,../Dataset/game1/Clip13/0172.jpg,../Dataset/game1/Clip13/Label.csv,0172.jpg,1,649.0,202.0,0,train
game1,Clip13,../Dataset/game1/Clip13/0173.jpg,../Dataset/game1/Clip13/Label.csv,0173.jpg,1,633.0,217.0,0,train
game1,Clip13,../Dataset/game1/Clip13/0174.jpg,../Dataset/game1/Clip13/Label.csv,0174.jpg,1,619.0,231.0,0,train
game1,Clip13,../Dataset/game1/Clip13/0175.jpg,../Dataset/game1/Clip13/Label.csv,0175.jpg,2,607.0,247.0,0,train
game1,Clip13,../Dataset/game1/Clip13/0176.jpg,../Dataset/game1/Clip13/Label.csv,0176.jpg,1,589.0,265.0,0,train
game1,Clip13,../Dataset/game1/Clip13/0177.jpg,../Dataset/game1/Clip13/Label.csv,0177.jpg,1,572.0,287.0,1,train
game1,Clip13,../Dataset/game1/Clip13/0178.jpg,../Dataset/game1/Clip13/Label.csv,0178.jpg,2,567.0,284.0,0,train
game1,Clip13,../Dataset/game1/Clip13/0179.jpg,../Dataset/game1/Clip13/Label.csv,0179.jpg,1,562.0,270.0,0,train
game1,Clip13,../Dataset/game1/Clip13/0180.jpg,../Dataset/game1/Clip13/Label.csv,0180.jpg,1,560.0,258.0,0,train
game1,Clip13,../Dataset/game1/Clip13/0181.jpg,../Dataset/game1/Clip13/Label.csv,0181.jpg,2,557.0,246.0,0,train
game1,Clip13,../Dataset/game1/Clip13/0182.jpg,../Dataset/game1/Clip13/Label.csv,0182.jpg,1,554.0,236.0,0,train
game1,Clip13,../Dataset/game1/Clip13/0183.jpg,../Dataset/game1/Clip13/Label.csv,0183.jpg,1,552.0,230.0,0,train
game1,Clip13,../Dataset/game1/Clip13/0184.jpg,../Dataset/game1/Clip13/Label.csv,0184.jpg,2,549.0,224.0,0,train
game1,Clip13,../Dataset/game1/Clip13/0185.jpg,../Dataset/game1/Clip13/Label.csv,0185.jpg,1,546.0,214.0,0,train
game1,Clip13,../Dataset/game1/Clip13/0186.jpg,../Dataset/game1/Clip13/Label.csv,0186.jpg,1,545.0,211.0,0,train
game1,Clip13,../Dataset/game1/Clip13/0187.jpg,../Dataset/game1/Clip13/Label.csv,0187.jpg,1,541.0,207.0,0,train
game1,Clip13,../Dataset/game1/Clip13/0188.jpg,../Dataset/game1/Clip13/Label.csv,0188.jpg,1,539.0,202.0,0,train
game1,Clip13,../Dataset/game1/Clip13/0189.jpg,../Dataset/game1/Clip13/Label.csv,0189.jpg,1,537.0,200.0,0,train
game1,Clip13,../Dataset/game1/Clip13/0190.jpg,../Dataset/game1/Clip13/Label.csv,0190.jpg,1,535.0,200.0,0,train
game1,Clip13,../Dataset/game1/Clip13/0191.jpg,../Dataset/game1/Clip13/Label.csv,0191.jpg,1,533.0,197.0,0,train
game1,Clip13,../Dataset/game1/Clip13/0192.jpg,../Dataset/game1/Clip13/Label.csv,0192.jpg,1,532.0,197.0,0,train
game1,Clip13,../Dataset/game1/Clip13/0193.jpg,../Dataset/game1/Clip13/Label.csv,0193.jpg,1,531.0,198.0,0,train
game1,Clip13,../Dataset/game1/Clip13/0194.jpg,../Dataset/game1/Clip13/Label.csv,0194.jpg,1,527.0,197.0,0,train
game1,Clip13,../Dataset/game1/Clip13/0195.jpg,../Dataset/game1/Clip13/Label.csv,0195.jpg,1,525.0,200.0,0,train
game1,Clip13,../Dataset/game1/Clip13/0196.jpg,../Dataset/game1/Clip13/Label.csv,0196.jpg,1,524.0,202.0,2,train
game1,Clip13,../Dataset/game1/Clip13/0197.jpg,../Dataset/game1/Clip13/Label.csv,0197.jpg,1,523.0,194.0,0,train
game1,Clip13,../Dataset/game1/Clip13/0198.jpg,../Dataset/game1/Clip13/Label.csv,0198.jpg,1,518.0,186.0,0,train
game1,Clip13,../Dataset/game1/Clip13/0199.jpg,../Dataset/game1/Clip13/Label.csv,0199.jpg,1,517.0,179.0,0,train
game1,Clip13,../Dataset/game1/Clip13/0200.jpg,../Dataset/game1/Clip13/Label.csv,0200.jpg,2,515.0,171.0,0,train
game1,Clip13,../Dataset/game1/Clip13/0201.jpg,../Dataset/game1/Clip13/Label.csv,0201.jpg,1,513.0,166.0,0,train
game1,Clip13,../Dataset/game1/Clip13/0202.jpg,../Dataset/game1/Clip13/Label.csv,0202.jpg,1,513.0,162.0,0,train
game1,Clip13,../Dataset/game1/Clip13/0203.jpg,../Dataset/game1/Clip13/Label.csv,0203.jpg,1,510.0,158.0,0,train
game1,Clip13,../Dataset/game1/Clip13/0204.jpg,../Dataset/game1/Clip13/Label.csv,0204.jpg,1,508.0,155.0,0,train
game1,Clip13,../Dataset/game1/Clip13/0205.jpg,../Dataset/game1/Clip13/Label.csv,0205.jpg,1,505.0,156.0,0,train
game1,Clip13,../Dataset/game1/Clip13/0206.jpg,../Dataset/game1/Clip13/Label.csv,0206.jpg,1,501.0,153.0,0,train
game1,Clip13,../Dataset/game1/Clip13/0207.jpg,../Dataset/game1/Clip13/Label.csv,0207.jpg,1,501.0,151.0,0,train
game1,Clip13,../Dataset/game1/Clip13/0208.jpg,../Dataset/game1/Clip13/Label.csv,0208.jpg,1,501.0,150.0,0,train
game1,Clip13,../Dataset/game1/Clip13/0209.jpg,../Dataset/game1/Clip13/Label.csv,0209.jpg,1,498.0,154.0,0,train
game1,Clip13,../Dataset/game1/Clip13/0210.jpg,../Dataset/game1/Clip13/Label.csv,0210.jpg,1,497.0,155.0,1,train
game1,Clip13,../Dataset/game1/Clip13/0211.jpg,../Dataset/game1/Clip13/Label.csv,0211.jpg,2,497.0,150.0,0,train
game1,Clip13,../Dataset/game1/Clip13/0212.jpg,../Dataset/game1/Clip13/Label.csv,0212.jpg,2,501.0,140.0,0,train
game1,Clip13,../Dataset/game1/Clip13/0213.jpg,../Dataset/game1/Clip13/Label.csv,0213.jpg,2,505.0,132.0,0,train
game1,Clip13,../Dataset/game1/Clip13/0214.jpg,../Dataset/game1/Clip13/Label.csv,0214.jpg,2,510.0,126.0,0,train
game1,Clip13,../Dataset/game1/Clip13/0215.jpg,../Dataset/game1/Clip13/Label.csv,0215.jpg,1,513.0,117.0,0,train
game1,Clip13,../Dataset/game1/Clip13/0216.jpg,../Dataset/game1/Clip13/Label.csv,0216.jpg,1,517.0,112.0,0,train
game1,Clip13,../Dataset/game1/Clip13/0217.jpg,../Dataset/game1/Clip13/Label.csv,0217.jpg,1,522.0,105.0,0,train
game1,Clip13,../Dataset/game1/Clip13/0218.jpg,../Dataset/game1/Clip13/Label.csv,0218.jpg,1,526.0,100.0,0,train
game1,Clip13,../Dataset/game1/Clip13/0219.jpg,../Dataset/game1/Clip13/Label.csv,0219.jpg,1,531.0,97.0,0,train
game1,Clip13,../Dataset/game1/Clip13/0220.jpg,../Dataset/game1/Clip13/Label.csv,0220.jpg,2,534.0,91.0,0,train
game1,Clip13,../Dataset/game1/Clip13/0221.jpg,../Dataset/game1/Clip13/Label.csv,0221.jpg,2,539.0,90.0,0,train
game1,Clip13,../Dataset/game1/Clip13/0222.jpg,../Dataset/game1/Clip13/Label.csv,0222.jpg,2,543.0,90.0,0,train
game1,Clip13,../Dataset/game1/Clip13/0223.jpg,../Dataset/game1/Clip13/Label.csv,0223.jpg,2,547.0,86.0,0,train
game1,Clip13,../Dataset/game1/Clip13/0224.jpg,../Dataset/game1/Clip13/Label.csv,0224.jpg,2,550.0,86.0,0,train
game1,Clip13,../Dataset/game1/Clip13/0225.jpg,../Dataset/game1/Clip13/Label.csv,0225.jpg,2,557.0,86.0,0,train
game1,Clip13,../Dataset/game1/Clip13/0226.jpg,../Dataset/game1/Clip13/Label.csv,0226.jpg,2,560.0,85.0,0,train
game1,Clip13,../Dataset/game1/Clip13/0227.jpg,../Dataset/game1/Clip13/Label.csv,0227.jpg,2,566.0,87.0,0,train
game1,Clip13,../Dataset/game1/Clip13/0228.jpg,../Dataset/game1/Clip13/Label.csv,0228.jpg,2,570.0,87.0,0,train
game1,Clip13,../Dataset/game1/Clip13/0229.jpg,../Dataset/game1/Clip13/Label.csv,0229.jpg,2,572.0,92.0,0,train
game1,Clip13,../Dataset/game1/Clip13/0230.jpg,../Dataset/game1/Clip13/Label.csv,0230.jpg,2,579.0,97.0,0,train
game1,Clip13,../Dataset/game1/Clip13/0231.jpg,../Dataset/game1/Clip13/Label.csv,0231.jpg,1,584.0,100.0,0,train
game1,Clip13,../Dataset/game1/Clip13/0232.jpg,../Dataset/game1/Clip13/Label.csv,0232.jpg,1,587.0,104.0,0,train
game1,Clip13,../Dataset/game1/Clip13/0233.jpg,../Dataset/game1/Clip13/Label.csv,0233.jpg,1,593.0,114.0,0,train
game1,Clip13,../Dataset/game1/Clip13/0234.jpg,../Dataset/game1/Clip13/Label.csv,0234.jpg,1,598.0,118.0,0,train
game1,Clip13,../Dataset/game1/Clip13/0235.jpg,../Dataset/game1/Clip13/Label.csv,0235.jpg,1,604.0,127.0,0,train
game1,Clip13,../Dataset/game1/Clip13/0236.jpg,../Dataset/game1/Clip13/Label.csv,0236.jpg,1,608.0,138.0,0,train
game1,Clip13,../Dataset/game1/Clip13/0237.jpg,../Dataset/game1/Clip13/Label.csv,0237.jpg,1,617.0,149.0,0,train
game1,Clip13,../Dataset/game1/Clip13/0238.jpg,../Dataset/game1/Clip13/Label.csv,0238.jpg,1,619.0,160.0,0,train
game1,Clip13,../Dataset/game1/Clip13/0239.jpg,../Dataset/game1/Clip13/Label.csv,0239.jpg,2,639.0,178.0,1,train
game1,Clip13,../Dataset/game1/Clip13/0240.jpg,../Dataset/game1/Clip13/Label.csv,0240.jpg,1,676.0,200.0,0,train
game1,Clip13,../Dataset/game1/Clip13/0241.jpg,../Dataset/game1/Clip13/Label.csv,0241.jpg,1,706.0,219.0,0,train
game1,Clip13,../Dataset/game1/Clip13/0242.jpg,../Dataset/game1/Clip13/Label.csv,0242.jpg,1,731.0,235.0,0,train
game1,Clip13,../Dataset/game1/Clip13/0243.jpg,../Dataset/game1/Clip13/Label.csv,0243.jpg,1,749.0,233.0,2,train
game1,Clip13,../Dataset/game1/Clip13/0244.jpg,../Dataset/game1/Clip13/Label.csv,0244.jpg,1,758.0,207.0,0,train
game1,Clip13,../Dataset/game1/Clip13/0245.jpg,../Dataset/game1/Clip13/Label.csv,0245.jpg,1,772.0,178.0,0,train
game1,Clip13,../Dataset/game1/Clip13/0246.jpg,../Dataset/game1/Clip13/Label.csv,0246.jpg,1,782.0,154.0,0,train
game1,Clip13,../Dataset/game1/Clip13/0247.jpg,../Dataset/game1/Clip13/Label.csv,0247.jpg,1,791.0,130.0,0,train
game1,Clip13,../Dataset/game1/Clip13/0248.jpg,../Dataset/game1/Clip13/Label.csv,0248.jpg,1,801.0,112.0,0,train
game1,Clip13,../Dataset/game1/Clip13/0249.jpg,../Dataset/game1/Clip13/Label.csv,0249.jpg,1,811.0,94.0,0,train
game1,Clip13,../Dataset/game1/Clip13/0250.jpg,../Dataset/game1/Clip13/Label.csv,0250.jpg,1,818.0,78.0,0,train
game1,Clip13,../Dataset/game1/Clip13/0251.jpg,../Dataset/game1/Clip13/Label.csv,0251.jpg,1,826.0,67.0,0,train
game1,Clip13,../Dataset/game1/Clip13/0252.jpg,../Dataset/game1/Clip13/Label.csv,0252.jpg,1,834.0,54.0,0,train
game1,Clip6,../Dataset/game1/Clip6/0000.jpg,../Dataset/game1/Clip6/Label.csv,0000.jpg,3,719.0,501.0,0,train
game1,Clip6,../Dataset/game1/Clip6/0001.jpg,../Dataset/game1/Clip6/Label.csv,0001.jpg,1,727.0,500.0,0,train
game1,Clip6,../Dataset/game1/Clip6/0002.jpg,../Dataset/game1/Clip6/Label.csv,0002.jpg,1,736.0,497.0,0,train
game1,Clip6,../Dataset/game1/Clip6/0003.jpg,../Dataset/game1/Clip6/Label.csv,0003.jpg,1,750.0,490.0,0,train
game1,Clip6,../Dataset/game1/Clip6/0004.jpg,../Dataset/game1/Clip6/Label.csv,0004.jpg,1,765.0,476.0,0,train
game1,Clip6,../Dataset/game1/Clip6/0005.jpg,../Dataset/game1/Clip6/Label.csv,0005.jpg,1,775.0,462.0,0,train
game1,Clip6,../Dataset/game1/Clip6/0006.jpg,../Dataset/game1/Clip6/Label.csv,0006.jpg,1,782.0,440.0,0,train
game1,Clip6,../Dataset/game1/Clip6/0007.jpg,../Dataset/game1/Clip6/Label.csv,0007.jpg,1,782.0,418.0,0,train
game1,Clip6,../Dataset/game1/Clip6/0008.jpg,../Dataset/game1/Clip6/Label.csv,0008.jpg,1,778.0,399.0,0,train
game1,Clip6,../Dataset/game1/Clip6/0009.jpg,../Dataset/game1/Clip6/Label.csv,0009.jpg,1,776.0,381.0,0,train
game1,Clip6,../Dataset/game1/Clip6/0010.jpg,../Dataset/game1/Clip6/Label.csv,0010.jpg,1,772.0,363.0,0,train
game1,Clip6,../Dataset/game1/Clip6/0011.jpg,../Dataset/game1/Clip6/Label.csv,0011.jpg,1,768.0,348.0,0,train
game1,Clip6,../Dataset/game1/Clip6/0012.jpg,../Dataset/game1/Clip6/Label.csv,0012.jpg,1,765.0,334.0,0,train
game1,Clip6,../Dataset/game1/Clip6/0013.jpg,../Dataset/game1/Clip6/Label.csv,0013.jpg,1,761.0,322.0,0,train
game1,Clip6,../Dataset/game1/Clip6/0014.jpg,../Dataset/game1/Clip6/Label.csv,0014.jpg,1,759.0,311.0,0,train
game1,Clip6,../Dataset/game1/Clip6/0015.jpg,../Dataset/game1/Clip6/Label.csv,0015.jpg,1,755.0,300.0,0,train
game1,Clip6,../Dataset/game1/Clip6/0016.jpg,../Dataset/game1/Clip6/Label.csv,0016.jpg,1,750.0,290.0,0,train
game1,Clip6,../Dataset/game1/Clip6/0017.jpg,../Dataset/game1/Clip6/Label.csv,0017.jpg,1,747.0,284.0,0,train
game1,Clip6,../Dataset/game1/Clip6/0018.jpg,../Dataset/game1/Clip6/Label.csv,0018.jpg,1,745.0,277.0,0,train
game1,Clip6,../Dataset/game1/Clip6/0019.jpg,../Dataset/game1/Clip6/Label.csv,0019.jpg,1,741.0,274.0,0,train
game1,Clip6,../Dataset/game1/Clip6/0020.jpg,../Dataset/game1/Clip6/Label.csv,0020.jpg,1,737.0,268.0,0,train
game1,Clip6,../Dataset/game1/Clip6/0021.jpg,../Dataset/game1/Clip6/Label.csv,0021.jpg,1,733.0,265.0,0,train
game1,Clip6,../Dataset/game1/Clip6/0022.jpg,../Dataset/game1/Clip6/Label.csv,0022.jpg,1,731.0,265.0,0,train
game1,Clip6,../Dataset/game1/Clip6/0023.jpg,../Dataset/game1/Clip6/Label.csv,0023.jpg,1,726.0,265.0,0,train
game1,Clip6,../Dataset/game1/Clip6/0024.jpg,../Dataset/game1/Clip6/Label.csv,0024.jpg,1,723.0,265.0,0,train
game1,Clip6,../Dataset/game1/Clip6/0025.jpg,../Dataset/game1/Clip6/Label.csv,0025.jpg,1,721.0,268.0,0,train
game1,Clip6,../Dataset/game1/Clip6/0026.jpg,../Dataset/game1/Clip6/Label.csv,0026.jpg,1,715.0,270.0,0,train
game1,Clip6,../Dataset/game1/Clip6/0027.jpg,../Dataset/game1/Clip6/Label.csv,0027.jpg,1,713.0,276.0,0,train
game1,Clip6,../Dataset/game1/Clip6/0028.jpg,../Dataset/game1/Clip6/Label.csv,0028.jpg,1,709.0,281.0,0,train
game1,Clip6,../Dataset/game1/Clip6/0029.jpg,../Dataset/game1/Clip6/Label.csv,0029.jpg,1,706.0,290.0,0,train
game1,Clip6,../Dataset/game1/Clip6/0030.jpg,../Dataset/game1/Clip6/Label.csv,0030.jpg,1,702.0,300.0,0,train
game1,Clip6,../Dataset/game1/Clip6/0031.jpg,../Dataset/game1/Clip6/Label.csv,0031.jpg,1,698.0,306.0,1,train
game1,Clip6,../Dataset/game1/Clip6/0032.jpg,../Dataset/game1/Clip6/Label.csv,0032.jpg,1,686.0,290.0,0,train
game1,Clip6,../Dataset/game1/Clip6/0033.jpg,../Dataset/game1/Clip6/Label.csv,0033.jpg,1,675.0,271.0,0,train
game1,Clip6,../Dataset/game1/Clip6/0034.jpg,../Dataset/game1/Clip6/Label.csv,0034.jpg,1,667.0,260.0,0,train
game1,Clip6,../Dataset/game1/Clip6/0035.jpg,../Dataset/game1/Clip6/Label.csv,0035.jpg,2,659.0,249.0,0,train
game1,Clip6,../Dataset/game1/Clip6/0036.jpg,../Dataset/game1/Clip6/Label.csv,0036.jpg,2,652.0,243.0,0,train
game1,Clip6,../Dataset/game1/Clip6/0037.jpg,../Dataset/game1/Clip6/Label.csv,0037.jpg,2,649.0,241.0,0,train
game1,Clip6,../Dataset/game1/Clip6/0038.jpg,../Dataset/game1/Clip6/Label.csv,0038.jpg,2,641.0,236.0,0,train
game1,Clip6,../Dataset/game1/Clip6/0039.jpg,../Dataset/game1/Clip6/Label.csv,0039.jpg,1,637.0,235.0,0,train
game1,Clip6,../Dataset/game1/Clip6/0040.jpg,../Dataset/game1/Clip6/Label.csv,0040.jpg,1,633.0,235.0,2,train
game1,Clip6,../Dataset/game1/Clip6/0041.jpg,../Dataset/game1/Clip6/Label.csv,0041.jpg,1,629.0,210.0,0,train
game1,Clip6,../Dataset/game1/Clip6/0042.jpg,../Dataset/game1/Clip6/Label.csv,0042.jpg,1,625.0,193.0,0,train
game1,Clip6,../Dataset/game1/Clip6/0043.jpg,../Dataset/game1/Clip6/Label.csv,0043.jpg,2,624.0,176.0,0,train
game1,Clip6,../Dataset/game1/Clip6/0044.jpg,../Dataset/game1/Clip6/Label.csv,0044.jpg,1,618.0,159.0,0,train
game1,Clip6,../Dataset/game1/Clip6/0045.jpg,../Dataset/game1/Clip6/Label.csv,0045.jpg,2,616.0,145.0,0,train
game1,Clip6,../Dataset/game1/Clip6/0046.jpg,../Dataset/game1/Clip6/Label.csv,0046.jpg,1,614.0,135.0,0,train
game1,Clip6,../Dataset/game1/Clip6/0047.jpg,../Dataset/game1/Clip6/Label.csv,0047.jpg,1,612.0,127.0,0,train
game1,Clip6,../Dataset/game1/Clip6/0048.jpg,../Dataset/game1/Clip6/Label.csv,0048.jpg,1,606.0,118.0,0,train
game1,Clip6,../Dataset/game1/Clip6/0049.jpg,../Dataset/game1/Clip6/Label.csv,0049.jpg,1,604.0,114.0,0,train
game1,Clip6,../Dataset/game1/Clip6/0050.jpg,../Dataset/game1/Clip6/Label.csv,0050.jpg,1,602.0,110.0,0,train
game1,Clip6,../Dataset/game1/Clip6/0051.jpg,../Dataset/game1/Clip6/Label.csv,0051.jpg,1,599.0,105.0,0,train
game1,Clip6,../Dataset/game1/Clip6/0052.jpg,../Dataset/game1/Clip6/Label.csv,0052.jpg,1,597.0,102.0,0,train
game1,Clip6,../Dataset/game1/Clip6/0053.jpg,../Dataset/game1/Clip6/Label.csv,0053.jpg,1,593.0,102.0,0,train
game1,Clip6,../Dataset/game1/Clip6/0054.jpg,../Dataset/game1/Clip6/Label.csv,0054.jpg,1,590.0,101.0,0,train
game1,Clip6,../Dataset/game1/Clip6/0055.jpg,../Dataset/game1/Clip6/Label.csv,0055.jpg,1,589.0,102.0,0,train
game1,Clip6,../Dataset/game1/Clip6/0056.jpg,../Dataset/game1/Clip6/Label.csv,0056.jpg,1,585.0,102.0,0,train
game1,Clip6,../Dataset/game1/Clip6/0057.jpg,../Dataset/game1/Clip6/Label.csv,0057.jpg,1,583.0,105.0,0,train
game1,Clip6,../Dataset/game1/Clip6/0058.jpg,../Dataset/game1/Clip6/Label.csv,0058.jpg,2,580.0,108.0,0,train
game1,Clip6,../Dataset/game1/Clip6/0059.jpg,../Dataset/game1/Clip6/Label.csv,0059.jpg,2,579.0,109.0,0,train
game1,Clip6,../Dataset/game1/Clip6/0060.jpg,../Dataset/game1/Clip6/Label.csv,0060.jpg,2,579.0,110.0,0,train
game1,Clip6,../Dataset/game1/Clip6/0061.jpg,../Dataset/game1/Clip6/Label.csv,0061.jpg,2,575.0,112.0,0,train
game1,Clip6,../Dataset/game1/Clip6/0062.jpg,../Dataset/game1/Clip6/Label.csv,0062.jpg,1,575.0,117.0,0,train
game1,Clip6,../Dataset/game1/Clip6/0063.jpg,../Dataset/game1/Clip6/Label.csv,0063.jpg,1,574.0,119.0,0,train
game1,Clip6,../Dataset/game1/Clip6/0064.jpg,../Dataset/game1/Clip6/Label.csv,0064.jpg,1,574.0,123.0,0,train
game1,Clip6,../Dataset/game1/Clip6/0065.jpg,../Dataset/game1/Clip6/Label.csv,0065.jpg,1,572.0,127.0,0,train
game1,Clip6,../Dataset/game1/Clip6/0066.jpg,../Dataset/game1/Clip6/Label.csv,0066.jpg,1,571.0,132.0,0,train
game1,Clip6,../Dataset/game1/Clip6/0067.jpg,../Dataset/game1/Clip6/Label.csv,0067.jpg,1,571.0,129.0,0,train
game1,Clip6,../Dataset/game1/Clip6/0068.jpg,../Dataset/game1/Clip6/Label.csv,0068.jpg,1,570.0,132.0,0,train
game1,Clip6,../Dataset/game1/Clip6/0069.jpg,../Dataset/game1/Clip6/Label.csv,0069.jpg,1,570.0,133.0,0,train
game1,Clip6,../Dataset/game1/Clip6/0070.jpg,../Dataset/game1/Clip6/Label.csv,0070.jpg,1,568.0,136.0,0,train
game1,Clip6,../Dataset/game1/Clip6/0071.jpg,../Dataset/game1/Clip6/Label.csv,0071.jpg,1,567.0,137.0,0,train
game1,Clip6,../Dataset/game1/Clip6/0072.jpg,../Dataset/game1/Clip6/Label.csv,0072.jpg,1,564.0,141.0,0,train
game1,Clip6,../Dataset/game1/Clip6/0073.jpg,../Dataset/game1/Clip6/Label.csv,0073.jpg,2,563.0,145.0,0,train
game1,Clip6,../Dataset/game1/Clip6/0074.jpg,../Dataset/game1/Clip6/Label.csv,0074.jpg,2,563.0,149.0,0,train
game1,Clip6,../Dataset/game1/Clip6/0075.jpg,../Dataset/game1/Clip6/Label.csv,0075.jpg,2,563.0,149.0,0,train
game1,Clip6,../Dataset/game1/Clip6/0076.jpg,../Dataset/game1/Clip6/Label.csv,0076.jpg,2,562.0,147.0,0,train
game1,Clip6,../Dataset/game1/Clip6/0077.jpg,../Dataset/game1/Clip6/Label.csv,0077.jpg,2,563.0,148.0,0,train
game1,Clip12,../Dataset/game1/Clip12/0000.jpg,../Dataset/game1/Clip12/Label.csv,0000.jpg,1,719.0,464.0,0,train
game1,Clip12,../Dataset/game1/Clip12/0001.jpg,../Dataset/game1/Clip12/Label.csv,0001.jpg,1,720.0,458.0,0,train
game1,Clip12,../Dataset/game1/Clip12/0002.jpg,../Dataset/game1/Clip12/Label.csv,0002.jpg,1,722.0,449.0,0,train
game1,Clip12,../Dataset/game1/Clip12/0003.jpg,../Dataset/game1/Clip12/Label.csv,0003.jpg,1,724.0,434.0,0,train
game1,Clip12,../Dataset/game1/Clip12/0004.jpg,../Dataset/game1/Clip12/Label.csv,0004.jpg,1,723.0,418.0,0,train
game1,Clip12,../Dataset/game1/Clip12/0005.jpg,../Dataset/game1/Clip12/Label.csv,0005.jpg,1,723.0,402.0,0,train
game1,Clip12,../Dataset/game1/Clip12/0006.jpg,../Dataset/game1/Clip12/Label.csv,0006.jpg,1,721.0,383.0,0,train
game1,Clip12,../Dataset/game1/Clip12/0007.jpg,../Dataset/game1/Clip12/Label.csv,0007.jpg,1,720.0,367.0,0,train
game1,Clip12,../Dataset/game1/Clip12/0008.jpg,../Dataset/game1/Clip12/Label.csv,0008.jpg,1,719.0,350.0,0,train
game1,Clip12,../Dataset/game1/Clip12/0009.jpg,../Dataset/game1/Clip12/Label.csv,0009.jpg,1,718.0,336.0,0,train
game1,Clip12,../Dataset/game1/Clip12/0010.jpg,../Dataset/game1/Clip12/Label.csv,0010.jpg,1,717.0,323.0,0,train
game1,Clip12,../Dataset/game1/Clip12/0011.jpg,../Dataset/game1/Clip12/Label.csv,0011.jpg,1,715.0,312.0,0,train
game1,Clip12,../Dataset/game1/Clip12/0012.jpg,../Dataset/game1/Clip12/Label.csv,0012.jpg,1,714.0,302.0,0,train
game1,Clip12,../Dataset/game1/Clip12/0013.jpg,../Dataset/game1/Clip12/Label.csv,0013.jpg,1,713.0,293.0,0,train
game1,Clip12,../Dataset/game1/Clip12/0014.jpg,../Dataset/game1/Clip12/Label.csv,0014.jpg,2,711.0,287.0,0,train
game1,Clip12,../Dataset/game1/Clip12/0015.jpg,../Dataset/game1/Clip12/Label.csv,0015.jpg,2,710.0,280.0,0,train
game1,Clip12,../Dataset/game1/Clip12/0016.jpg,../Dataset/game1/Clip12/Label.csv,0016.jpg,1,708.0,274.0,0,train
game1,Clip12,../Dataset/game1/Clip12/0017.jpg,../Dataset/game1/Clip12/Label.csv,0017.jpg,1,707.0,269.0,0,train
game1,Clip12,../Dataset/game1/Clip12/0018.jpg,../Dataset/game1/Clip12/Label.csv,0018.jpg,1,703.0,266.0,0,train
game1,Clip12,../Dataset/game1/Clip12/0019.jpg,../Dataset/game1/Clip12/Label.csv,0019.jpg,1,702.0,266.0,0,train
game1,Clip12,../Dataset/game1/Clip12/0020.jpg,../Dataset/game1/Clip12/Label.csv,0020.jpg,1,701.0,267.0,0,train
game1,Clip12,../Dataset/game1/Clip12/0021.jpg,../Dataset/game1/Clip12/Label.csv,0021.jpg,1,700.0,270.0,0,train
game1,Clip12,../Dataset/game1/Clip12/0022.jpg,../Dataset/game1/Clip12/Label.csv,0022.jpg,1,697.0,274.0,0,train
game1,Clip12,../Dataset/game1/Clip12/0023.jpg,../Dataset/game1/Clip12/Label.csv,0023.jpg,1,697.0,278.0,0,train
game1,Clip12,../Dataset/game1/Clip12/0024.jpg,../Dataset/game1/Clip12/Label.csv,0024.jpg,2,696.0,282.0,0,train
game1,Clip12,../Dataset/game1/Clip12/0025.jpg,../Dataset/game1/Clip12/Label.csv,0025.jpg,1,694.0,291.0,0,train
game1,Clip12,../Dataset/game1/Clip12/0026.jpg,../Dataset/game1/Clip12/Label.csv,0026.jpg,1,692.0,301.0,0,train
game1,Clip12,../Dataset/game1/Clip12/0027.jpg,../Dataset/game1/Clip12/Label.csv,0027.jpg,1,691.0,307.0,1,train
game1,Clip12,../Dataset/game1/Clip12/0028.jpg,../Dataset/game1/Clip12/Label.csv,0028.jpg,2,675.0,284.0,0,train
game1,Clip12,../Dataset/game1/Clip12/0029.jpg,../Dataset/game1/Clip12/Label.csv,0029.jpg,1,665.0,267.0,0,train
game1,Clip12,../Dataset/game1/Clip12/0030.jpg,../Dataset/game1/Clip12/Label.csv,0030.jpg,1,653.0,257.0,0,train
game1,Clip12,../Dataset/game1/Clip12/0031.jpg,../Dataset/game1/Clip12/Label.csv,0031.jpg,2,643.0,249.0,0,train
game1,Clip12,../Dataset/game1/Clip12/0032.jpg,../Dataset/game1/Clip12/Label.csv,0032.jpg,1,632.0,242.0,0,train
game1,Clip12,../Dataset/game1/Clip12/0033.jpg,../Dataset/game1/Clip12/Label.csv,0033.jpg,1,620.0,238.0,0,train
game1,Clip12,../Dataset/game1/Clip12/0034.jpg,../Dataset/game1/Clip12/Label.csv,0034.jpg,1,613.0,237.0,0,train
game1,Clip12,../Dataset/game1/Clip12/0035.jpg,../Dataset/game1/Clip12/Label.csv,0035.jpg,1,603.0,238.0,0,train
game1,Clip12,../Dataset/game1/Clip12/0036.jpg,../Dataset/game1/Clip12/Label.csv,0036.jpg,1,593.0,241.0,0,train
game1,Clip12,../Dataset/game1/Clip12/0037.jpg,../Dataset/game1/Clip12/Label.csv,0037.jpg,1,582.0,243.0,0,train
game1,Clip12,../Dataset/game1/Clip12/0038.jpg,../Dataset/game1/Clip12/Label.csv,0038.jpg,2,573.0,247.0,2,train
game1,Clip12,../Dataset/game1/Clip12/0039.jpg,../Dataset/game1/Clip12/Label.csv,0039.jpg,1,568.0,231.0,2,train
game1,Clip12,../Dataset/game1/Clip12/0040.jpg,../Dataset/game1/Clip12/Label.csv,0040.jpg,1,563.0,217.0,0,train
game1,Clip12,../Dataset/game1/Clip12/0041.jpg,../Dataset/game1/Clip12/Label.csv,0041.jpg,1,560.0,196.0,0,train
game1,Clip12,../Dataset/game1/Clip12/0042.jpg,../Dataset/game1/Clip12/Label.csv,0042.jpg,1,556.0,181.0,0,train
game1,Clip12,../Dataset/game1/Clip12/0043.jpg,../Dataset/game1/Clip12/Label.csv,0043.jpg,1,551.0,171.0,0,train
game1,Clip12,../Dataset/game1/Clip12/0044.jpg,../Dataset/game1/Clip12/Label.csv,0044.jpg,1,549.0,155.0,0,train
game1,Clip12,../Dataset/game1/Clip12/0045.jpg,../Dataset/game1/Clip12/Label.csv,0045.jpg,1,545.0,147.0,0,train
game1,Clip12,../Dataset/game1/Clip12/0046.jpg,../Dataset/game1/Clip12/Label.csv,0046.jpg,1,540.0,136.0,0,train
game1,Clip12,../Dataset/game1/Clip12/0047.jpg,../Dataset/game1/Clip12/Label.csv,0047.jpg,1,536.0,127.0,0,train
game1,Clip12,../Dataset/game1/Clip12/0048.jpg,../Dataset/game1/Clip12/Label.csv,0048.jpg,1,531.0,123.0,0,train
game1,Clip12,../Dataset/game1/Clip12/0049.jpg,../Dataset/game1/Clip12/Label.csv,0049.jpg,1,532.0,119.0,1,train
game1,Clip12,../Dataset/game1/Clip12/0050.jpg,../Dataset/game1/Clip12/Label.csv,0050.jpg,1,534.0,120.0,0,train
game1,Clip12,../Dataset/game1/Clip12/0051.jpg,../Dataset/game1/Clip12/Label.csv,0051.jpg,1,536.0,120.0,0,train
game1,Clip12,../Dataset/game1/Clip12/0052.jpg,../Dataset/game1/Clip12/Label.csv,0052.jpg,1,537.0,124.0,0,train
game1,Clip12,../Dataset/game1/Clip12/0053.jpg,../Dataset/game1/Clip12/Label.csv,0053.jpg,1,541.0,123.0,0,train
game1,Clip12,../Dataset/game1/Clip12/0054.jpg,../Dataset/game1/Clip12/Label.csv,0054.jpg,1,540.0,125.0,0,train
game1,Clip12,../Dataset/game1/Clip12/0055.jpg,../Dataset/game1/Clip12/Label.csv,0055.jpg,1,545.0,130.0,0,train
game1,Clip12,../Dataset/game1/Clip12/0056.jpg,../Dataset/game1/Clip12/Label.csv,0056.jpg,1,546.0,132.0,0,train
game1,Clip12,../Dataset/game1/Clip12/0057.jpg,../Dataset/game1/Clip12/Label.csv,0057.jpg,1,547.0,136.0,0,train
game1,Clip12,../Dataset/game1/Clip12/0058.jpg,../Dataset/game1/Clip12/Label.csv,0058.jpg,1,550.0,139.0,0,train
game1,Clip12,../Dataset/game1/Clip12/0059.jpg,../Dataset/game1/Clip12/Label.csv,0059.jpg,1,552.0,145.0,0,train
game1,Clip12,../Dataset/game1/Clip12/0060.jpg,../Dataset/game1/Clip12/Label.csv,0060.jpg,2,556.0,151.0,0,train
game1,Clip12,../Dataset/game1/Clip12/0061.jpg,../Dataset/game1/Clip12/Label.csv,0061.jpg,1,558.0,156.0,0,train
game1,Clip12,../Dataset/game1/Clip12/0062.jpg,../Dataset/game1/Clip12/Label.csv,0062.jpg,1,560.0,164.0,0,train
game1,Clip12,../Dataset/game1/Clip12/0063.jpg,../Dataset/game1/Clip12/Label.csv,0063.jpg,2,563.0,173.0,0,train
game1,Clip12,../Dataset/game1/Clip12/0064.jpg,../Dataset/game1/Clip12/Label.csv,0064.jpg,1,566.0,181.0,0,train
game1,Clip12,../Dataset/game1/Clip12/0065.jpg,../Dataset/game1/Clip12/Label.csv,0065.jpg,1,568.0,190.0,0,train
game1,Clip12,../Dataset/game1/Clip12/0066.jpg,../Dataset/game1/Clip12/Label.csv,0066.jpg,1,571.0,200.0,0,train
game1,Clip12,../Dataset/game1/Clip12/0067.jpg,../Dataset/game1/Clip12/Label.csv,0067.jpg,1,572.0,210.0,0,train
game1,Clip12,../Dataset/game1/Clip12/0068.jpg,../Dataset/game1/Clip12/Label.csv,0068.jpg,1,574.0,222.0,0,train
game1,Clip12,../Dataset/game1/Clip12/0069.jpg,../Dataset/game1/Clip12/Label.csv,0069.jpg,1,576.0,235.0,0,train
game1,Clip12,../Dataset/game1/Clip12/0070.jpg,../Dataset/game1/Clip12/Label.csv,0070.jpg,2,579.0,248.0,0,train
game1,Clip12,../Dataset/game1/Clip12/0071.jpg,../Dataset/game1/Clip12/Label.csv,0071.jpg,1,581.0,265.0,0,train
game1,Clip12,../Dataset/game1/Clip12/0072.jpg,../Dataset/game1/Clip12/Label.csv,0072.jpg,1,584.0,280.0,0,train
game1,Clip12,../Dataset/game1/Clip12/0073.jpg,../Dataset/game1/Clip12/Label.csv,0073.jpg,1,585.0,296.0,0,train
game1,Clip12,../Dataset/game1/Clip12/0074.jpg,../Dataset/game1/Clip12/Label.csv,0074.jpg,1,590.0,316.0,0,train
game1,Clip12,../Dataset/game1/Clip12/0075.jpg,../Dataset/game1/Clip12/Label.csv,0075.jpg,1,591.0,335.0,0,train
game1,Clip12,../Dataset/game1/Clip12/0076.jpg,../Dataset/game1/Clip12/Label.csv,0076.jpg,1,593.0,356.0,0,train
game1,Clip12,../Dataset/game1/Clip12/0077.jpg,../Dataset/game1/Clip12/Label.csv,0077.jpg,1,596.0,379.0,0,train
game1,Clip12,../Dataset/game1/Clip12/0078.jpg,../Dataset/game1/Clip12/Label.csv,0078.jpg,1,597.0,397.0,0,train
game1,Clip12,../Dataset/game1/Clip12/0079.jpg,../Dataset/game1/Clip12/Label.csv,0079.jpg,1,601.0,427.0,0,train
game1,Clip12,../Dataset/game1/Clip12/0080.jpg,../Dataset/game1/Clip12/Label.csv,0080.jpg,2,605.0,455.0,0,train
game1,Clip12,../Dataset/game1/Clip12/0081.jpg,../Dataset/game1/Clip12/Label.csv,0081.jpg,1,607.0,480.0,0,train
game1,Clip12,../Dataset/game1/Clip12/0082.jpg,../Dataset/game1/Clip12/Label.csv,0082.jpg,1,609.0,486.0,2,train
game1,Clip12,../Dataset/game1/Clip12/0083.jpg,../Dataset/game1/Clip12/Label.csv,0083.jpg,1,610.0,484.0,0,train
game1,Clip12,../Dataset/game1/Clip12/0084.jpg,../Dataset/game1/Clip12/Label.csv,0084.jpg,3,610.0,481.0,0,train
game1,Clip12,../Dataset/game1/Clip12/0085.jpg,../Dataset/game1/Clip12/Label.csv,0085.jpg,1,613.0,477.0,0,train
game1,Clip12,../Dataset/game1/Clip12/0086.jpg,../Dataset/game1/Clip12/Label.csv,0086.jpg,1,612.0,477.0,0,train
game1,Clip12,../Dataset/game1/Clip12/0087.jpg,../Dataset/game1/Clip12/Label.csv,0087.jpg,1,614.0,476.0,0,train
game1,Clip12,../Dataset/game1/Clip12/0088.jpg,../Dataset/game1/Clip12/Label.csv,0088.jpg,1,614.0,479.0,0,train
game1,Clip12,../Dataset/game1/Clip12/0089.jpg,../Dataset/game1/Clip12/Label.csv,0089.jpg,1,615.0,479.0,0,train
game1,Clip12,../Dataset/game1/Clip12/0090.jpg,../Dataset/game1/Clip12/Label.csv,0090.jpg,1,617.0,485.0,0,train
game1,Clip12,../Dataset/game1/Clip12/0091.jpg,../Dataset/game1/Clip12/Label.csv,0091.jpg,1,617.0,491.0,0,train
game1,Clip12,../Dataset/game1/Clip12/0092.jpg,../Dataset/game1/Clip12/Label.csv,0092.jpg,1,619.0,497.0,1,train
game1,Clip12,../Dataset/game1/Clip12/0093.jpg,../Dataset/game1/Clip12/Label.csv,0093.jpg,1,641.0,440.0,0,train
game1,Clip12,../Dataset/game1/Clip12/0094.jpg,../Dataset/game1/Clip12/Label.csv,0094.jpg,1,657.0,387.0,0,train
game1,Clip12,../Dataset/game1/Clip12/0095.jpg,../Dataset/game1/Clip12/Label.csv,0095.jpg,1,676.0,346.0,0,train
game1,Clip12,../Dataset/game1/Clip12/0096.jpg,../Dataset/game1/Clip12/Label.csv,0096.jpg,1,688.0,311.0,0,train
game1,Clip12,../Dataset/game1/Clip12/0097.jpg,../Dataset/game1/Clip12/Label.csv,0097.jpg,2,701.0,284.0,0,train
game1,Clip12,../Dataset/game1/Clip12/0098.jpg,../Dataset/game1/Clip12/Label.csv,0098.jpg,1,714.0,257.0,0,train
game1,Clip12,../Dataset/game1/Clip12/0099.jpg,../Dataset/game1/Clip12/Label.csv,0099.jpg,1,723.0,241.0,0,train
game1,Clip12,../Dataset/game1/Clip12/0100.jpg,../Dataset/game1/Clip12/Label.csv,0100.jpg,1,733.0,222.0,0,train
game1,Clip12,../Dataset/game1/Clip12/0101.jpg,../Dataset/game1/Clip12/Label.csv,0101.jpg,1,738.0,211.0,0,train
game1,Clip12,../Dataset/game1/Clip12/0102.jpg,../Dataset/game1/Clip12/Label.csv,0102.jpg,1,747.0,200.0,0,train
game1,Clip12,../Dataset/game1/Clip12/0103.jpg,../Dataset/game1/Clip12/Label.csv,0103.jpg,1,752.0,191.0,0,train
game1,Clip12,../Dataset/game1/Clip12/0104.jpg,../Dataset/game1/Clip12/Label.csv,0104.jpg,1,756.0,188.0,0,train
game1,Clip12,../Dataset/game1/Clip12/0105.jpg,../Dataset/game1/Clip12/Label.csv,0105.jpg,1,761.0,182.0,0,train
game1,Clip12,../Dataset/game1/Clip12/0106.jpg,../Dataset/game1/Clip12/Label.csv,0106.jpg,1,767.0,179.0,0,train
game1,Clip12,../Dataset/game1/Clip12/0107.jpg,../Dataset/game1/Clip12/Label.csv,0107.jpg,1,772.0,177.0,0,train
game1,Clip12,../Dataset/game1/Clip12/0108.jpg,../Dataset/game1/Clip12/Label.csv,0108.jpg,1,777.0,179.0,0,train
game1,Clip12,../Dataset/game1/Clip12/0109.jpg,../Dataset/game1/Clip12/Label.csv,0109.jpg,1,780.0,178.0,0,train
game1,Clip12,../Dataset/game1/Clip12/0110.jpg,../Dataset/game1/Clip12/Label.csv,0110.jpg,1,782.0,181.0,0,train
game1,Clip12,../Dataset/game1/Clip12/0111.jpg,../Dataset/game1/Clip12/Label.csv,0111.jpg,1,785.0,186.0,2,train
game1,Clip12,../Dataset/game1/Clip12/0112.jpg,../Dataset/game1/Clip12/Label.csv,0112.jpg,2,787.0,171.0,0,train
game1,Clip12,../Dataset/game1/Clip12/0113.jpg,../Dataset/game1/Clip12/Label.csv,0113.jpg,1,789.0,159.0,0,train
game1,Clip12,../Dataset/game1/Clip12/0114.jpg,../Dataset/game1/Clip12/Label.csv,0114.jpg,1,790.0,148.0,0,train
game1,Clip12,../Dataset/game1/Clip12/0115.jpg,../Dataset/game1/Clip12/Label.csv,0115.jpg,1,791.0,136.0,0,train
game1,Clip12,../Dataset/game1/Clip12/0116.jpg,../Dataset/game1/Clip12/Label.csv,0116.jpg,1,792.0,129.0,0,train
game1,Clip12,../Dataset/game1/Clip12/0117.jpg,../Dataset/game1/Clip12/Label.csv,0117.jpg,1,794.0,120.0,0,train
game1,Clip12,../Dataset/game1/Clip12/0118.jpg,../Dataset/game1/Clip12/Label.csv,0118.jpg,2,794.0,116.0,0,train
game1,Clip12,../Dataset/game1/Clip12/0119.jpg,../Dataset/game1/Clip12/Label.csv,0119.jpg,1,796.0,109.0,0,train
game1,Clip12,../Dataset/game1/Clip12/0120.jpg,../Dataset/game1/Clip12/Label.csv,0120.jpg,1,798.0,104.0,0,train
game1,Clip12,../Dataset/game1/Clip12/0121.jpg,../Dataset/game1/Clip12/Label.csv,0121.jpg,1,799.0,102.0,0,train
game1,Clip12,../Dataset/game1/Clip12/0122.jpg,../Dataset/game1/Clip12/Label.csv,0122.jpg,1,800.0,98.0,0,train
game1,Clip12,../Dataset/game1/Clip12/0123.jpg,../Dataset/game1/Clip12/Label.csv,0123.jpg,1,801.0,98.0,0,train
game1,Clip12,../Dataset/game1/Clip12/0124.jpg,../Dataset/game1/Clip12/Label.csv,0124.jpg,1,802.0,96.0,0,train
game1,Clip12,../Dataset/game1/Clip12/0125.jpg,../Dataset/game1/Clip12/Label.csv,0125.jpg,1,801.0,95.0,0,train
game1,Clip9,../Dataset/game1/Clip9/0000.jpg,../Dataset/game1/Clip9/Label.csv,0000.jpg,1,602.0,125.0,0,train
game1,Clip9,../Dataset/game1/Clip9/0001.jpg,../Dataset/game1/Clip9/Label.csv,0001.jpg,1,601.0,117.0,0,train
game1,Clip9,../Dataset/game1/Clip9/0002.jpg,../Dataset/game1/Clip9/Label.csv,0002.jpg,1,602.0,109.0,0,train
game1,Clip9,../Dataset/game1/Clip9/0003.jpg,../Dataset/game1/Clip9/Label.csv,0003.jpg,1,603.0,97.0,0,train
game1,Clip9,../Dataset/game1/Clip9/0004.jpg,../Dataset/game1/Clip9/Label.csv,0004.jpg,1,602.0,91.0,0,train
game1,Clip9,../Dataset/game1/Clip9/0005.jpg,../Dataset/game1/Clip9/Label.csv,0005.jpg,1,603.0,83.0,0,train
game1,Clip9,../Dataset/game1/Clip9/0006.jpg,../Dataset/game1/Clip9/Label.csv,0006.jpg,1,603.0,74.0,0,train
game1,Clip9,../Dataset/game1/Clip9/0007.jpg,../Dataset/game1/Clip9/Label.csv,0007.jpg,1,605.0,67.0,0,train
game1,Clip9,../Dataset/game1/Clip9/0008.jpg,../Dataset/game1/Clip9/Label.csv,0008.jpg,1,605.0,62.0,0,train
game1,Clip9,../Dataset/game1/Clip9/0009.jpg,../Dataset/game1/Clip9/Label.csv,0009.jpg,1,606.0,56.0,0,train
game1,Clip9,../Dataset/game1/Clip9/0010.jpg,../Dataset/game1/Clip9/Label.csv,0010.jpg,1,607.0,51.0,0,train
game1,Clip9,../Dataset/game1/Clip9/0011.jpg,../Dataset/game1/Clip9/Label.csv,0011.jpg,1,608.0,45.0,0,train
game1,Clip9,../Dataset/game1/Clip9/0012.jpg,../Dataset/game1/Clip9/Label.csv,0012.jpg,1,610.0,39.0,0,train
game1,Clip9,../Dataset/game1/Clip9/0013.jpg,../Dataset/game1/Clip9/Label.csv,0013.jpg,1,610.0,36.0,0,train
game1,Clip9,../Dataset/game1/Clip9/0014.jpg,../Dataset/game1/Clip9/Label.csv,0014.jpg,1,613.0,36.0,0,train
game1,Clip9,../Dataset/game1/Clip9/0015.jpg,../Dataset/game1/Clip9/Label.csv,0015.jpg,1,614.0,34.0,0,train
game1,Clip9,../Dataset/game1/Clip9/0016.jpg,../Dataset/game1/Clip9/Label.csv,0016.jpg,1,614.0,35.0,0,train
game1,Clip9,../Dataset/game1/Clip9/0017.jpg,../Dataset/game1/Clip9/Label.csv,0017.jpg,1,615.0,33.0,0,train
game1,Clip9,../Dataset/game1/Clip9/0018.jpg,../Dataset/game1/Clip9/Label.csv,0018.jpg,1,617.0,36.0,0,train
game1,Clip9,../Dataset/game1/Clip9/0019.jpg,../Dataset/game1/Clip9/Label.csv,0019.jpg,1,617.0,38.0,0,train
game1,Clip9,../Dataset/game1/Clip9/0020.jpg,../Dataset/game1/Clip9/Label.csv,0020.jpg,1,616.0,40.0,0,train
game1,Clip9,../Dataset/game1/Clip9/0021.jpg,../Dataset/game1/Clip9/Label.csv,0021.jpg,1,619.0,43.0,0,train
game1,Clip9,../Dataset/game1/Clip9/0022.jpg,../Dataset/game1/Clip9/Label.csv,0022.jpg,1,619.0,46.0,0,train
game1,Clip9,../Dataset/game1/Clip9/0023.jpg,../Dataset/game1/Clip9/Label.csv,0023.jpg,1,619.0,50.0,0,train
game1,Clip9,../Dataset/game1/Clip9/0024.jpg,../Dataset/game1/Clip9/Label.csv,0024.jpg,1,619.0,56.0,1,train
game1,Clip9,../Dataset/game1/Clip9/0025.jpg,../Dataset/game1/Clip9/Label.csv,0025.jpg,1,620.0,68.0,0,train
game1,Clip9,../Dataset/game1/Clip9/0026.jpg,../Dataset/game1/Clip9/Label.csv,0026.jpg,1,620.0,83.0,0,train
game1,Clip9,../Dataset/game1/Clip9/0027.jpg,../Dataset/game1/Clip9/Label.csv,0027.jpg,1,620.0,98.0,0,train
game1,Clip9,../Dataset/game1/Clip9/0028.jpg,../Dataset/game1/Clip9/Label.csv,0028.jpg,2,621.0,118.0,0,train
game1,Clip9,../Dataset/game1/Clip9/0029.jpg,../Dataset/game1/Clip9/Label.csv,0029.jpg,1,625.0,140.0,0,train
game1,Clip9,../Dataset/game1/Clip9/0030.jpg,../Dataset/game1/Clip9/Label.csv,0030.jpg,1,627.0,162.0,0,train
game1,Clip9,../Dataset/game1/Clip9/0031.jpg,../Dataset/game1/Clip9/Label.csv,0031.jpg,1,630.0,188.0,0,train
game1,Clip9,../Dataset/game1/Clip9/0032.jpg,../Dataset/game1/Clip9/Label.csv,0032.jpg,1,634.0,212.0,0,train
game1,Clip9,../Dataset/game1/Clip9/0033.jpg,../Dataset/game1/Clip9/Label.csv,0033.jpg,2,642.0,241.0,0,train
game1,Clip9,../Dataset/game1/Clip9/0034.jpg,../Dataset/game1/Clip9/Label.csv,0034.jpg,2,645.0,275.0,0,train
game1,Clip9,../Dataset/game1/Clip9/0035.jpg,../Dataset/game1/Clip9/Label.csv,0035.jpg,1,654.0,307.0,0,train
game1,Clip9,../Dataset/game1/Clip9/0036.jpg,../Dataset/game1/Clip9/Label.csv,0036.jpg,1,661.0,344.0,0,train
game1,Clip9,../Dataset/game1/Clip9/0037.jpg,../Dataset/game1/Clip9/Label.csv,0037.jpg,1,668.0,370.0,2,train
game1,Clip9,../Dataset/game1/Clip9/0038.jpg,../Dataset/game1/Clip9/Label.csv,0038.jpg,1,671.0,370.0,0,train
game1,Clip9,../Dataset/game1/Clip9/0039.jpg,../Dataset/game1/Clip9/Label.csv,0039.jpg,1,674.0,369.0,0,train
game1,Clip9,../Dataset/game1/Clip9/0040.jpg,../Dataset/game1/Clip9/Label.csv,0040.jpg,1,676.0,369.0,0,train
game1,Clip9,../Dataset/game1/Clip9/0041.jpg,../Dataset/game1/Clip9/Label.csv,0041.jpg,1,679.0,371.0,0,train
game1,Clip9,../Dataset/game1/Clip9/0042.jpg,../Dataset/game1/Clip9/Label.csv,0042.jpg,1,685.0,373.0,0,train
game1,Clip9,../Dataset/game1/Clip9/0043.jpg,../Dataset/game1/Clip9/Label.csv,0043.jpg,1,689.0,380.0,0,train
game1,Clip9,../Dataset/game1/Clip9/0044.jpg,../Dataset/game1/Clip9/Label.csv,0044.jpg,1,694.0,385.0,1,train
game1,Clip9,../Dataset/game1/Clip9/0045.jpg,../Dataset/game1/Clip9/Label.csv,0045.jpg,1,696.0,373.0,1,train
game1,Clip9,../Dataset/game1/Clip9/0046.jpg,../Dataset/game1/Clip9/Label.csv,0046.jpg,1,695.0,347.0,0,train
game1,Clip9,../Dataset/game1/Clip9/0047.jpg,../Dataset/game1/Clip9/Label.csv,0047.jpg,1,695.0,326.0,0,train
game1,Clip9,../Dataset/game1/Clip9/0048.jpg,../Dataset/game1/Clip9/Label.csv,0048.jpg,1,695.0,306.0,0,train
game1,Clip9,../Dataset/game1/Clip9/0049.jpg,../Dataset/game1/Clip9/Label.csv,0049.jpg,2,696.0,288.0,0,train
game1,Clip9,../Dataset/game1/Clip9/0050.jpg,../Dataset/game1/Clip9/Label.csv,0050.jpg,1,694.0,275.0,0,train
game1,Clip9,../Dataset/game1/Clip9/0051.jpg,../Dataset/game1/Clip9/Label.csv,0051.jpg,1,696.0,261.0,0,train
game1,Clip9,../Dataset/game1/Clip9/0052.jpg,../Dataset/game1/Clip9/Label.csv,0052.jpg,2,696.0,249.0,0,train
game1,Clip9,../Dataset/game1/Clip9/0053.jpg,../Dataset/game1/Clip9/Label.csv,0053.jpg,1,696.0,236.0,0,train
game1,Clip9,../Dataset/game1/Clip9/0054.jpg,../Dataset/game1/Clip9/Label.csv,0054.jpg,1,697.0,229.0,0,train
game1,Clip9,../Dataset/game1/Clip9/0055.jpg,../Dataset/game1/Clip9/Label.csv,0055.jpg,2,698.0,220.0,0,train
game1,Clip9,../Dataset/game1/Clip9/0056.jpg,../Dataset/game1/Clip9/Label.csv,0056.jpg,1,699.0,212.0,0,train
game1,Clip9,../Dataset/game1/Clip9/0057.jpg,../Dataset/game1/Clip9/Label.csv,0057.jpg,1,699.0,207.0,0,train
game1,Clip9,../Dataset/game1/Clip9/0058.jpg,../Dataset/game1/Clip9/Label.csv,0058.jpg,1,700.0,200.0,0,train
game1,Clip9,../Dataset/game1/Clip9/0059.jpg,../Dataset/game1/Clip9/Label.csv,0059.jpg,1,701.0,197.0,0,train
game1,Clip9,../Dataset/game1/Clip9/0060.jpg,../Dataset/game1/Clip9/Label.csv,0060.jpg,1,701.0,193.0,0,train
game1,Clip9,../Dataset/game1/Clip9/0061.jpg,../Dataset/game1/Clip9/Label.csv,0061.jpg,1,702.0,194.0,0,train
game1,Clip9,../Dataset/game1/Clip9/0062.jpg,../Dataset/game1/Clip9/Label.csv,0062.jpg,1,703.0,190.0,0,train
game1,Clip9,../Dataset/game1/Clip9/0063.jpg,../Dataset/game1/Clip9/Label.csv,0063.jpg,1,703.0,188.0,0,train
game1,Clip9,../Dataset/game1/Clip9/0064.jpg,../Dataset/game1/Clip9/Label.csv,0064.jpg,1,703.0,186.0,0,train
game1,Clip9,../Dataset/game1/Clip9/0065.jpg,../Dataset/game1/Clip9/Label.csv,0065.jpg,1,706.0,184.0,0,train
game1,Clip9,../Dataset/game1/Clip9/0066.jpg,../Dataset/game1/Clip9/Label.csv,0066.jpg,1,707.0,184.0,0,train
game1,Clip9,../Dataset/game1/Clip9/0067.jpg,../Dataset/game1/Clip9/Label.csv,0067.jpg,1,707.0,184.0,0,train
game1,Clip9,../Dataset/game1/Clip9/0068.jpg,../Dataset/game1/Clip9/Label.csv,0068.jpg,1,709.0,184.0,0,train
game1,Clip9,../Dataset/game1/Clip9/0069.jpg,../Dataset/game1/Clip9/Label.csv,0069.jpg,1,710.0,184.0,0,train
game1,Clip9,../Dataset/game1/Clip9/0070.jpg,../Dataset/game1/Clip9/Label.csv,0070.jpg,1,711.0,186.0,0,train
game1,Clip9,../Dataset/game1/Clip9/0071.jpg,../Dataset/game1/Clip9/Label.csv,0071.jpg,1,711.0,188.0,0,train
game1,Clip9,../Dataset/game1/Clip9/0072.jpg,../Dataset/game1/Clip9/Label.csv,0072.jpg,1,712.0,190.0,0,train
game1,Clip9,../Dataset/game1/Clip9/0073.jpg,../Dataset/game1/Clip9/Label.csv,0073.jpg,1,714.0,191.0,0,train
game1,Clip9,../Dataset/game1/Clip9/0074.jpg,../Dataset/game1/Clip9/Label.csv,0074.jpg,1,715.0,195.0,2,train
game1,Clip9,../Dataset/game1/Clip9/0075.jpg,../Dataset/game1/Clip9/Label.csv,0075.jpg,1,715.0,188.0,0,train
game1,Clip9,../Dataset/game1/Clip9/0076.jpg,../Dataset/game1/Clip9/Label.csv,0076.jpg,1,717.0,181.0,0,train
game1,Clip9,../Dataset/game1/Clip9/0077.jpg,../Dataset/game1/Clip9/Label.csv,0077.jpg,2,718.0,173.0,0,train
game1,Clip9,../Dataset/game1/Clip9/0078.jpg,../Dataset/game1/Clip9/Label.csv,0078.jpg,1,720.0,167.0,0,train
game1,Clip9,../Dataset/game1/Clip9/0079.jpg,../Dataset/game1/Clip9/Label.csv,0079.jpg,1,720.0,161.0,0,train
game1,Clip9,../Dataset/game1/Clip9/0080.jpg,../Dataset/game1/Clip9/Label.csv,0080.jpg,1,722.0,156.0,0,train
game1,Clip9,../Dataset/game1/Clip9/0081.jpg,../Dataset/game1/Clip9/Label.csv,0081.jpg,2,723.0,153.0,0,train
game1,Clip9,../Dataset/game1/Clip9/0082.jpg,../Dataset/game1/Clip9/Label.csv,0082.jpg,2,720.0,149.0,1,train
game1,Clip9,../Dataset/game1/Clip9/0083.jpg,../Dataset/game1/Clip9/Label.csv,0083.jpg,1,732.0,155.0,0,train
game1,Clip9,../Dataset/game1/Clip9/0084.jpg,../Dataset/game1/Clip9/Label.csv,0084.jpg,1,741.0,159.0,0,train
game1,Clip9,../Dataset/game1/Clip9/0085.jpg,../Dataset/game1/Clip9/Label.csv,0085.jpg,1,750.0,166.0,0,train
game1,Clip9,../Dataset/game1/Clip9/0086.jpg,../Dataset/game1/Clip9/Label.csv,0086.jpg,2,758.0,173.0,0,train
game1,Clip9,../Dataset/game1/Clip9/0087.jpg,../Dataset/game1/Clip9/Label.csv,0087.jpg,1,770.0,182.0,0,train
game1,Clip9,../Dataset/game1/Clip9/0088.jpg,../Dataset/game1/Clip9/Label.csv,0088.jpg,1,780.0,191.0,0,train
game1,Clip9,../Dataset/game1/Clip9/0089.jpg,../Dataset/game1/Clip9/Label.csv,0089.jpg,1,790.0,205.0,0,train
game1,Clip9,../Dataset/game1/Clip9/0090.jpg,../Dataset/game1/Clip9/Label.csv,0090.jpg,1,802.0,218.0,0,train
game1,Clip9,../Dataset/game1/Clip9/0091.jpg,../Dataset/game1/Clip9/Label.csv,0091.jpg,1,812.0,232.0,0,train
game1,Clip9,../Dataset/game1/Clip9/0092.jpg,../Dataset/game1/Clip9/Label.csv,0092.jpg,2,823.0,248.0,0,train
game1,Clip9,../Dataset/game1/Clip9/0093.jpg,../Dataset/game1/Clip9/Label.csv,0093.jpg,1,835.0,267.0,0,train
game1,Clip9,../Dataset/game1/Clip9/0094.jpg,../Dataset/game1/Clip9/Label.csv,0094.jpg,1,846.0,287.0,0,train
game1,Clip9,../Dataset/game1/Clip9/0095.jpg,../Dataset/game1/Clip9/Label.csv,0095.jpg,1,859.0,307.0,0,train
game1,Clip9,../Dataset/game1/Clip9/0096.jpg,../Dataset/game1/Clip9/Label.csv,0096.jpg,1,872.0,332.0,0,train
game1,Clip9,../Dataset/game1/Clip9/0097.jpg,../Dataset/game1/Clip9/Label.csv,0097.jpg,1,886.0,359.0,0,train
game1,Clip9,../Dataset/game1/Clip9/0098.jpg,../Dataset/game1/Clip9/Label.csv,0098.jpg,1,898.0,387.0,0,train
game1,Clip9,../Dataset/game1/Clip9/0099.jpg,../Dataset/game1/Clip9/Label.csv,0099.jpg,1,912.0,415.0,2,train
game1,Clip9,../Dataset/game1/Clip9/0100.jpg,../Dataset/game1/Clip9/Label.csv,0100.jpg,2,924.0,419.0,0,train
game1,Clip9,../Dataset/game1/Clip9/0101.jpg,../Dataset/game1/Clip9/Label.csv,0101.jpg,1,935.0,422.0,0,train
game1,Clip9,../Dataset/game1/Clip9/0102.jpg,../Dataset/game1/Clip9/Label.csv,0102.jpg,1,962.0,438.0,0,train
game1,Clip9,../Dataset/game1/Clip9/0103.jpg,../Dataset/game1/Clip9/Label.csv,0103.jpg,1,975.0,449.0,0,train
game1,Clip9,../Dataset/game1/Clip9/0104.jpg,../Dataset/game1/Clip9/Label.csv,0104.jpg,1,989.0,463.0,0,train
game1,Clip9,../Dataset/game1/Clip9/0105.jpg,../Dataset/game1/Clip9/Label.csv,0105.jpg,1,1003.0,477.0,0,train
game1,Clip9,../Dataset/game1/Clip9/0106.jpg,../Dataset/game1/Clip9/Label.csv,0106.jpg,1,1019.0,493.0,0,train
game1,Clip9,../Dataset/game1/Clip9/0107.jpg,../Dataset/game1/Clip9/Label.csv,0107.jpg,1,1034.0,514.0,0,train
game1,Clip9,../Dataset/game1/Clip9/0108.jpg,../Dataset/game1/Clip9/Label.csv,0108.jpg,1,1050.0,534.0,0,train
game1,Clip9,../Dataset/game1/Clip9/0109.jpg,../Dataset/game1/Clip9/Label.csv,0109.jpg,1,1068.0,559.0,0,train
game1,Clip9,../Dataset/game1/Clip9/0110.jpg,../Dataset/game1/Clip9/Label.csv,0110.jpg,1,1085.0,585.0,0,train
game1,Clip9,../Dataset/game1/Clip9/0111.jpg,../Dataset/game1/Clip9/Label.csv,0111.jpg,1,1104.0,616.0,0,train
game1,Clip9,../Dataset/game1/Clip9/0112.jpg,../Dataset/game1/Clip9/Label.csv,0112.jpg,1,1121.0,648.0,0,train
game1,Clip9,../Dataset/game1/Clip9/0113.jpg,../Dataset/game1/Clip9/Label.csv,0113.jpg,1,1141.0,684.0,0,train
game1,Clip9,../Dataset/game1/Clip9/0114.jpg,../Dataset/game1/Clip9/Label.csv,0114.jpg,1,1159.0,718.0,0,train
game1,Clip4,../Dataset/game1/Clip4/0000.jpg,../Dataset/game1/Clip4/Label.csv,0000.jpg,1,601.0,406.0,0,train
game1,Clip4,../Dataset/game1/Clip4/0001.jpg,../Dataset/game1/Clip4/Label.csv,0001.jpg,1,599.0,386.0,0,train
game1,Clip4,../Dataset/game1/Clip4/0002.jpg,../Dataset/game1/Clip4/Label.csv,0002.jpg,1,597.0,369.0,0,train
game1,Clip4,../Dataset/game1/Clip4/0003.jpg,../Dataset/game1/Clip4/Label.csv,0003.jpg,1,597.0,353.0,0,train
game1,Clip4,../Dataset/game1/Clip4/0004.jpg,../Dataset/game1/Clip4/Label.csv,0004.jpg,1,596.0,338.0,0,train
game1,Clip4,../Dataset/game1/Clip4/0005.jpg,../Dataset/game1/Clip4/Label.csv,0005.jpg,1,596.0,325.0,0,train
game1,Clip4,../Dataset/game1/Clip4/0006.jpg,../Dataset/game1/Clip4/Label.csv,0006.jpg,1,594.0,314.0,0,train
game1,Clip4,../Dataset/game1/Clip4/0007.jpg,../Dataset/game1/Clip4/Label.csv,0007.jpg,1,594.0,303.0,0,train
game1,Clip4,../Dataset/game1/Clip4/0008.jpg,../Dataset/game1/Clip4/Label.csv,0008.jpg,1,594.0,294.0,0,train
game1,Clip4,../Dataset/game1/Clip4/0009.jpg,../Dataset/game1/Clip4/Label.csv,0009.jpg,1,593.0,286.0,0,train
game1,Clip4,../Dataset/game1/Clip4/0010.jpg,../Dataset/game1/Clip4/Label.csv,0010.jpg,1,592.0,279.0,0,train
game1,Clip4,../Dataset/game1/Clip4/0011.jpg,../Dataset/game1/Clip4/Label.csv,0011.jpg,1,593.0,274.0,0,train
game1,Clip4,../Dataset/game1/Clip4/0012.jpg,../Dataset/game1/Clip4/Label.csv,0012.jpg,1,591.0,268.0,0,train
game1,Clip4,../Dataset/game1/Clip4/0013.jpg,../Dataset/game1/Clip4/Label.csv,0013.jpg,1,590.0,266.0,0,train
game1,Clip4,../Dataset/game1/Clip4/0014.jpg,../Dataset/game1/Clip4/Label.csv,0014.jpg,1,590.0,265.0,0,train
game1,Clip4,../Dataset/game1/Clip4/0015.jpg,../Dataset/game1/Clip4/Label.csv,0015.jpg,1,589.0,263.0,0,train
game1,Clip4,../Dataset/game1/Clip4/0016.jpg,../Dataset/game1/Clip4/Label.csv,0016.jpg,1,589.0,265.0,0,train
game1,Clip4,../Dataset/game1/Clip4/0017.jpg,../Dataset/game1/Clip4/Label.csv,0017.jpg,1,589.0,265.0,0,train
game1,Clip4,../Dataset/game1/Clip4/0018.jpg,../Dataset/game1/Clip4/Label.csv,0018.jpg,1,587.0,268.0,0,train
game1,Clip4,../Dataset/game1/Clip4/0019.jpg,../Dataset/game1/Clip4/Label.csv,0019.jpg,1,587.0,274.0,0,train
game1,Clip4,../Dataset/game1/Clip4/0020.jpg,../Dataset/game1/Clip4/Label.csv,0020.jpg,1,586.0,278.0,0,train
game1,Clip4,../Dataset/game1/Clip4/0021.jpg,../Dataset/game1/Clip4/Label.csv,0021.jpg,1,585.0,286.0,0,train
game1,Clip4,../Dataset/game1/Clip4/0022.jpg,../Dataset/game1/Clip4/Label.csv,0022.jpg,1,585.0,293.0,0,train
game1,Clip4,../Dataset/game1/Clip4/0023.jpg,../Dataset/game1/Clip4/Label.csv,0023.jpg,1,584.0,302.0,1,train
game1,Clip4,../Dataset/game1/Clip4/0024.jpg,../Dataset/game1/Clip4/Label.csv,0024.jpg,2,627.0,279.0,0,train
game1,Clip4,../Dataset/game1/Clip4/0025.jpg,../Dataset/game1/Clip4/Label.csv,0025.jpg,1,659.0,264.0,0,train
game1,Clip4,../Dataset/game1/Clip4/0026.jpg,../Dataset/game1/Clip4/Label.csv,0026.jpg,1,684.0,252.0,0,train
game1,Clip4,../Dataset/game1/Clip4/0027.jpg,../Dataset/game1/Clip4/Label.csv,0027.jpg,2,705.0,243.0,0,train
game1,Clip4,../Dataset/game1/Clip4/0028.jpg,../Dataset/game1/Clip4/Label.csv,0028.jpg,1,723.0,236.0,0,train
game1,Clip4,../Dataset/game1/Clip4/0029.jpg,../Dataset/game1/Clip4/Label.csv,0029.jpg,1,735.0,230.0,0,train
game1,Clip4,../Dataset/game1/Clip4/0030.jpg,../Dataset/game1/Clip4/Label.csv,0030.jpg,1,747.0,228.0,0,train
game1,Clip4,../Dataset/game1/Clip4/0031.jpg,../Dataset/game1/Clip4/Label.csv,0031.jpg,1,754.0,225.0,0,train
game1,Clip4,../Dataset/game1/Clip4/0032.jpg,../Dataset/game1/Clip4/Label.csv,0032.jpg,2,764.0,224.0,2,train
game1,Clip4,../Dataset/game1/Clip4/0033.jpg,../Dataset/game1/Clip4/Label.csv,0033.jpg,1,771.0,210.0,0,train
game1,Clip4,../Dataset/game1/Clip4/0034.jpg,../Dataset/game1/Clip4/Label.csv,0034.jpg,1,777.0,190.0,0,train
game1,Clip4,../Dataset/game1/Clip4/0035.jpg,../Dataset/game1/Clip4/Label.csv,0035.jpg,2,782.0,172.0,0,train
game1,Clip4,../Dataset/game1/Clip4/0036.jpg,../Dataset/game1/Clip4/Label.csv,0036.jpg,1,784.0,160.0,0,train
game1,Clip4,../Dataset/game1/Clip4/0037.jpg,../Dataset/game1/Clip4/Label.csv,0037.jpg,2,790.0,144.0,0,train
game1,Clip4,../Dataset/game1/Clip4/0038.jpg,../Dataset/game1/Clip4/Label.csv,0038.jpg,1,791.0,137.0,0,train
game1,Clip4,../Dataset/game1/Clip4/0039.jpg,../Dataset/game1/Clip4/Label.csv,0039.jpg,1,793.0,126.0,1,train
game1,Clip4,../Dataset/game1/Clip4/0040.jpg,../Dataset/game1/Clip4/Label.csv,0040.jpg,1,785.0,128.0,1,train
game1,Clip4,../Dataset/game1/Clip4/0041.jpg,../Dataset/game1/Clip4/Label.csv,0041.jpg,1,778.0,129.0,0,train
game1,Clip4,../Dataset/game1/Clip4/0042.jpg,../Dataset/game1/Clip4/Label.csv,0042.jpg,1,771.0,130.0,0,train
game1,Clip4,../Dataset/game1/Clip4/0043.jpg,../Dataset/game1/Clip4/Label.csv,0043.jpg,1,766.0,132.0,0,train
game1,Clip4,../Dataset/game1/Clip4/0044.jpg,../Dataset/game1/Clip4/Label.csv,0044.jpg,1,759.0,135.0,0,train
game1,Clip4,../Dataset/game1/Clip4/0045.jpg,../Dataset/game1/Clip4/Label.csv,0045.jpg,1,749.0,137.0,0,train
game1,Clip4,../Dataset/game1/Clip4/0046.jpg,../Dataset/game1/Clip4/Label.csv,0046.jpg,1,745.0,140.0,0,train
game1,Clip4,../Dataset/game1/Clip4/0047.jpg,../Dataset/game1/Clip4/Label.csv,0047.jpg,1,737.0,147.0,0,train
game1,Clip4,../Dataset/game1/Clip4/0048.jpg,../Dataset/game1/Clip4/Label.csv,0048.jpg,2,731.0,149.0,0,train
game1,Clip4,../Dataset/game1/Clip4/0049.jpg,../Dataset/game1/Clip4/Label.csv,0049.jpg,1,723.0,156.0,0,train
game1,Clip4,../Dataset/game1/Clip4/0050.jpg,../Dataset/game1/Clip4/Label.csv,0050.jpg,1,714.0,162.0,0,train
game1,Clip4,../Dataset/game1/Clip4/0051.jpg,../Dataset/game1/Clip4/Label.csv,0051.jpg,1,708.0,170.0,0,train
game1,Clip4,../Dataset/game1/Clip4/0052.jpg,../Dataset/game1/Clip4/Label.csv,0052.jpg,2,701.0,177.0,0,train
game1,Clip4,../Dataset/game1/Clip4/0053.jpg,../Dataset/game1/Clip4/Label.csv,0053.jpg,1,691.0,182.0,0,train
game1,Clip4,../Dataset/game1/Clip4/0054.jpg,../Dataset/game1/Clip4/Label.csv,0054.jpg,1,686.0,191.0,0,train
game1,Clip4,../Dataset/game1/Clip4/0055.jpg,../Dataset/game1/Clip4/Label.csv,0055.jpg,1,678.0,205.0,0,train
game1,Clip4,../Dataset/game1/Clip4/0056.jpg,../Dataset/game1/Clip4/Label.csv,0056.jpg,1,668.0,214.0,0,train
game1,Clip4,../Dataset/game1/Clip4/0057.jpg,../Dataset/game1/Clip4/Label.csv,0057.jpg,1,661.0,224.0,0,train
game1,Clip4,../Dataset/game1/Clip4/0058.jpg,../Dataset/game1/Clip4/Label.csv,0058.jpg,1,653.0,236.0,0,train
game1,Clip4,../Dataset/game1/Clip4/0059.jpg,../Dataset/game1/Clip4/Label.csv,0059.jpg,2,643.0,249.0,0,train
game1,Clip4,../Dataset/game1/Clip4/0060.jpg,../Dataset/game1/Clip4/Label.csv,0060.jpg,1,636.0,265.0,0,train
game1,Clip4,../Dataset/game1/Clip4/0061.jpg,../Dataset/game1/Clip4/Label.csv,0061.jpg,1,629.0,278.0,0,train
game1,Clip4,../Dataset/game1/Clip4/0062.jpg,../Dataset/game1/Clip4/Label.csv,0062.jpg,1,621.0,295.0,0,train
game1,Clip4,../Dataset/game1/Clip4/0063.jpg,../Dataset/game1/Clip4/Label.csv,0063.jpg,1,612.0,314.0,0,train
game1,Clip4,../Dataset/game1/Clip4/0064.jpg,../Dataset/game1/Clip4/Label.csv,0064.jpg,1,603.0,334.0,0,train
game1,Clip4,../Dataset/game1/Clip4/0065.jpg,../Dataset/game1/Clip4/Label.csv,0065.jpg,1,594.0,353.0,0,train
game1,Clip4,../Dataset/game1/Clip4/0066.jpg,../Dataset/game1/Clip4/Label.csv,0066.jpg,1,583.0,375.0,0,train
game1,Clip4,../Dataset/game1/Clip4/0067.jpg,../Dataset/game1/Clip4/Label.csv,0067.jpg,1,575.0,396.0,0,train
game1,Clip4,../Dataset/game1/Clip4/0068.jpg,../Dataset/game1/Clip4/Label.csv,0068.jpg,1,567.0,420.0,0,train
game1,Clip4,../Dataset/game1/Clip4/0069.jpg,../Dataset/game1/Clip4/Label.csv,0069.jpg,1,559.0,430.0,2,train
game1,Clip4,../Dataset/game1/Clip4/0070.jpg,../Dataset/game1/Clip4/Label.csv,0070.jpg,1,554.0,429.0,0,train
game1,Clip4,../Dataset/game1/Clip4/0071.jpg,../Dataset/game1/Clip4/Label.csv,0071.jpg,1,546.0,428.0,0,train
game1,Clip4,../Dataset/game1/Clip4/0072.jpg,../Dataset/game1/Clip4/Label.csv,0072.jpg,1,539.0,429.0,0,train
game1,Clip4,../Dataset/game1/Clip4/0073.jpg,../Dataset/game1/Clip4/Label.csv,0073.jpg,1,533.0,432.0,0,train
game1,Clip4,../Dataset/game1/Clip4/0074.jpg,../Dataset/game1/Clip4/Label.csv,0074.jpg,1,528.0,435.0,0,train
game1,Clip4,../Dataset/game1/Clip4/0075.jpg,../Dataset/game1/Clip4/Label.csv,0075.jpg,1,518.0,441.0,0,train
game1,Clip4,../Dataset/game1/Clip4/0076.jpg,../Dataset/game1/Clip4/Label.csv,0076.jpg,1,512.0,449.0,0,train
game1,Clip4,../Dataset/game1/Clip4/0077.jpg,../Dataset/game1/Clip4/Label.csv,0077.jpg,1,504.0,454.0,0,train
game1,Clip4,../Dataset/game1/Clip4/0078.jpg,../Dataset/game1/Clip4/Label.csv,0078.jpg,1,499.0,463.0,0,train
game1,Clip4,../Dataset/game1/Clip4/0079.jpg,../Dataset/game1/Clip4/Label.csv,0079.jpg,1,497.0,441.0,1,train
game1,Clip4,../Dataset/game1/Clip4/0080.jpg,../Dataset/game1/Clip4/Label.csv,0080.jpg,1,499.0,389.0,0,train
game1,Clip4,../Dataset/game1/Clip4/0081.jpg,../Dataset/game1/Clip4/Label.csv,0081.jpg,1,501.0,346.0,0,train
game1,Clip4,../Dataset/game1/Clip4/0082.jpg,../Dataset/game1/Clip4/Label.csv,0082.jpg,1,501.0,310.0,0,train
game1,Clip4,../Dataset/game1/Clip4/0083.jpg,../Dataset/game1/Clip4/Label.csv,0083.jpg,1,501.0,283.0,0,train
game1,Clip4,../Dataset/game1/Clip4/0084.jpg,../Dataset/game1/Clip4/Label.csv,0084.jpg,1,502.0,258.0,0,train
game1,Clip4,../Dataset/game1/Clip4/0085.jpg,../Dataset/game1/Clip4/Label.csv,0085.jpg,2,502.0,241.0,0,train
game1,Clip4,../Dataset/game1/Clip4/0086.jpg,../Dataset/game1/Clip4/Label.csv,0086.jpg,1,502.0,225.0,0,train
game1,Clip4,../Dataset/game1/Clip4/0087.jpg,../Dataset/game1/Clip4/Label.csv,0087.jpg,1,501.0,212.0,0,train
game1,Clip4,../Dataset/game1/Clip4/0088.jpg,../Dataset/game1/Clip4/Label.csv,0088.jpg,1,501.0,200.0,0,train
game1,Clip4,../Dataset/game1/Clip4/0089.jpg,../Dataset/game1/Clip4/Label.csv,0089.jpg,1,502.0,190.0,0,train
game1,Clip4,../Dataset/game1/Clip4/0090.jpg,../Dataset/game1/Clip4/Label.csv,0090.jpg,1,501.0,184.0,0,train
game1,Clip4,../Dataset/game1/Clip4/0091.jpg,../Dataset/game1/Clip4/Label.csv,0091.jpg,1,500.0,184.0,0,train
game1,Clip4,../Dataset/game1/Clip4/0092.jpg,../Dataset/game1/Clip4/Label.csv,0092.jpg,1,500.0,179.0,0,train
game1,Clip4,../Dataset/game1/Clip4/0093.jpg,../Dataset/game1/Clip4/Label.csv,0093.jpg,1,497.0,178.0,0,train
game1,Clip4,../Dataset/game1/Clip4/0094.jpg,../Dataset/game1/Clip4/Label.csv,0094.jpg,1,497.0,181.0,0,train
game1,Clip4,../Dataset/game1/Clip4/0095.jpg,../Dataset/game1/Clip4/Label.csv,0095.jpg,1,496.0,184.0,0,train
game1,Clip4,../Dataset/game1/Clip4/0096.jpg,../Dataset/game1/Clip4/Label.csv,0096.jpg,1,494.0,184.0,2,train
game1,Clip4,../Dataset/game1/Clip4/0097.jpg,../Dataset/game1/Clip4/Label.csv,0097.jpg,2,492.0,172.0,0,train
game1,Clip4,../Dataset/game1/Clip4/0098.jpg,../Dataset/game1/Clip4/Label.csv,0098.jpg,1,494.0,158.0,0,train
game1,Clip4,../Dataset/game1/Clip4/0099.jpg,../Dataset/game1/Clip4/Label.csv,0099.jpg,1,492.0,147.0,0,train
game1,Clip4,../Dataset/game1/Clip4/0100.jpg,../Dataset/game1/Clip4/Label.csv,0100.jpg,1,492.0,137.0,0,train
game1,Clip4,../Dataset/game1/Clip4/0101.jpg,../Dataset/game1/Clip4/Label.csv,0101.jpg,1,492.0,128.0,0,train
game1,Clip4,../Dataset/game1/Clip4/0102.jpg,../Dataset/game1/Clip4/Label.csv,0102.jpg,1,492.0,123.0,0,train
game1,Clip4,../Dataset/game1/Clip4/0103.jpg,../Dataset/game1/Clip4/Label.csv,0103.jpg,1,491.0,116.0,0,train
game1,Clip4,../Dataset/game1/Clip4/0104.jpg,../Dataset/game1/Clip4/Label.csv,0104.jpg,1,492.0,112.0,0,train
game1,Clip4,../Dataset/game1/Clip4/0105.jpg,../Dataset/game1/Clip4/Label.csv,0105.jpg,1,491.0,105.0,0,train
game1,Clip4,../Dataset/game1/Clip4/0106.jpg,../Dataset/game1/Clip4/Label.csv,0106.jpg,1,491.0,103.0,0,train
game1,Clip4,../Dataset/game1/Clip4/0107.jpg,../Dataset/game1/Clip4/Label.csv,0107.jpg,1,490.0,101.0,0,train
game1,Clip5,../Dataset/game1/Clip5/0000.jpg,../Dataset/game1/Clip5/Label.csv,0000.jpg,1,605.0,389.0,0,val
game1,Clip5,../Dataset/game1/Clip5/0001.jpg,../Dataset/game1/Clip5/Label.csv,0001.jpg,1,602.0,373.0,0,val
game1,Clip5,../Dataset/game1/Clip5/0002.jpg,../Dataset/game1/Clip5/Label.csv,0002.jpg,1,599.0,357.0,0,val
game1,Clip5,../Dataset/game1/Clip5/0003.jpg,../Dataset/game1/Clip5/Label.csv,0003.jpg,1,597.0,340.0,0,val
game1,Clip5,../Dataset/game1/Clip5/0004.jpg,../Dataset/game1/Clip5/Label.csv,0004.jpg,1,596.0,327.0,0,val
game1,Clip5,../Dataset/game1/Clip5/0005.jpg,../Dataset/game1/Clip5/Label.csv,0005.jpg,1,593.0,315.0,0,val
game1,Clip5,../Dataset/game1/Clip5/0006.jpg,../Dataset/game1/Clip5/Label.csv,0006.jpg,1,591.0,304.0,0,val
game1,Clip5,../Dataset/game1/Clip5/0007.jpg,../Dataset/game1/Clip5/Label.csv,0007.jpg,1,590.0,295.0,0,val
game1,Clip5,../Dataset/game1/Clip5/0008.jpg,../Dataset/game1/Clip5/Label.csv,0008.jpg,1,587.0,287.0,0,val
game1,Clip5,../Dataset/game1/Clip5/0009.jpg,../Dataset/game1/Clip5/Label.csv,0009.jpg,1,584.0,280.0,0,val
game1,Clip5,../Dataset/game1/Clip5/0010.jpg,../Dataset/game1/Clip5/Label.csv,0010.jpg,1,582.0,276.0,0,val
game1,Clip5,../Dataset/game1/Clip5/0011.jpg,../Dataset/game1/Clip5/Label.csv,0011.jpg,1,581.0,269.0,0,val
game1,Clip5,../Dataset/game1/Clip5/0012.jpg,../Dataset/game1/Clip5/Label.csv,0012.jpg,1,576.0,265.0,0,val
game1,Clip5,../Dataset/game1/Clip5/0013.jpg,../Dataset/game1/Clip5/Label.csv,0013.jpg,1,575.0,264.0,0,val
game1,Clip5,../Dataset/game1/Clip5/0014.jpg,../Dataset/game1/Clip5/Label.csv,0014.jpg,1,573.0,264.0,0,val
game1,Clip5,../Dataset/game1/Clip5/0015.jpg,../Dataset/game1/Clip5/Label.csv,0015.jpg,1,572.0,264.0,0,val
game1,Clip5,../Dataset/game1/Clip5/0016.jpg,../Dataset/game1/Clip5/Label.csv,0016.jpg,1,569.0,265.0,0,val
game1,Clip5,../Dataset/game1/Clip5/0017.jpg,../Dataset/game1/Clip5/Label.csv,0017.jpg,1,567.0,267.0,0,val
game1,Clip5,../Dataset/game1/Clip5/0018.jpg,../Dataset/game1/Clip5/Label.csv,0018.jpg,1,566.0,271.0,0,val
game1,Clip5,../Dataset/game1/Clip5/0019.jpg,../Dataset/game1/Clip5/Label.csv,0019.jpg,1,563.0,276.0,0,val
game1,Clip5,../Dataset/game1/Clip5/0020.jpg,../Dataset/game1/Clip5/Label.csv,0020.jpg,1,562.0,284.0,0,val
game1,Clip5,../Dataset/game1/Clip5/0021.jpg,../Dataset/game1/Clip5/Label.csv,0021.jpg,1,559.0,292.0,0,val
game1,Clip5,../Dataset/game1/Clip5/0022.jpg,../Dataset/game1/Clip5/Label.csv,0022.jpg,1,558.0,301.0,1,val
game1,Clip5,../Dataset/game1/Clip5/0023.jpg,../Dataset/game1/Clip5/Label.csv,0023.jpg,1,579.0,284.0,0,val
game1,Clip5,../Dataset/game1/Clip5/0024.jpg,../Dataset/game1/Clip5/Label.csv,0024.jpg,1,601.0,271.0,0,val
game1,Clip5,../Dataset/game1/Clip5/0025.jpg,../Dataset/game1/Clip5/Label.csv,0025.jpg,1,613.0,260.0,0,val
game1,Clip5,../Dataset/game1/Clip5/0026.jpg,../Dataset/game1/Clip5/Label.csv,0026.jpg,2,627.0,251.0,0,val
game1,Clip5,../Dataset/game1/Clip5/0027.jpg,../Dataset/game1/Clip5/Label.csv,0027.jpg,2,636.0,246.0,0,val
game1,Clip5,../Dataset/game1/Clip5/0028.jpg,../Dataset/game1/Clip5/Label.csv,0028.jpg,2,644.0,241.0,0,val
game1,Clip5,../Dataset/game1/Clip5/0029.jpg,../Dataset/game1/Clip5/Label.csv,0029.jpg,1,650.0,237.0,0,val
game1,Clip5,../Dataset/game1/Clip5/0030.jpg,../Dataset/game1/Clip5/Label.csv,0030.jpg,1,656.0,236.0,0,val
game1,Clip5,../Dataset/game1/Clip5/0031.jpg,../Dataset/game1/Clip5/Label.csv,0031.jpg,1,660.0,237.0,2,val
game1,Clip5,../Dataset/game1/Clip5/0032.jpg,../Dataset/game1/Clip5/Label.csv,0032.jpg,2,662.0,222.0,0,val
game1,Clip5,../Dataset/game1/Clip5/0033.jpg,../Dataset/game1/Clip5/Label.csv,0033.jpg,1,665.0,200.0,0,val
game1,Clip5,../Dataset/game1/Clip5/0034.jpg,../Dataset/game1/Clip5/Label.csv,0034.jpg,1,665.0,182.0,0,val
game1,Clip5,../Dataset/game1/Clip5/0035.jpg,../Dataset/game1/Clip5/Label.csv,0035.jpg,1,667.0,167.0,0,val
game1,Clip5,../Dataset/game1/Clip5/0036.jpg,../Dataset/game1/Clip5/Label.csv,0036.jpg,1,666.0,150.0,0,val
game1,Clip5,../Dataset/game1/Clip5/0037.jpg,../Dataset/game1/Clip5/Label.csv,0037.jpg,1,669.0,138.0,0,val
game1,Clip5,../Dataset/game1/Clip5/0038.jpg,../Dataset/game1/Clip5/Label.csv,0038.jpg,1,668.0,131.0,0,val
game1,Clip5,../Dataset/game1/Clip5/0039.jpg,../Dataset/game1/Clip5/Label.csv,0039.jpg,1,668.0,121.0,1,val
game1,Clip5,../Dataset/game1/Clip5/0040.jpg,../Dataset/game1/Clip5/Label.csv,0040.jpg,1,667.0,117.0,1,val
game1,Clip5,../Dataset/game1/Clip5/0041.jpg,../Dataset/game1/Clip5/Label.csv,0041.jpg,1,669.0,118.0,0,val
game1,Clip5,../Dataset/game1/Clip5/0042.jpg,../Dataset/game1/Clip5/Label.csv,0042.jpg,1,668.0,118.0,0,val
game1,Clip5,../Dataset/game1/Clip5/0043.jpg,../Dataset/game1/Clip5/Label.csv,0043.jpg,1,669.0,120.0,0,val
game1,Clip5,../Dataset/game1/Clip5/0044.jpg,../Dataset/game1/Clip5/Label.csv,0044.jpg,1,668.0,123.0,0,val
game1,Clip5,../Dataset/game1/Clip5/0045.jpg,../Dataset/game1/Clip5/Label.csv,0045.jpg,1,671.0,125.0,0,val
game1,Clip5,../Dataset/game1/Clip5/0046.jpg,../Dataset/game1/Clip5/Label.csv,0046.jpg,1,671.0,129.0,0,val
game1,Clip5,../Dataset/game1/Clip5/0047.jpg,../Dataset/game1/Clip5/Label.csv,0047.jpg,1,672.0,136.0,0,val
game1,Clip5,../Dataset/game1/Clip5/0048.jpg,../Dataset/game1/Clip5/Label.csv,0048.jpg,2,671.0,142.0,0,val
game1,Clip5,../Dataset/game1/Clip5/0049.jpg,../Dataset/game1/Clip5/Label.csv,0049.jpg,2,671.0,153.0,0,val
game1,Clip5,../Dataset/game1/Clip5/0050.jpg,../Dataset/game1/Clip5/Label.csv,0050.jpg,2,671.0,158.0,0,val
game1,Clip5,../Dataset/game1/Clip5/0051.jpg,../Dataset/game1/Clip5/Label.csv,0051.jpg,2,672.0,168.0,0,val
game1,Clip5,../Dataset/game1/Clip5/0052.jpg,../Dataset/game1/Clip5/Label.csv,0052.jpg,1,673.0,179.0,0,val
game1,Clip5,../Dataset/game1/Clip5/0053.jpg,../Dataset/game1/Clip5/Label.csv,0053.jpg,1,672.0,190.0,0,val
game1,Clip5,../Dataset/game1/Clip5/0054.jpg,../Dataset/game1/Clip5/Label.csv,0054.jpg,1,672.0,207.0,0,val
game1,Clip5,../Dataset/game1/Clip5/0055.jpg,../Dataset/game1/Clip5/Label.csv,0055.jpg,2,672.0,222.0,0,val
game1,Clip5,../Dataset/game1/Clip5/0056.jpg,../Dataset/game1/Clip5/Label.csv,0056.jpg,2,672.0,257.0,0,val
game1,Clip5,../Dataset/game1/Clip5/0057.jpg,../Dataset/game1/Clip5/Label.csv,0057.jpg,2,672.0,276.0,0,val
game1,Clip5,../Dataset/game1/Clip5/0058.jpg,../Dataset/game1/Clip5/Label.csv,0058.jpg,1,673.0,296.0,0,val
game1,Clip5,../Dataset/game1/Clip5/0059.jpg,../Dataset/game1/Clip5/Label.csv,0059.jpg,1,677.0,300.0,1,val
game1,Clip5,../Dataset/game1/Clip5/0060.jpg,../Dataset/game1/Clip5/Label.csv,0060.jpg,1,685.0,279.0,0,val
game1,Clip5,../Dataset/game1/Clip5/0061.jpg,../Dataset/game1/Clip5/Label.csv,0061.jpg,1,692.0,265.0,0,val
game1,Clip5,../Dataset/game1/Clip5/0062.jpg,../Dataset/game1/Clip5/Label.csv,0062.jpg,1,698.0,254.0,0,val
game1,Clip5,../Dataset/game1/Clip5/0063.jpg,../Dataset/game1/Clip5/Label.csv,0063.jpg,1,702.0,242.0,0,val
game1,Clip5,../Dataset/game1/Clip5/0064.jpg,../Dataset/game1/Clip5/Label.csv,0064.jpg,1,708.0,234.0,0,val
game1,Clip5,../Dataset/game1/Clip5/0065.jpg,../Dataset/game1/Clip5/Label.csv,0065.jpg,1,713.0,226.0,0,val
game1,Clip5,../Dataset/game1/Clip5/0066.jpg,../Dataset/game1/Clip5/Label.csv,0066.jpg,2,718.0,222.0,0,val
game1,Clip5,../Dataset/game1/Clip5/0067.jpg,../Dataset/game1/Clip5/Label.csv,0067.jpg,1,723.0,217.0,0,val
game1,Clip5,../Dataset/game1/Clip5/0068.jpg,../Dataset/game1/Clip5/Label.csv,0068.jpg,1,727.0,211.0,0,val
game1,Clip5,../Dataset/game1/Clip5/0069.jpg,../Dataset/game1/Clip5/Label.csv,0069.jpg,1,733.0,209.0,0,val
game1,Clip5,../Dataset/game1/Clip5/0070.jpg,../Dataset/game1/Clip5/Label.csv,0070.jpg,1,735.0,208.0,0,val
game1,Clip5,../Dataset/game1/Clip5/0071.jpg,../Dataset/game1/Clip5/Label.csv,0071.jpg,1,737.0,208.0,0,val
game1,Clip5,../Dataset/game1/Clip5/0072.jpg,../Dataset/game1/Clip5/Label.csv,0072.jpg,1,742.0,207.0,0,val
game1,Clip5,../Dataset/game1/Clip5/0073.jpg,../Dataset/game1/Clip5/Label.csv,0073.jpg,1,745.0,207.0,2,val
game1,Clip5,../Dataset/game1/Clip5/0074.jpg,../Dataset/game1/Clip5/Label.csv,0074.jpg,1,747.0,195.0,0,val
game1,Clip5,../Dataset/game1/Clip5/0075.jpg,../Dataset/game1/Clip5/Label.csv,0075.jpg,1,749.0,184.0,0,val
game1,Clip5,../Dataset/game1/Clip5/0076.jpg,../Dataset/game1/Clip5/Label.csv,0076.jpg,2,752.0,174.0,0,val
game1,Clip5,../Dataset/game1/Clip5/0077.jpg,../Dataset/game1/Clip5/Label.csv,0077.jpg,1,755.0,165.0,0,val
game1,Clip5,../Dataset/game1/Clip5/0078.jpg,../Dataset/game1/Clip5/Label.csv,0078.jpg,1,756.0,159.0,0,val
game1,Clip5,../Dataset/game1/Clip5/0079.jpg,../Dataset/game1/Clip5/Label.csv,0079.jpg,1,760.0,153.0,0,val
game1,Clip5,../Dataset/game1/Clip5/0080.jpg,../Dataset/game1/Clip5/Label.csv,0080.jpg,1,760.0,148.0,0,val
game1,Clip5,../Dataset/game1/Clip5/0081.jpg,../Dataset/game1/Clip5/Label.csv,0081.jpg,1,763.0,143.0,0,val
game1,Clip5,../Dataset/game1/Clip5/0082.jpg,../Dataset/game1/Clip5/Label.csv,0082.jpg,1,763.0,142.0,1,val
game1,Clip5,../Dataset/game1/Clip5/0083.jpg,../Dataset/game1/Clip5/Label.csv,0083.jpg,1,760.0,139.0,1,val
game1,Clip5,../Dataset/game1/Clip5/0084.jpg,../Dataset/game1/Clip5/Label.csv,0084.jpg,1,757.0,135.0,0,val
game1,Clip5,../Dataset/game1/Clip5/0085.jpg,../Dataset/game1/Clip5/Label.csv,0085.jpg,1,752.0,132.0,0,val
game1,Clip5,../Dataset/game1/Clip5/0086.jpg,../Dataset/game1/Clip5/Label.csv,0086.jpg,2,748.0,131.0,0,val
game1,Clip5,../Dataset/game1/Clip5/0087.jpg,../Dataset/game1/Clip5/Label.csv,0087.jpg,2,744.0,132.0,0,val
game1,Clip5,../Dataset/game1/Clip5/0088.jpg,../Dataset/game1/Clip5/Label.csv,0088.jpg,2,738.0,132.0,0,val
game1,Clip5,../Dataset/game1/Clip5/0089.jpg,../Dataset/game1/Clip5/Label.csv,0089.jpg,2,734.0,133.0,0,val
game1,Clip5,../Dataset/game1/Clip5/0090.jpg,../Dataset/game1/Clip5/Label.csv,0090.jpg,2,730.0,133.0,0,val
game1,Clip5,../Dataset/game1/Clip5/0091.jpg,../Dataset/game1/Clip5/Label.csv,0091.jpg,2,724.0,136.0,0,val
game1,Clip5,../Dataset/game1/Clip5/0092.jpg,../Dataset/game1/Clip5/Label.csv,0092.jpg,2,719.0,140.0,0,val
game1,Clip5,../Dataset/game1/Clip5/0093.jpg,../Dataset/game1/Clip5/Label.csv,0093.jpg,2,713.0,144.0,0,val
game1,Clip5,../Dataset/game1/Clip5/0094.jpg,../Dataset/game1/Clip5/Label.csv,0094.jpg,2,709.0,151.0,0,val
game1,Clip5,../Dataset/game1/Clip5/0095.jpg,../Dataset/game1/Clip5/Label.csv,0095.jpg,2,702.0,159.0,0,val
game1,Clip5,../Dataset/game1/Clip5/0096.jpg,../Dataset/game1/Clip5/Label.csv,0096.jpg,1,696.0,166.0,0,val
game1,Clip5,../Dataset/game1/Clip5/0097.jpg,../Dataset/game1/Clip5/Label.csv,0097.jpg,2,689.0,175.0,0,val
game1,Clip5,../Dataset/game1/Clip5/0098.jpg,../Dataset/game1/Clip5/Label.csv,0098.jpg,1,683.0,186.0,0,val
game1,Clip5,../Dataset/game1/Clip5/0099.jpg,../Dataset/game1/Clip5/Label.csv,0099.jpg,1,677.0,198.0,0,val
game1,Clip5,../Dataset/game1/Clip5/0100.jpg,../Dataset/game1/Clip5/Label.csv,0100.jpg,1,669.0,208.0,0,val
game1,Clip5,../Dataset/game1/Clip5/0101.jpg,../Dataset/game1/Clip5/Label.csv,0101.jpg,1,665.0,213.0,1,val
game1,Clip5,../Dataset/game1/Clip5/0102.jpg,../Dataset/game1/Clip5/Label.csv,0102.jpg,1,661.0,214.0,0,val
game1,Clip5,../Dataset/game1/Clip5/0103.jpg,../Dataset/game1/Clip5/Label.csv,0103.jpg,2,655.0,219.0,0,val
game1,Clip5,../Dataset/game1/Clip5/0104.jpg,../Dataset/game1/Clip5/Label.csv,0104.jpg,2,650.0,224.0,0,val
game1,Clip5,../Dataset/game1/Clip5/0105.jpg,../Dataset/game1/Clip5/Label.csv,0105.jpg,2,647.0,226.0,0,val
game1,Clip5,../Dataset/game1/Clip5/0106.jpg,../Dataset/game1/Clip5/Label.csv,0106.jpg,2,642.0,233.0,0,val
game1,Clip5,../Dataset/game1/Clip5/0107.jpg,../Dataset/game1/Clip5/Label.csv,0107.jpg,2,639.0,237.0,0,val
game1,Clip5,../Dataset/game1/Clip5/0108.jpg,../Dataset/game1/Clip5/Label.csv,0108.jpg,2,636.0,244.0,2,val
game1,Clip5,../Dataset/game1/Clip5/0109.jpg,../Dataset/game1/Clip5/Label.csv,0109.jpg,1,632.0,232.0,0,val
game1,Clip5,../Dataset/game1/Clip5/0110.jpg,../Dataset/game1/Clip5/Label.csv,0110.jpg,2,631.0,219.0,0,val
game1,Clip5,../Dataset/game1/Clip5/0111.jpg,../Dataset/game1/Clip5/Label.csv,0111.jpg,1,628.0,205.0,0,val
game1,Clip5,../Dataset/game1/Clip5/0112.jpg,../Dataset/game1/Clip5/Label.csv,0112.jpg,1,627.0,193.0,0,val
game1,Clip5,../Dataset/game1/Clip5/0113.jpg,../Dataset/game1/Clip5/Label.csv,0113.jpg,1,625.0,184.0,0,val
game1,Clip5,../Dataset/game1/Clip5/0114.jpg,../Dataset/game1/Clip5/Label.csv,0114.jpg,2,622.0,173.0,0,val
game1,Clip5,../Dataset/game1/Clip5/0115.jpg,../Dataset/game1/Clip5/Label.csv,0115.jpg,1,622.0,168.0,0,val
game1,Clip5,../Dataset/game1/Clip5/0116.jpg,../Dataset/game1/Clip5/Label.csv,0116.jpg,1,618.0,161.0,0,val
game1,Clip5,../Dataset/game1/Clip5/0117.jpg,../Dataset/game1/Clip5/Label.csv,0117.jpg,1,616.0,154.0,0,val
game1,Clip5,../Dataset/game1/Clip5/0118.jpg,../Dataset/game1/Clip5/Label.csv,0118.jpg,2,613.0,151.0,0,val
game1,Clip5,../Dataset/game1/Clip5/0119.jpg,../Dataset/game1/Clip5/Label.csv,0119.jpg,2,614.0,144.0,0,val
game1,Clip5,../Dataset/game1/Clip5/0120.jpg,../Dataset/game1/Clip5/Label.csv,0120.jpg,1,613.0,141.0,0,val
game1,Clip5,../Dataset/game1/Clip5/0121.jpg,../Dataset/game1/Clip5/Label.csv,0121.jpg,1,609.0,140.0,0,val
game1,Clip5,../Dataset/game1/Clip5/0122.jpg,../Dataset/game1/Clip5/Label.csv,0122.jpg,1,608.0,138.0,0,val
game1,Clip5,../Dataset/game1/Clip5/0123.jpg,../Dataset/game1/Clip5/Label.csv,0123.jpg,1,607.0,137.0,0,val
game1,Clip5,../Dataset/game1/Clip5/0124.jpg,../Dataset/game1/Clip5/Label.csv,0124.jpg,1,606.0,137.0,0,val
game1,Clip5,../Dataset/game1/Clip5/0125.jpg,../Dataset/game1/Clip5/Label.csv,0125.jpg,1,606.0,137.0,0,val
game1,Clip5,../Dataset/game1/Clip5/0126.jpg,../Dataset/game1/Clip5/Label.csv,0126.jpg,1,603.0,139.0,0,val
game1,Clip5,../Dataset/game1/Clip5/0127.jpg,../Dataset/game1/Clip5/Label.csv,0127.jpg,1,604.0,140.0,0,val
game1,Clip5,../Dataset/game1/Clip5/0128.jpg,../Dataset/game1/Clip5/Label.csv,0128.jpg,1,601.0,142.0,0,val
game1,Clip5,../Dataset/game1/Clip5/0129.jpg,../Dataset/game1/Clip5/Label.csv,0129.jpg,2,599.0,147.0,1,val
game1,Clip5,../Dataset/game1/Clip5/0130.jpg,../Dataset/game1/Clip5/Label.csv,0130.jpg,2,598.0,152.0,1,val
game1,Clip5,../Dataset/game1/Clip5/0131.jpg,../Dataset/game1/Clip5/Label.csv,0131.jpg,1,601.0,158.0,0,val
game1,Clip5,../Dataset/game1/Clip5/0132.jpg,../Dataset/game1/Clip5/Label.csv,0132.jpg,1,604.0,168.0,0,val
game1,Clip5,../Dataset/game1/Clip5/0133.jpg,../Dataset/game1/Clip5/Label.csv,0133.jpg,1,607.0,179.0,0,val
game1,Clip5,../Dataset/game1/Clip5/0134.jpg,../Dataset/game1/Clip5/Label.csv,0134.jpg,1,609.0,193.0,0,val
game1,Clip5,../Dataset/game1/Clip5/0135.jpg,../Dataset/game1/Clip5/Label.csv,0135.jpg,1,610.0,207.0,0,val
game1,Clip5,../Dataset/game1/Clip5/0136.jpg,../Dataset/game1/Clip5/Label.csv,0136.jpg,2,615.0,224.0,0,val
game1,Clip5,../Dataset/game1/Clip5/0137.jpg,../Dataset/game1/Clip5/Label.csv,0137.jpg,1,618.0,243.0,0,val
game1,Clip5,../Dataset/game1/Clip5/0138.jpg,../Dataset/game1/Clip5/Label.csv,0138.jpg,1,620.0,263.0,0,val
game1,Clip5,../Dataset/game1/Clip5/0139.jpg,../Dataset/game1/Clip5/Label.csv,0139.jpg,1,613.0,282.0,0,val
game1,Clip5,../Dataset/game1/Clip5/0140.jpg,../Dataset/game1/Clip5/Label.csv,0140.jpg,1,594.0,294.0,0,val
game1,Clip5,../Dataset/game1/Clip5/0141.jpg,../Dataset/game1/Clip5/Label.csv,0141.jpg,1,574.0,309.0,0,val
game1,Clip5,../Dataset/game1/Clip5/0142.jpg,../Dataset/game1/Clip5/Label.csv,0142.jpg,1,555.0,327.0,0,val
game1,Clip5,../Dataset/game1/Clip5/0143.jpg,../Dataset/game1/Clip5/Label.csv,0143.jpg,1,537.0,345.0,0,val
game1,Clip5,../Dataset/game1/Clip5/0144.jpg,../Dataset/game1/Clip5/Label.csv,0144.jpg,1,517.0,364.0,0,val
game1,Clip5,../Dataset/game1/Clip5/0145.jpg,../Dataset/game1/Clip5/Label.csv,0145.jpg,1,478.0,411.0,0,val
game1,Clip5,../Dataset/game1/Clip5/0146.jpg,../Dataset/game1/Clip5/Label.csv,0146.jpg,1,456.0,438.0,0,val
game1,Clip5,../Dataset/game1/Clip5/0147.jpg,../Dataset/game1/Clip5/Label.csv,0147.jpg,1,438.0,468.0,0,val
game1,Clip5,../Dataset/game1/Clip5/0148.jpg,../Dataset/game1/Clip5/Label.csv,0148.jpg,1,418.0,495.0,2,val
game1,Clip5,../Dataset/game1/Clip5/0149.jpg,../Dataset/game1/Clip5/Label.csv,0149.jpg,1,399.0,498.0,0,val
game1,Clip5,../Dataset/game1/Clip5/0150.jpg,../Dataset/game1/Clip5/Label.csv,0150.jpg,1,383.0,502.0,0,val
game1,Clip5,../Dataset/game1/Clip5/0151.jpg,../Dataset/game1/Clip5/Label.csv,0151.jpg,1,366.0,508.0,0,val
game1,Clip5,../Dataset/game1/Clip5/0152.jpg,../Dataset/game1/Clip5/Label.csv,0152.jpg,1,348.0,514.0,0,val
game1,Clip5,../Dataset/game1/Clip5/0153.jpg,../Dataset/game1/Clip5/Label.csv,0153.jpg,1,329.0,525.0,0,val
game1,Clip5,../Dataset/game1/Clip5/0154.jpg,../Dataset/game1/Clip5/Label.csv,0154.jpg,2,312.0,533.0,0,val
game1,Clip5,../Dataset/game1/Clip5/0155.jpg,../Dataset/game1/Clip5/Label.csv,0155.jpg,1,292.0,549.0,0,val
game1,Clip5,../Dataset/game1/Clip5/0156.jpg,../Dataset/game1/Clip5/Label.csv,0156.jpg,1,273.0,565.0,0,val
game1,Clip5,../Dataset/game1/Clip5/0157.jpg,../Dataset/game1/Clip5/Label.csv,0157.jpg,1,253.0,582.0,0,val
game1,Clip5,../Dataset/game1/Clip5/0158.jpg,../Dataset/game1/Clip5/Label.csv,0158.jpg,1,230.0,604.0,0,val
game1,Clip5,../Dataset/game1/Clip5/0159.jpg,../Dataset/game1/Clip5/Label.csv,0159.jpg,0,-1.0,-1.0,0,val
game1,Clip1,../Dataset/game1/Clip1/0000.jpg,../Dataset/game1/Clip1/Label.csv,0000.jpg,1,599.0,423.0,0,test
game1,Clip1,../Dataset/game1/Clip1/0001.jpg,../Dataset/game1/Clip1/Label.csv,0001.jpg,1,601.0,406.0,0,test
game1,Clip1,../Dataset/game1/Clip1/0002.jpg,../Dataset/game1/Clip1/Label.csv,0002.jpg,1,601.0,388.0,0,test
game1,Clip1,../Dataset/game1/Clip1/0003.jpg,../Dataset/game1/Clip1/Label.csv,0003.jpg,1,598.0,371.0,0,test
game1,Clip1,../Dataset/game1/Clip1/0004.jpg,../Dataset/game1/Clip1/Label.csv,0004.jpg,1,598.0,353.0,0,test
game1,Clip1,../Dataset/game1/Clip1/0005.jpg,../Dataset/game1/Clip1/Label.csv,0005.jpg,1,597.0,337.0,0,test
game1,Clip1,../Dataset/game1/Clip1/0006.jpg,../Dataset/game1/Clip1/Label.csv,0006.jpg,1,596.0,323.0,0,test
game1,Clip1,../Dataset/game1/Clip1/0007.jpg,../Dataset/game1/Clip1/Label.csv,0007.jpg,1,595.0,310.0,0,test
game1,Clip1,../Dataset/game1/Clip1/0008.jpg,../Dataset/game1/Clip1/Label.csv,0008.jpg,1,594.0,299.0,0,test
game1,Clip1,../Dataset/game1/Clip1/0009.jpg,../Dataset/game1/Clip1/Label.csv,0009.jpg,1,594.0,288.0,0,test
game1,Clip1,../Dataset/game1/Clip1/0010.jpg,../Dataset/game1/Clip1/Label.csv,0010.jpg,1,593.0,278.0,0,test
game1,Clip1,../Dataset/game1/Clip1/0011.jpg,../Dataset/game1/Clip1/Label.csv,0011.jpg,1,592.0,271.0,0,test
game1,Clip1,../Dataset/game1/Clip1/0012.jpg,../Dataset/game1/Clip1/Label.csv,0012.jpg,1,591.0,265.0,0,test
game1,Clip1,../Dataset/game1/Clip1/0013.jpg,../Dataset/game1/Clip1/Label.csv,0013.jpg,1,590.0,259.0,0,test
game1,Clip1,../Dataset/game1/Clip1/0014.jpg,../Dataset/game1/Clip1/Label.csv,0014.jpg,1,590.0,257.0,0,test
game1,Clip1,../Dataset/game1/Clip1/0015.jpg,../Dataset/game1/Clip1/Label.csv,0015.jpg,1,589.0,253.0,0,test
game1,Clip1,../Dataset/game1/Clip1/0016.jpg,../Dataset/game1/Clip1/Label.csv,0016.jpg,1,587.0,252.0,0,test
game1,Clip1,../Dataset/game1/Clip1/0017.jpg,../Dataset/game1/Clip1/Label.csv,0017.jpg,1,586.0,252.0,0,test
game1,Clip1,../Dataset/game1/Clip1/0018.jpg,../Dataset/game1/Clip1/Label.csv,0018.jpg,1,585.0,252.0,0,test
game1,Clip1,../Dataset/game1/Clip1/0019.jpg,../Dataset/game1/Clip1/Label.csv,0019.jpg,1,585.0,255.0,0,test
game1,Clip1,../Dataset/game1/Clip1/0020.jpg,../Dataset/game1/Clip1/Label.csv,0020.jpg,1,584.0,258.0,0,test
game1,Clip1,../Dataset/game1/Clip1/0021.jpg,../Dataset/game1/Clip1/Label.csv,0021.jpg,1,583.0,263.0,0,test
game1,Clip1,../Dataset/game1/Clip1/0022.jpg,../Dataset/game1/Clip1/Label.csv,0022.jpg,1,583.0,269.0,0,test
game1,Clip1,../Dataset/game1/Clip1/0023.jpg,../Dataset/game1/Clip1/Label.csv,0023.jpg,1,581.0,276.0,0,test
game1,Clip1,../Dataset/game1/Clip1/0024.jpg,../Dataset/game1/Clip1/Label.csv,0024.jpg,1,581.0,286.0,0,test
game1,Clip1,../Dataset/game1/Clip1/0025.jpg,../Dataset/game1/Clip1/Label.csv,0025.jpg,1,580.0,294.0,1,test
game1,Clip1,../Dataset/game1/Clip1/0026.jpg,../Dataset/game1/Clip1/Label.csv,0026.jpg,1,616.0,282.0,1,test
game1,Clip1,../Dataset/game1/Clip1/0027.jpg,../Dataset/game1/Clip1/Label.csv,0027.jpg,1,655.0,265.0,0,test
game1,Clip1,../Dataset/game1/Clip1/0028.jpg,../Dataset/game1/Clip1/Label.csv,0028.jpg,1,683.0,255.0,0,test
game1,Clip1,../Dataset/game1/Clip1/0029.jpg,../Dataset/game1/Clip1/Label.csv,0029.jpg,1,709.0,246.0,0,test
game1,Clip1,../Dataset/game1/Clip1/0030.jpg,../Dataset/game1/Clip1/Label.csv,0030.jpg,1,743.0,238.0,0,test
game1,Clip1,../Dataset/game1/Clip1/0031.jpg,../Dataset/game1/Clip1/Label.csv,0031.jpg,1,760.0,234.0,0,test
game1,Clip1,../Dataset/game1/Clip1/0032.jpg,../Dataset/game1/Clip1/Label.csv,0032.jpg,1,770.0,233.0,0,test
game1,Clip1,../Dataset/game1/Clip1/0033.jpg,../Dataset/game1/Clip1/Label.csv,0033.jpg,1,779.0,233.0,2,test
game1,Clip1,../Dataset/game1/Clip1/0034.jpg,../Dataset/game1/Clip1/Label.csv,0034.jpg,1,789.0,210.0,0,test
game1,Clip1,../Dataset/game1/Clip1/0035.jpg,../Dataset/game1/Clip1/Label.csv,0035.jpg,1,795.0,191.0,0,test
game1,Clip1,../Dataset/game1/Clip1/0036.jpg,../Dataset/game1/Clip1/Label.csv,0036.jpg,1,801.0,173.0,0,test
game1,Clip1,../Dataset/game1/Clip1/0037.jpg,../Dataset/game1/Clip1/Label.csv,0037.jpg,1,806.0,156.0,0,test
game1,Clip1,../Dataset/game1/Clip1/0038.jpg,../Dataset/game1/Clip1/Label.csv,0038.jpg,1,813.0,143.0,0,test
game1,Clip1,../Dataset/game1/Clip1/0039.jpg,../Dataset/game1/Clip1/Label.csv,0039.jpg,1,817.0,132.0,0,test
game1,Clip1,../Dataset/game1/Clip1/0040.jpg,../Dataset/game1/Clip1/Label.csv,0040.jpg,1,819.0,124.0,0,test
game1,Clip1,../Dataset/game1/Clip1/0041.jpg,../Dataset/game1/Clip1/Label.csv,0041.jpg,1,822.0,117.0,1,test
game1,Clip1,../Dataset/game1/Clip1/0042.jpg,../Dataset/game1/Clip1/Label.csv,0042.jpg,1,814.0,116.0,0,test
game1,Clip1,../Dataset/game1/Clip1/0043.jpg,../Dataset/game1/Clip1/Label.csv,0043.jpg,1,806.0,116.0,0,test
game1,Clip1,../Dataset/game1/Clip1/0044.jpg,../Dataset/game1/Clip1/Label.csv,0044.jpg,1,798.0,117.0,0,test
game1,Clip1,../Dataset/game1/Clip1/0045.jpg,../Dataset/game1/Clip1/Label.csv,0045.jpg,1,790.0,116.0,0,test
game1,Clip1,../Dataset/game1/Clip1/0046.jpg,../Dataset/game1/Clip1/Label.csv,0046.jpg,1,781.0,117.0,0,test
game1,Clip1,../Dataset/game1/Clip1/0047.jpg,../Dataset/game1/Clip1/Label.csv,0047.jpg,1,771.0,119.0,0,test
game1,Clip1,../Dataset/game1/Clip1/0048.jpg,../Dataset/game1/Clip1/Label.csv,0048.jpg,1,761.0,121.0,0,test
game1,Clip1,../Dataset/game1/Clip1/0049.jpg,../Dataset/game1/Clip1/Label.csv,0049.jpg,1,750.0,124.0,0,test
game1,Clip1,../Dataset/game1/Clip1/0050.jpg,../Dataset/game1/Clip1/Label.csv,0050.jpg,1,741.0,128.0,0,test
game1,Clip1,../Dataset/game1/Clip1/0051.jpg,../Dataset/game1/Clip1/Label.csv,0051.jpg,1,732.0,131.0,0,test
game1,Clip1,../Dataset/game1/Clip1/0052.jpg,../Dataset/game1/Clip1/Label.csv,0052.jpg,1,720.0,137.0,0,test
game1,Clip1,../Dataset/game1/Clip1/0053.jpg,../Dataset/game1/Clip1/Label.csv,0053.jpg,2,712.0,142.0,0,test
game1,Clip1,../Dataset/game1/Clip1/0054.jpg,../Dataset/game1/Clip1/Label.csv,0054.jpg,2,699.0,148.0,0,test
game1,Clip1,../Dataset/game1/Clip1/0055.jpg,../Dataset/game1/Clip1/Label.csv,0055.jpg,1,687.0,154.0,0,test
game1,Clip1,../Dataset/game1/Clip1/0056.jpg,../Dataset/game1/Clip1/Label.csv,0056.jpg,1,676.0,161.0,0,test
game1,Clip1,../Dataset/game1/Clip1/0057.jpg,../Dataset/game1/Clip1/Label.csv,0057.jpg,2,669.0,167.0,0,test
game1,Clip1,../Dataset/game1/Clip1/0058.jpg,../Dataset/game1/Clip1/Label.csv,0058.jpg,1,655.0,178.0,0,test
game1,Clip1,../Dataset/game1/Clip1/0059.jpg,../Dataset/game1/Clip1/Label.csv,0059.jpg,1,643.0,188.0,0,test
game1,Clip1,../Dataset/game1/Clip1/0060.jpg,../Dataset/game1/Clip1/Label.csv,0060.jpg,1,630.0,200.0,0,test
game1,Clip1,../Dataset/game1/Clip1/0061.jpg,../Dataset/game1/Clip1/Label.csv,0061.jpg,1,618.0,210.0,0,test
game1,Clip1,../Dataset/game1/Clip1/0062.jpg,../Dataset/game1/Clip1/Label.csv,0062.jpg,1,606.0,224.0,0,test
game1,Clip1,../Dataset/game1/Clip1/0063.jpg,../Dataset/game1/Clip1/Label.csv,0063.jpg,1,592.0,236.0,0,test
game1,Clip1,../Dataset/game1/Clip1/0064.jpg,../Dataset/game1/Clip1/Label.csv,0064.jpg,1,579.0,252.0,0,test
game1,Clip1,../Dataset/game1/Clip1/0065.jpg,../Dataset/game1/Clip1/Label.csv,0065.jpg,1,563.0,268.0,0,test
game1,Clip1,../Dataset/game1/Clip1/0066.jpg,../Dataset/game1/Clip1/Label.csv,0066.jpg,2,548.0,284.0,0,test
game1,Clip1,../Dataset/game1/Clip1/0067.jpg,../Dataset/game1/Clip1/Label.csv,0067.jpg,1,535.0,303.0,0,test
game1,Clip1,../Dataset/game1/Clip1/0068.jpg,../Dataset/game1/Clip1/Label.csv,0068.jpg,1,518.0,322.0,0,test
game1,Clip1,../Dataset/game1/Clip1/0069.jpg,../Dataset/game1/Clip1/Label.csv,0069.jpg,1,505.0,340.0,0,test
game1,Clip1,../Dataset/game1/Clip1/0070.jpg,../Dataset/game1/Clip1/Label.csv,0070.jpg,1,489.0,363.0,0,test
game1,Clip1,../Dataset/game1/Clip1/0071.jpg,../Dataset/game1/Clip1/Label.csv,0071.jpg,1,471.0,386.0,0,test
game1,Clip1,../Dataset/game1/Clip1/0072.jpg,../Dataset/game1/Clip1/Label.csv,0072.jpg,1,457.0,409.0,0,test
game1,Clip1,../Dataset/game1/Clip1/0073.jpg,../Dataset/game1/Clip1/Label.csv,0073.jpg,1,442.0,434.0,0,test
game1,Clip1,../Dataset/game1/Clip1/0074.jpg,../Dataset/game1/Clip1/Label.csv,0074.jpg,0,-1.0,-1.0,0,test
game1,Clip1,../Dataset/game1/Clip1/0075.jpg,../Dataset/game1/Clip1/Label.csv,0075.jpg,0,-1.0,-1.0,0,test
game1,Clip1,../Dataset/game1/Clip1/0076.jpg,../Dataset/game1/Clip1/Label.csv,0076.jpg,0,-1.0,-1.0,0,test
game1,Clip1,../Dataset/game1/Clip1/0077.jpg,../Dataset/game1/Clip1/Label.csv,0077.jpg,0,-1.0,-1.0,0,test
game1,Clip1,../Dataset/game1/Clip1/0078.jpg,../Dataset/game1/Clip1/Label.csv,0078.jpg,1,375.0,439.0,0,test
game1,Clip1,../Dataset/game1/Clip1/0079.jpg,../Dataset/game1/Clip1/Label.csv,0079.jpg,1,365.0,441.0,0,test
game1,Clip1,../Dataset/game1/Clip1/0080.jpg,../Dataset/game1/Clip1/Label.csv,0080.jpg,2,354.0,444.0,0,test
game1,Clip1,../Dataset/game1/Clip1/0081.jpg,../Dataset/game1/Clip1/Label.csv,0081.jpg,1,337.0,449.0,0,test
game1,Clip1,../Dataset/game1/Clip1/0082.jpg,../Dataset/game1/Clip1/Label.csv,0082.jpg,1,327.0,452.0,1,test
game1,Clip1,../Dataset/game1/Clip1/0083.jpg,../Dataset/game1/Clip1/Label.csv,0083.jpg,3,364.0,415.0,1,test
game1,Clip1,../Dataset/game1/Clip1/0084.jpg,../Dataset/game1/Clip1/Label.csv,0084.jpg,1,418.0,362.0,0,test
game1,Clip1,../Dataset/game1/Clip1/0085.jpg,../Dataset/game1/Clip1/Label.csv,0085.jpg,1,453.0,330.0,0,test
game1,Clip1,../Dataset/game1/Clip1/0086.jpg,../Dataset/game1/Clip1/Label.csv,0086.jpg,1,486.0,300.0,0,test
game1,Clip1,../Dataset/game1/Clip1/0087.jpg,../Dataset/game1/Clip1/Label.csv,0087.jpg,1,514.0,277.0,0,test
game1,Clip1,../Dataset/game1/Clip1/0088.jpg,../Dataset/game1/Clip1/Label.csv,0088.jpg,1,540.0,255.0,0,test
game1,Clip1,../Dataset/game1/Clip1/0089.jpg,../Dataset/game1/Clip1/Label.csv,0089.jpg,2,564.0,238.0,0,test
game1,Clip1,../Dataset/game1/Clip1/0090.jpg,../Dataset/game1/Clip1/Label.csv,0090.jpg,1,586.0,224.0,0,test
game1,Clip1,../Dataset/game1/Clip1/0091.jpg,../Dataset/game1/Clip1/Label.csv,0091.jpg,1,606.0,211.0,0,test
game1,Clip1,../Dataset/game1/Clip1/0092.jpg,../Dataset/game1/Clip1/Label.csv,0092.jpg,1,626.0,200.0,0,test
game1,Clip1,../Dataset/game1/Clip1/0093.jpg,../Dataset/game1/Clip1/Label.csv,0093.jpg,1,643.0,193.0,0,test
game1,Clip1,../Dataset/game1/Clip1/0094.jpg,../Dataset/game1/Clip1/Label.csv,0094.jpg,1,657.0,186.0,0,test
game1,Clip1,../Dataset/game1/Clip1/0095.jpg,../Dataset/game1/Clip1/Label.csv,0095.jpg,1,673.0,181.0,0,test
game1,Clip1,../Dataset/game1/Clip1/0096.jpg,../Dataset/game1/Clip1/Label.csv,0096.jpg,1,686.0,176.0,0,test
game1,Clip1,../Dataset/game1/Clip1/0097.jpg,../Dataset/game1/Clip1/Label.csv,0097.jpg,1,699.0,173.0,0,test
game1,Clip1,../Dataset/game1/Clip1/0098.jpg,../Dataset/game1/Clip1/Label.csv,0098.jpg,1,710.0,172.0,0,test
game1,Clip1,../Dataset/game1/Clip1/0099.jpg,../Dataset/game1/Clip1/Label.csv,0099.jpg,1,722.0,172.0,0,test
game1,Clip1,../Dataset/game1/Clip1/0100.jpg,../Dataset/game1/Clip1/Label.csv,0100.jpg,1,733.0,172.0,0,test
game1,Clip1,../Dataset/game1/Clip1/0101.jpg,../Dataset/game1/Clip1/Label.csv,0101.jpg,1,743.0,174.0,0,test
game1,Clip1,../Dataset/game1/Clip1/0102.jpg,../Dataset/game1/Clip1/Label.csv,0102.jpg,1,750.0,176.0,0,test
game1,Clip1,../Dataset/game1/Clip1/0103.jpg,../Dataset/game1/Clip1/Label.csv,0103.jpg,1,758.0,179.0,0,test
game1,Clip1,../Dataset/game1/Clip1/0104.jpg,../Dataset/game1/Clip1/Label.csv,0104.jpg,1,767.0,184.0,0,test
game1,Clip1,../Dataset/game1/Clip1/0105.jpg,../Dataset/game1/Clip1/Label.csv,0105.jpg,1,773.0,188.0,2,test
game1,Clip1,../Dataset/game1/Clip1/0106.jpg,../Dataset/game1/Clip1/Label.csv,0106.jpg,1,781.0,186.0,0,test
game1,Clip1,../Dataset/game1/Clip1/0107.jpg,../Dataset/game1/Clip1/Label.csv,0107.jpg,1,787.0,172.0,0,test
game1,Clip1,../Dataset/game1/Clip1/0108.jpg,../Dataset/game1/Clip1/Label.csv,0108.jpg,1,791.0,164.0,0,test
game1,Clip1,../Dataset/game1/Clip1/0109.jpg,../Dataset/game1/Clip1/Label.csv,0109.jpg,1,798.0,153.0,0,test
game1,Clip1,../Dataset/game1/Clip1/0110.jpg,../Dataset/game1/Clip1/Label.csv,0110.jpg,1,802.0,144.0,0,test
game1,Clip1,../Dataset/game1/Clip1/0111.jpg,../Dataset/game1/Clip1/Label.csv,0111.jpg,1,806.0,137.0,0,test
game1,Clip1,../Dataset/game1/Clip1/0112.jpg,../Dataset/game1/Clip1/Label.csv,0112.jpg,1,811.0,130.0,0,test
game1,Clip1,../Dataset/game1/Clip1/0113.jpg,../Dataset/game1/Clip1/Label.csv,0113.jpg,1,816.0,126.0,0,test
game1,Clip1,../Dataset/game1/Clip1/0114.jpg,../Dataset/game1/Clip1/Label.csv,0114.jpg,1,821.0,119.0,0,test
game1,Clip1,../Dataset/game1/Clip1/0115.jpg,../Dataset/game1/Clip1/Label.csv,0115.jpg,1,824.0,115.0,1,test
game1,Clip1,../Dataset/game1/Clip1/0116.jpg,../Dataset/game1/Clip1/Label.csv,0116.jpg,1,825.0,120.0,0,test
game1,Clip1,../Dataset/game1/Clip1/0117.jpg,../Dataset/game1/Clip1/Label.csv,0117.jpg,1,823.0,128.0,0,test
game1,Clip1,../Dataset/game1/Clip1/0118.jpg,../Dataset/game1/Clip1/Label.csv,0118.jpg,1,821.0,136.0,0,test
game1,Clip1,../Dataset/game1/Clip1/0119.jpg,../Dataset/game1/Clip1/Label.csv,0119.jpg,1,819.0,158.0,0,test
game1,Clip1,../Dataset/game1/Clip1/0120.jpg,../Dataset/game1/Clip1/Label.csv,0120.jpg,2,818.0,172.0,0,test
game1,Clip1,../Dataset/game1/Clip1/0121.jpg,../Dataset/game1/Clip1/Label.csv,0121.jpg,2,818.0,188.0,0,test
game1,Clip1,../Dataset/game1/Clip1/0122.jpg,../Dataset/game1/Clip1/Label.csv,0122.jpg,1,816.0,202.0,0,test
game1,Clip1,../Dataset/game1/Clip1/0123.jpg,../Dataset/game1/Clip1/Label.csv,0123.jpg,1,815.0,221.0,0,test
game1,Clip1,../Dataset/game1/Clip1/0124.jpg,../Dataset/game1/Clip1/Label.csv,0124.jpg,2,815.0,241.0,0,test
game1,Clip1,../Dataset/game1/Clip1/0125.jpg,../Dataset/game1/Clip1/Label.csv,0125.jpg,1,815.0,261.0,0,test
game1,Clip1,../Dataset/game1/Clip1/0126.jpg,../Dataset/game1/Clip1/Label.csv,0126.jpg,1,813.0,287.0,0,test
game1,Clip1,../Dataset/game1/Clip1/0127.jpg,../Dataset/game1/Clip1/Label.csv,0127.jpg,1,813.0,312.0,0,test
game1,Clip1,../Dataset/game1/Clip1/0128.jpg,../Dataset/game1/Clip1/Label.csv,0128.jpg,1,813.0,341.0,0,test
game1,Clip1,../Dataset/game1/Clip1/0129.jpg,../Dataset/game1/Clip1/Label.csv,0129.jpg,1,813.0,374.0,0,test
game1,Clip1,../Dataset/game1/Clip1/0130.jpg,../Dataset/game1/Clip1/Label.csv,0130.jpg,1,812.0,406.0,0,test
game1,Clip1,../Dataset/game1/Clip1/0131.jpg,../Dataset/game1/Clip1/Label.csv,0131.jpg,1,811.0,409.0,2,test
game1,Clip1,../Dataset/game1/Clip1/0132.jpg,../Dataset/game1/Clip1/Label.csv,0132.jpg,1,810.0,414.0,0,test
game1,Clip1,../Dataset/game1/Clip1/0133.jpg,../Dataset/game1/Clip1/Label.csv,0133.jpg,1,808.0,420.0,0,test
game1,Clip1,../Dataset/game1/Clip1/0134.jpg,../Dataset/game1/Clip1/Label.csv,0134.jpg,1,807.0,429.0,0,test
game1,Clip1,../Dataset/game1/Clip1/0135.jpg,../Dataset/game1/Clip1/Label.csv,0135.jpg,1,806.0,439.0,0,test
game1,Clip1,../Dataset/game1/Clip1/0136.jpg,../Dataset/game1/Clip1/Label.csv,0136.jpg,1,804.0,453.0,0,test
game1,Clip1,../Dataset/game1/Clip1/0137.jpg,../Dataset/game1/Clip1/Label.csv,0137.jpg,1,802.0,468.0,0,test
game1,Clip1,../Dataset/game1/Clip1/0138.jpg,../Dataset/game1/Clip1/Label.csv,0138.jpg,1,800.0,485.0,0,test
game1,Clip1,../Dataset/game1/Clip1/0139.jpg,../Dataset/game1/Clip1/Label.csv,0139.jpg,1,799.0,505.0,0,test
game1,Clip1,../Dataset/game1/Clip1/0140.jpg,../Dataset/game1/Clip1/Label.csv,0140.jpg,1,798.0,526.0,0,test
game1,Clip1,../Dataset/game1/Clip1/0141.jpg,../Dataset/game1/Clip1/Label.csv,0141.jpg,1,790.0,496.0,1,test
game1,Clip1,../Dataset/game1/Clip1/0142.jpg,../Dataset/game1/Clip1/Label.csv,0142.jpg,1,778.0,442.0,1,test
game1,Clip1,../Dataset/game1/Clip1/0143.jpg,../Dataset/game1/Clip1/Label.csv,0143.jpg,1,769.0,402.0,0,test
game1,Clip1,../Dataset/game1/Clip1/0144.jpg,../Dataset/game1/Clip1/Label.csv,0144.jpg,1,759.0,362.0,0,test
game1,Clip1,../Dataset/game1/Clip1/0145.jpg,../Dataset/game1/Clip1/Label.csv,0145.jpg,1,752.0,330.0,0,test
game1,Clip1,../Dataset/game1/Clip1/0146.jpg,../Dataset/game1/Clip1/Label.csv,0146.jpg,1,742.0,303.0,0,test
game1,Clip1,../Dataset/game1/Clip1/0147.jpg,../Dataset/game1/Clip1/Label.csv,0147.jpg,2,736.0,281.0,0,test
game1,Clip1,../Dataset/game1/Clip1/0148.jpg,../Dataset/game1/Clip1/Label.csv,0148.jpg,1,729.0,264.0,0,test
game1,Clip1,../Dataset/game1/Clip1/0149.jpg,../Dataset/game1/Clip1/Label.csv,0149.jpg,1,723.0,246.0,0,test
game1,Clip1,../Dataset/game1/Clip1/0150.jpg,../Dataset/game1/Clip1/Label.csv,0150.jpg,1,715.0,231.0,0,test
game1,Clip1,../Dataset/game1/Clip1/0151.jpg,../Dataset/game1/Clip1/Label.csv,0151.jpg,1,709.0,221.0,0,test
game1,Clip1,../Dataset/game1/Clip1/0152.jpg,../Dataset/game1/Clip1/Label.csv,0152.jpg,2,705.0,212.0,0,test
game1,Clip1,../Dataset/game1/Clip1/0153.jpg,../Dataset/game1/Clip1/Label.csv,0153.jpg,1,699.0,205.0,0,test
game1,Clip1,../Dataset/game1/Clip1/0154.jpg,../Dataset/game1/Clip1/Label.csv,0154.jpg,1,694.0,200.0,0,test
game1,Clip1,../Dataset/game1/Clip1/0155.jpg,../Dataset/game1/Clip1/Label.csv,0155.jpg,1,688.0,194.0,0,test
game1,Clip1,../Dataset/game1/Clip1/0156.jpg,../Dataset/game1/Clip1/Label.csv,0156.jpg,1,682.0,191.0,0,test
game1,Clip1,../Dataset/game1/Clip1/0157.jpg,../Dataset/game1/Clip1/Label.csv,0157.jpg,1,677.0,191.0,0,test
game1,Clip1,../Dataset/game1/Clip1/0158.jpg,../Dataset/game1/Clip1/Label.csv,0158.jpg,1,673.0,188.0,0,test
game1,Clip1,../Dataset/game1/Clip1/0159.jpg,../Dataset/game1/Clip1/Label.csv,0159.jpg,1,667.0,190.0,0,test
game1,Clip1,../Dataset/game1/Clip1/0160.jpg,../Dataset/game1/Clip1/Label.csv,0160.jpg,1,664.0,190.0,0,test
game1,Clip1,../Dataset/game1/Clip1/0161.jpg,../Dataset/game1/Clip1/Label.csv,0161.jpg,1,659.0,193.0,0,test
game1,Clip1,../Dataset/game1/Clip1/0162.jpg,../Dataset/game1/Clip1/Label.csv,0162.jpg,1,653.0,196.0,0,test
game1,Clip1,../Dataset/game1/Clip1/0163.jpg,../Dataset/game1/Clip1/Label.csv,0163.jpg,1,651.0,202.0,0,test
game1,Clip1,../Dataset/game1/Clip1/0164.jpg,../Dataset/game1/Clip1/Label.csv,0164.jpg,1,647.0,207.0,2,test
game1,Clip1,../Dataset/game1/Clip1/0165.jpg,../Dataset/game1/Clip1/Label.csv,0165.jpg,1,643.0,191.0,0,test
game1,Clip1,../Dataset/game1/Clip1/0166.jpg,../Dataset/game1/Clip1/Label.csv,0166.jpg,1,641.0,184.0,0,test
game1,Clip1,../Dataset/game1/Clip1/0167.jpg,../Dataset/game1/Clip1/Label.csv,0167.jpg,1,639.0,173.0,0,test
game1,Clip1,../Dataset/game1/Clip1/0168.jpg,../Dataset/game1/Clip1/Label.csv,0168.jpg,1,637.0,163.0,0,test
game1,Clip1,../Dataset/game1/Clip1/0169.jpg,../Dataset/game1/Clip1/Label.csv,0169.jpg,1,634.0,155.0,0,test
game1,Clip1,../Dataset/game1/Clip1/0170.jpg,../Dataset/game1/Clip1/Label.csv,0170.jpg,2,632.0,148.0,0,test
game1,Clip1,../Dataset/game1/Clip1/0171.jpg,../Dataset/game1/Clip1/Label.csv,0171.jpg,2,629.0,141.0,0,test
game1,Clip1,../Dataset/game1/Clip1/0172.jpg,../Dataset/game1/Clip1/Label.csv,0172.jpg,1,628.0,136.0,0,test
game1,Clip1,../Dataset/game1/Clip1/0173.jpg,../Dataset/game1/Clip1/Label.csv,0173.jpg,1,625.0,132.0,1,test
game1,Clip1,../Dataset/game1/Clip1/0174.jpg,../Dataset/game1/Clip1/Label.csv,0174.jpg,1,631.0,132.0,0,test
game1,Clip1,../Dataset/game1/Clip1/0175.jpg,../Dataset/game1/Clip1/Label.csv,0175.jpg,1,647.0,137.0,0,test
game1,Clip1,../Dataset/game1/Clip1/0176.jpg,../Dataset/game1/Clip1/Label.csv,0176.jpg,2,661.0,143.0,0,test
game1,Clip1,../Dataset/game1/Clip1/0177.jpg,../Dataset/game1/Clip1/Label.csv,0177.jpg,1,675.0,149.0,0,test
game1,Clip1,../Dataset/game1/Clip1/0178.jpg,../Dataset/game1/Clip1/Label.csv,0178.jpg,1,690.0,159.0,0,test
game1,Clip1,../Dataset/game1/Clip1/0179.jpg,../Dataset/game1/Clip1/Label.csv,0179.jpg,2,702.0,170.0,0,test
game1,Clip1,../Dataset/game1/Clip1/0180.jpg,../Dataset/game1/Clip1/Label.csv,0180.jpg,1,721.0,182.0,0,test
game1,Clip1,../Dataset/game1/Clip1/0181.jpg,../Dataset/game1/Clip1/Label.csv,0181.jpg,1,737.0,194.0,0,test
game1,Clip1,../Dataset/game1/Clip1/0182.jpg,../Dataset/game1/Clip1/Label.csv,0182.jpg,1,754.0,211.0,0,test
game1,Clip1,../Dataset/game1/Clip1/0183.jpg,../Dataset/game1/Clip1/Label.csv,0183.jpg,1,770.0,228.0,0,test
game1,Clip1,../Dataset/game1/Clip1/0184.jpg,../Dataset/game1/Clip1/Label.csv,0184.jpg,1,788.0,247.0,0,test
game1,Clip1,../Dataset/game1/Clip1/0185.jpg,../Dataset/game1/Clip1/Label.csv,0185.jpg,1,808.0,271.0,0,test
game1,Clip1,../Dataset/game1/Clip1/0186.jpg,../Dataset/game1/Clip1/Label.csv,0186.jpg,1,828.0,294.0,0,test
game1,Clip1,../Dataset/game1/Clip1/0187.jpg,../Dataset/game1/Clip1/Label.csv,0187.jpg,1,846.0,321.0,0,test
game1,Clip1,../Dataset/game1/Clip1/0188.jpg,../Dataset/game1/Clip1/Label.csv,0188.jpg,1,868.0,349.0,0,test
game1,Clip1,../Dataset/game1/Clip1/0189.jpg,../Dataset/game1/Clip1/Label.csv,0189.jpg,1,886.0,380.0,0,test
game1,Clip1,../Dataset/game1/Clip1/0190.jpg,../Dataset/game1/Clip1/Label.csv,0190.jpg,1,909.0,415.0,0,test
game1,Clip1,../Dataset/game1/Clip1/0191.jpg,../Dataset/game1/Clip1/Label.csv,0191.jpg,2,926.0,426.0,2,test
game1,Clip1,../Dataset/game1/Clip1/0192.jpg,../Dataset/game1/Clip1/Label.csv,0192.jpg,1,945.0,429.0,0,test
game1,Clip1,../Dataset/game1/Clip1/0193.jpg,../Dataset/game1/Clip1/Label.csv,0193.jpg,1,965.0,432.0,0,test
game1,Clip1,../Dataset/game1/Clip1/0194.jpg,../Dataset/game1/Clip1/Label.csv,0194.jpg,1,986.0,438.0,0,test
game1,Clip1,../Dataset/game1/Clip1/0195.jpg,../Dataset/game1/Clip1/Label.csv,0195.jpg,1,1004.0,445.0,0,test
game1,Clip1,../Dataset/game1/Clip1/0196.jpg,../Dataset/game1/Clip1/Label.csv,0196.jpg,1,1024.0,453.0,0,test
game1,Clip1,../Dataset/game1/Clip1/0197.jpg,../Dataset/game1/Clip1/Label.csv,0197.jpg,2,1044.0,463.0,0,test
game1,Clip1,../Dataset/game1/Clip1/0198.jpg,../Dataset/game1/Clip1/Label.csv,0198.jpg,1,1071.0,476.0,0,test
game1,Clip1,../Dataset/game1/Clip1/0199.jpg,../Dataset/game1/Clip1/Label.csv,0199.jpg,1,1093.0,493.0,0,test
game1,Clip1,../Dataset/game1/Clip1/0200.jpg,../Dataset/game1/Clip1/Label.csv,0200.jpg,1,1119.0,510.0,0,test
game1,Clip1,../Dataset/game1/Clip1/0201.jpg,../Dataset/game1/Clip1/Label.csv,0201.jpg,1,1143.0,530.0,0,test
game1,Clip1,../Dataset/game1/Clip1/0202.jpg,../Dataset/game1/Clip1/Label.csv,0202.jpg,1,1171.0,553.0,0,test
game1,Clip1,../Dataset/game1/Clip1/0203.jpg,../Dataset/game1/Clip1/Label.csv,0203.jpg,1,1198.0,577.0,0,test
game1,Clip1,../Dataset/game1/Clip1/0204.jpg,../Dataset/game1/Clip1/Label.csv,0204.jpg,1,1230.0,607.0,0,test
game1,Clip1,../Dataset/game1/Clip1/0205.jpg,../Dataset/game1/Clip1/Label.csv,0205.jpg,1,1261.0,639.0,0,test
game1,Clip1,../Dataset/game1/Clip1/0206.jpg,../Dataset/game1/Clip1/Label.csv,0206.jpg,1,1279.0,661.0,0,test
game1,Clip2,../Dataset/game1/Clip2/0000.jpg,../Dataset/game1/Clip2/Label.csv,0000.jpg,1,721.0,460.0,0,test
game1,Clip2,../Dataset/game1/Clip2/0001.jpg,../Dataset/game1/Clip2/Label.csv,0001.jpg,1,721.0,456.0,0,test
game1,Clip2,../Dataset/game1/Clip2/0002.jpg,../Dataset/game1/Clip2/Label.csv,0002.jpg,1,724.0,447.0,0,test
game1,Clip2,../Dataset/game1/Clip2/0003.jpg,../Dataset/game1/Clip2/Label.csv,0003.jpg,1,725.0,438.0,0,test
game1,Clip2,../Dataset/game1/Clip2/0004.jpg,../Dataset/game1/Clip2/Label.csv,0004.jpg,1,727.0,423.0,0,test
game1,Clip2,../Dataset/game1/Clip2/0005.jpg,../Dataset/game1/Clip2/Label.csv,0005.jpg,1,726.0,406.0,0,test
game1,Clip2,../Dataset/game1/Clip2/0006.jpg,../Dataset/game1/Clip2/Label.csv,0006.jpg,1,725.0,387.0,0,test
game1,Clip2,../Dataset/game1/Clip2/0007.jpg,../Dataset/game1/Clip2/Label.csv,0007.jpg,1,725.0,370.0,0,test
game1,Clip2,../Dataset/game1/Clip2/0008.jpg,../Dataset/game1/Clip2/Label.csv,0008.jpg,1,723.0,353.0,0,test
game1,Clip2,../Dataset/game1/Clip2/0009.jpg,../Dataset/game1/Clip2/Label.csv,0009.jpg,1,723.0,337.0,0,test
game1,Clip2,../Dataset/game1/Clip2/0010.jpg,../Dataset/game1/Clip2/Label.csv,0010.jpg,1,723.0,324.0,0,test
game1,Clip2,../Dataset/game1/Clip2/0011.jpg,../Dataset/game1/Clip2/Label.csv,0011.jpg,1,722.0,311.0,0,test
game1,Clip2,../Dataset/game1/Clip2/0012.jpg,../Dataset/game1/Clip2/Label.csv,0012.jpg,1,721.0,300.0,0,test
game1,Clip2,../Dataset/game1/Clip2/0013.jpg,../Dataset/game1/Clip2/Label.csv,0013.jpg,1,721.0,291.0,0,test
game1,Clip2,../Dataset/game1/Clip2/0014.jpg,../Dataset/game1/Clip2/Label.csv,0014.jpg,1,719.0,282.0,0,test
game1,Clip2,../Dataset/game1/Clip2/0015.jpg,../Dataset/game1/Clip2/Label.csv,0015.jpg,1,719.0,275.0,0,test
game1,Clip2,../Dataset/game1/Clip2/0016.jpg,../Dataset/game1/Clip2/Label.csv,0016.jpg,1,717.0,268.0,0,test
game1,Clip2,../Dataset/game1/Clip2/0017.jpg,../Dataset/game1/Clip2/Label.csv,0017.jpg,1,717.0,263.0,0,test
game1,Clip2,../Dataset/game1/Clip2/0018.jpg,../Dataset/game1/Clip2/Label.csv,0018.jpg,1,715.0,259.0,0,test
game1,Clip2,../Dataset/game1/Clip2/0019.jpg,../Dataset/game1/Clip2/Label.csv,0019.jpg,1,714.0,257.0,0,test
game1,Clip2,../Dataset/game1/Clip2/0020.jpg,../Dataset/game1/Clip2/Label.csv,0020.jpg,1,713.0,255.0,0,test
game1,Clip2,../Dataset/game1/Clip2/0021.jpg,../Dataset/game1/Clip2/Label.csv,0021.jpg,1,713.0,255.0,0,test
game1,Clip2,../Dataset/game1/Clip2/0022.jpg,../Dataset/game1/Clip2/Label.csv,0022.jpg,1,711.0,257.0,0,test
game1,Clip2,../Dataset/game1/Clip2/0023.jpg,../Dataset/game1/Clip2/Label.csv,0023.jpg,1,710.0,259.0,0,test
game1,Clip2,../Dataset/game1/Clip2/0024.jpg,../Dataset/game1/Clip2/Label.csv,0024.jpg,1,709.0,263.0,0,test
game1,Clip2,../Dataset/game1/Clip2/0025.jpg,../Dataset/game1/Clip2/Label.csv,0025.jpg,1,708.0,267.0,0,test
game1,Clip2,../Dataset/game1/Clip2/0026.jpg,../Dataset/game1/Clip2/Label.csv,0026.jpg,1,708.0,274.0,0,test
game1,Clip2,../Dataset/game1/Clip2/0027.jpg,../Dataset/game1/Clip2/Label.csv,0027.jpg,1,707.0,282.0,0,test
game1,Clip2,../Dataset/game1/Clip2/0028.jpg,../Dataset/game1/Clip2/Label.csv,0028.jpg,1,706.0,290.0,0,test
game1,Clip2,../Dataset/game1/Clip2/0029.jpg,../Dataset/game1/Clip2/Label.csv,0029.jpg,2,700.0,291.0,1,test
game1,Clip2,../Dataset/game1/Clip2/0030.jpg,../Dataset/game1/Clip2/Label.csv,0030.jpg,1,688.0,274.0,0,test
game1,Clip2,../Dataset/game1/Clip2/0031.jpg,../Dataset/game1/Clip2/Label.csv,0031.jpg,1,678.0,258.0,0,test
game1,Clip2,../Dataset/game1/Clip2/0032.jpg,../Dataset/game1/Clip2/Label.csv,0032.jpg,2,669.0,247.0,0,test
game1,Clip2,../Dataset/game1/Clip2/0033.jpg,../Dataset/game1/Clip2/Label.csv,0033.jpg,1,663.0,238.0,0,test
game1,Clip2,../Dataset/game1/Clip2/0034.jpg,../Dataset/game1/Clip2/Label.csv,0034.jpg,1,655.0,232.0,0,test
game1,Clip2,../Dataset/game1/Clip2/0035.jpg,../Dataset/game1/Clip2/Label.csv,0035.jpg,1,650.0,228.0,0,test
game1,Clip2,../Dataset/game1/Clip2/0036.jpg,../Dataset/game1/Clip2/Label.csv,0036.jpg,2,647.0,226.0,0,test
game1,Clip2,../Dataset/game1/Clip2/0037.jpg,../Dataset/game1/Clip2/Label.csv,0037.jpg,1,639.0,224.0,0,test
game1,Clip2,../Dataset/game1/Clip2/0038.jpg,../Dataset/game1/Clip2/Label.csv,0038.jpg,2,632.0,224.0,2,test
game1,Clip2,../Dataset/game1/Clip2/0039.jpg,../Dataset/game1/Clip2/Label.csv,0039.jpg,1,629.0,205.0,0,test
game1,Clip2,../Dataset/game1/Clip2/0040.jpg,../Dataset/game1/Clip2/Label.csv,0040.jpg,1,626.0,184.0,0,test
game1,Clip2,../Dataset/game1/Clip2/0041.jpg,../Dataset/game1/Clip2/Label.csv,0041.jpg,2,624.0,170.0,0,test
game1,Clip2,../Dataset/game1/Clip2/0042.jpg,../Dataset/game1/Clip2/Label.csv,0042.jpg,2,618.0,155.0,0,test
game1,Clip2,../Dataset/game1/Clip2/0043.jpg,../Dataset/game1/Clip2/Label.csv,0043.jpg,2,615.0,140.0,0,test
game1,Clip2,../Dataset/game1/Clip2/0044.jpg,../Dataset/game1/Clip2/Label.csv,0044.jpg,1,610.0,128.0,0,test
game1,Clip2,../Dataset/game1/Clip2/0045.jpg,../Dataset/game1/Clip2/Label.csv,0045.jpg,1,612.0,123.0,1,test
game1,Clip2,../Dataset/game1/Clip2/0046.jpg,../Dataset/game1/Clip2/Label.csv,0046.jpg,1,618.0,116.0,0,test
game1,Clip2,../Dataset/game1/Clip2/0047.jpg,../Dataset/game1/Clip2/Label.csv,0047.jpg,1,622.0,114.0,0,test
game1,Clip2,../Dataset/game1/Clip2/0048.jpg,../Dataset/game1/Clip2/Label.csv,0048.jpg,2,629.0,107.0,0,test
game1,Clip2,../Dataset/game1/Clip2/0049.jpg,../Dataset/game1/Clip2/Label.csv,0049.jpg,2,636.0,103.0,0,test
game1,Clip2,../Dataset/game1/Clip2/0050.jpg,../Dataset/game1/Clip2/Label.csv,0050.jpg,2,641.0,98.0,0,test
game1,Clip2,../Dataset/game1/Clip2/0051.jpg,../Dataset/game1/Clip2/Label.csv,0051.jpg,2,647.0,98.0,0,test
game1,Clip2,../Dataset/game1/Clip2/0052.jpg,../Dataset/game1/Clip2/Label.csv,0052.jpg,2,653.0,97.0,0,test
game1,Clip2,../Dataset/game1/Clip2/0053.jpg,../Dataset/game1/Clip2/Label.csv,0053.jpg,1,659.0,97.0,0,test
game1,Clip2,../Dataset/game1/Clip2/0054.jpg,../Dataset/game1/Clip2/Label.csv,0054.jpg,1,665.0,96.0,0,test
game1,Clip2,../Dataset/game1/Clip2/0055.jpg,../Dataset/game1/Clip2/Label.csv,0055.jpg,1,672.0,98.0,0,test
game1,Clip2,../Dataset/game1/Clip2/0056.jpg,../Dataset/game1/Clip2/Label.csv,0056.jpg,1,677.0,98.0,0,test
game1,Clip2,../Dataset/game1/Clip2/0057.jpg,../Dataset/game1/Clip2/Label.csv,0057.jpg,1,684.0,101.0,0,test
game1,Clip2,../Dataset/game1/Clip2/0058.jpg,../Dataset/game1/Clip2/Label.csv,0058.jpg,1,689.0,103.0,0,test
game1,Clip2,../Dataset/game1/Clip2/0059.jpg,../Dataset/game1/Clip2/Label.csv,0059.jpg,2,696.0,108.0,0,test
game1,Clip2,../Dataset/game1/Clip2/0060.jpg,../Dataset/game1/Clip2/Label.csv,0060.jpg,2,703.0,113.0,0,test
game1,Clip2,../Dataset/game1/Clip2/0061.jpg,../Dataset/game1/Clip2/Label.csv,0061.jpg,1,711.0,116.0,0,test
game1,Clip2,../Dataset/game1/Clip2/0062.jpg,../Dataset/game1/Clip2/Label.csv,0062.jpg,1,715.0,124.0,0,test
game1,Clip2,../Dataset/game1/Clip2/0063.jpg,../Dataset/game1/Clip2/Label.csv,0063.jpg,1,724.0,130.0,0,test
game1,Clip2,../Dataset/game1/Clip2/0064.jpg,../Dataset/game1/Clip2/Label.csv,0064.jpg,1,730.0,138.0,0,test
game1,Clip2,../Dataset/game1/Clip2/0065.jpg,../Dataset/game1/Clip2/Label.csv,0065.jpg,1,740.0,150.0,0,test
game1,Clip2,../Dataset/game1/Clip2/0066.jpg,../Dataset/game1/Clip2/Label.csv,0066.jpg,1,745.0,158.0,0,test
game1,Clip2,../Dataset/game1/Clip2/0067.jpg,../Dataset/game1/Clip2/Label.csv,0067.jpg,1,752.0,168.0,0,test
game1,Clip2,../Dataset/game1/Clip2/0068.jpg,../Dataset/game1/Clip2/Label.csv,0068.jpg,1,759.0,178.0,0,test
game1,Clip2,../Dataset/game1/Clip2/0069.jpg,../Dataset/game1/Clip2/Label.csv,0069.jpg,1,766.0,194.0,0,test
game1,Clip2,../Dataset/game1/Clip2/0070.jpg,../Dataset/game1/Clip2/Label.csv,0070.jpg,1,775.0,207.0,0,test
game1,Clip2,../Dataset/game1/Clip2/0071.jpg,../Dataset/game1/Clip2/Label.csv,0071.jpg,1,781.0,222.0,0,test
game1,Clip2,../Dataset/game1/Clip2/0072.jpg,../Dataset/game1/Clip2/Label.csv,0072.jpg,1,788.0,238.0,0,test
game1,Clip2,../Dataset/game1/Clip2/0073.jpg,../Dataset/game1/Clip2/Label.csv,0073.jpg,1,798.0,257.0,0,test
game1,Clip2,../Dataset/game1/Clip2/0074.jpg,../Dataset/game1/Clip2/Label.csv,0074.jpg,1,805.0,276.0,0,test
game1,Clip2,../Dataset/game1/Clip2/0075.jpg,../Dataset/game1/Clip2/Label.csv,0075.jpg,1,812.0,296.0,0,test
game1,Clip2,../Dataset/game1/Clip2/0076.jpg,../Dataset/game1/Clip2/Label.csv,0076.jpg,1,821.0,317.0,0,test
game1,Clip2,../Dataset/game1/Clip2/0077.jpg,../Dataset/game1/Clip2/Label.csv,0077.jpg,1,828.0,341.0,0,test
game1,Clip2,../Dataset/game1/Clip2/0078.jpg,../Dataset/game1/Clip2/Label.csv,0078.jpg,1,837.0,364.0,0,test
game1,Clip2,../Dataset/game1/Clip2/0079.jpg,../Dataset/game1/Clip2/Label.csv,0079.jpg,1,843.0,391.0,0,test
game1,Clip2,../Dataset/game1/Clip2/0080.jpg,../Dataset/game1/Clip2/Label.csv,0080.jpg,1,848.0,393.0,2,test
game1,Clip2,../Dataset/game1/Clip2/0081.jpg,../Dataset/game1/Clip2/Label.csv,0081.jpg,1,853.0,381.0,0,test
game1,Clip2,../Dataset/game1/Clip2/0082.jpg,../Dataset/game1/Clip2/Label.csv,0082.jpg,1,858.0,374.0,0,test
game1,Clip2,../Dataset/game1/Clip2/0083.jpg,../Dataset/game1/Clip2/Label.csv,0083.jpg,1,861.0,368.0,0,test
game1,Clip2,../Dataset/game1/Clip2/0084.jpg,../Dataset/game1/Clip2/Label.csv,0084.jpg,1,868.0,362.0,0,test
game1,Clip2,../Dataset/game1/Clip2/0085.jpg,../Dataset/game1/Clip2/Label.csv,0085.jpg,1,872.0,357.0,0,test
game1,Clip2,../Dataset/game1/Clip2/0086.jpg,../Dataset/game1/Clip2/Label.csv,0086.jpg,1,882.0,350.0,0,test
game1,Clip2,../Dataset/game1/Clip2/0087.jpg,../Dataset/game1/Clip2/Label.csv,0087.jpg,2,886.0,348.0,0,test
game1,Clip2,../Dataset/game1/Clip2/0088.jpg,../Dataset/game1/Clip2/Label.csv,0088.jpg,2,892.0,349.0,0,test
game1,Clip2,../Dataset/game1/Clip2/0089.jpg,../Dataset/game1/Clip2/Label.csv,0089.jpg,2,895.0,349.0,0,test
game1,Clip2,../Dataset/game1/Clip2/0090.jpg,../Dataset/game1/Clip2/Label.csv,0090.jpg,1,899.0,350.0,0,test
game1,Clip2,../Dataset/game1/Clip2/0091.jpg,../Dataset/game1/Clip2/Label.csv,0091.jpg,1,905.0,354.0,0,test
game1,Clip2,../Dataset/game1/Clip2/0092.jpg,../Dataset/game1/Clip2/Label.csv,0092.jpg,1,909.0,356.0,1,test
game1,Clip2,../Dataset/game1/Clip2/0093.jpg,../Dataset/game1/Clip2/Label.csv,0093.jpg,1,888.0,322.0,1,test
game1,Clip2,../Dataset/game1/Clip2/0094.jpg,../Dataset/game1/Clip2/Label.csv,0094.jpg,1,874.0,301.0,0,test
game1,Clip2,../Dataset/game1/Clip2/0095.jpg,../Dataset/game1/Clip2/Label.csv,0095.jpg,2,858.0,279.0,0,test
game1,Clip2,../Dataset/game1/Clip2/0096.jpg,../Dataset/game1/Clip2/Label.csv,0096.jpg,2,848.0,265.0,0,test
game1,Clip2,../Dataset/game1/Clip2/0097.jpg,../Dataset/game1/Clip2/Label.csv,0097.jpg,1,839.0,253.0,0,test
game1,Clip2,../Dataset/game1/Clip2/0098.jpg,../Dataset/game1/Clip2/Label.csv,0098.jpg,2,834.0,244.0,0,test
game1,Clip2,../Dataset/game1/Clip2/0099.jpg,../Dataset/game1/Clip2/Label.csv,0099.jpg,1,825.0,235.0,0,test
game1,Clip2,../Dataset/game1/Clip2/0100.jpg,../Dataset/game1/Clip2/Label.csv,0100.jpg,1,817.0,229.0,0,test
game1,Clip2,../Dataset/game1/Clip2/0101.jpg,../Dataset/game1/Clip2/Label.csv,0101.jpg,1,813.0,228.0,0,test
game1,Clip2,../Dataset/game1/Clip2/0102.jpg,../Dataset/game1/Clip2/Label.csv,0102.jpg,1,806.0,224.0,0,test
game1,Clip2,../Dataset/game1/Clip2/0103.jpg,../Dataset/game1/Clip2/Label.csv,0103.jpg,1,803.0,224.0,0,test
game1,Clip2,../Dataset/game1/Clip2/0104.jpg,../Dataset/game1/Clip2/Label.csv,0104.jpg,1,799.0,224.0,2,test
game1,Clip2,../Dataset/game1/Clip2/0105.jpg,../Dataset/game1/Clip2/Label.csv,0105.jpg,1,794.0,207.0,0,test
game1,Clip2,../Dataset/game1/Clip2/0106.jpg,../Dataset/game1/Clip2/Label.csv,0106.jpg,1,793.0,191.0,0,test
game1,Clip2,../Dataset/game1/Clip2/0107.jpg,../Dataset/game1/Clip2/Label.csv,0107.jpg,1,790.0,178.0,0,test
game1,Clip2,../Dataset/game1/Clip2/0108.jpg,../Dataset/game1/Clip2/Label.csv,0108.jpg,2,788.0,168.0,0,test
game1,Clip2,../Dataset/game1/Clip2/0109.jpg,../Dataset/game1/Clip2/Label.csv,0109.jpg,1,784.0,158.0,0,test
game1,Clip2,../Dataset/game1/Clip2/0110.jpg,../Dataset/game1/Clip2/Label.csv,0110.jpg,1,782.0,150.0,0,test
game1,Clip2,../Dataset/game1/Clip2/0111.jpg,../Dataset/game1/Clip2/Label.csv,0111.jpg,1,781.0,142.0,0,test
game1,Clip2,../Dataset/game1/Clip2/0112.jpg,../Dataset/game1/Clip2/Label.csv,0112.jpg,1,780.0,138.0,0,test
game1,Clip2,../Dataset/game1/Clip2/0113.jpg,../Dataset/game1/Clip2/Label.csv,0113.jpg,1,778.0,133.0,0,test
game1,Clip2,../Dataset/game1/Clip2/0114.jpg,../Dataset/game1/Clip2/Label.csv,0114.jpg,1,776.0,129.0,0,test
game1,Clip2,../Dataset/game1/Clip2/0115.jpg,../Dataset/game1/Clip2/Label.csv,0115.jpg,1,775.0,129.0,0,test
game1,Clip2,../Dataset/game1/Clip2/0116.jpg,../Dataset/game1/Clip2/Label.csv,0116.jpg,1,773.0,126.0,0,test
game1,Clip2,../Dataset/game1/Clip2/0117.jpg,../Dataset/game1/Clip2/Label.csv,0117.jpg,1,771.0,126.0,0,test
game1,Clip2,../Dataset/game1/Clip2/0118.jpg,../Dataset/game1/Clip2/Label.csv,0118.jpg,1,768.0,127.0,0,test
game1,Clip2,../Dataset/game1/Clip2/0119.jpg,../Dataset/game1/Clip2/Label.csv,0119.jpg,1,769.0,127.0,0,test
game1,Clip2,../Dataset/game1/Clip2/0120.jpg,../Dataset/game1/Clip2/Label.csv,0120.jpg,1,766.0,128.0,0,test
game1,Clip2,../Dataset/game1/Clip2/0121.jpg,../Dataset/game1/Clip2/Label.csv,0121.jpg,1,765.0,132.0,0,test
game1,Clip2,../Dataset/game1/Clip2/0122.jpg,../Dataset/game1/Clip2/Label.csv,0122.jpg,1,764.0,136.0,2,test
game1,Clip2,../Dataset/game1/Clip2/0123.jpg,../Dataset/game1/Clip2/Label.csv,0123.jpg,1,761.0,126.0,0,test
game1,Clip2,../Dataset/game1/Clip2/0124.jpg,../Dataset/game1/Clip2/Label.csv,0124.jpg,1,758.0,119.0,0,test
game1,Clip2,../Dataset/game1/Clip2/0125.jpg,../Dataset/game1/Clip2/Label.csv,0125.jpg,1,758.0,112.0,0,test
game1,Clip2,../Dataset/game1/Clip2/0126.jpg,../Dataset/game1/Clip2/Label.csv,0126.jpg,1,758.0,104.0,0,test
game1,Clip2,../Dataset/game1/Clip2/0127.jpg,../Dataset/game1/Clip2/Label.csv,0127.jpg,1,757.0,101.0,0,test
game1,Clip2,../Dataset/game1/Clip2/0128.jpg,../Dataset/game1/Clip2/Label.csv,0128.jpg,1,755.0,96.0,0,test
game1,Clip2,../Dataset/game1/Clip2/0129.jpg,../Dataset/game1/Clip2/Label.csv,0129.jpg,2,756.0,92.0,0,test
game1,Clip11,../Dataset/game1/Clip11/0000.jpg,../Dataset/game1/Clip11/Label.csv,0000.jpg,1,724.0,452.0,0,test
game1,Clip11,../Dataset/game1/Clip11/0001.jpg,../Dataset/game1/Clip11/Label.csv,0001.jpg,1,724.0,437.0,0,test
game1,Clip11,../Dataset/game1/Clip11/0002.jpg,../Dataset/game1/Clip11/Label.csv,0002.jpg,1,726.0,422.0,0,test
game1,Clip11,../Dataset/game1/Clip11/0003.jpg,../Dataset/game1/Clip11/Label.csv,0003.jpg,1,725.0,404.0,0,test
game1,Clip11,../Dataset/game1/Clip11/0004.jpg,../Dataset/game1/Clip11/Label.csv,0004.jpg,1,723.0,384.0,0,test
game1,Clip11,../Dataset/game1/Clip11/0005.jpg,../Dataset/game1/Clip11/Label.csv,0005.jpg,1,722.0,368.0,0,test
game1,Clip11,../Dataset/game1/Clip11/0006.jpg,../Dataset/game1/Clip11/Label.csv,0006.jpg,1,720.0,350.0,0,test
game1,Clip11,../Dataset/game1/Clip11/0007.jpg,../Dataset/game1/Clip11/Label.csv,0007.jpg,1,719.0,336.0,0,test
game1,Clip11,../Dataset/game1/Clip11/0008.jpg,../Dataset/game1/Clip11/Label.csv,0008.jpg,1,717.0,324.0,0,test
game1,Clip11,../Dataset/game1/Clip11/0009.jpg,../Dataset/game1/Clip11/Label.csv,0009.jpg,1,715.0,311.0,0,test
game1,Clip11,../Dataset/game1/Clip11/0010.jpg,../Dataset/game1/Clip11/Label.csv,0010.jpg,1,714.0,301.0,0,test
game1,Clip11,../Dataset/game1/Clip11/0011.jpg,../Dataset/game1/Clip11/Label.csv,0011.jpg,1,712.0,291.0,0,test
game1,Clip11,../Dataset/game1/Clip11/0012.jpg,../Dataset/game1/Clip11/Label.csv,0012.jpg,1,711.0,282.0,0,test
game1,Clip11,../Dataset/game1/Clip11/0013.jpg,../Dataset/game1/Clip11/Label.csv,0013.jpg,1,709.0,277.0,0,test
game1,Clip11,../Dataset/game1/Clip11/0014.jpg,../Dataset/game1/Clip11/Label.csv,0014.jpg,1,708.0,270.0,0,test
game1,Clip11,../Dataset/game1/Clip11/0015.jpg,../Dataset/game1/Clip11/Label.csv,0015.jpg,1,707.0,265.0,0,test
game1,Clip11,../Dataset/game1/Clip11/0016.jpg,../Dataset/game1/Clip11/Label.csv,0016.jpg,1,706.0,263.0,0,test
game1,Clip11,../Dataset/game1/Clip11/0017.jpg,../Dataset/game1/Clip11/Label.csv,0017.jpg,1,703.0,259.0,0,test
game1,Clip11,../Dataset/game1/Clip11/0018.jpg,../Dataset/game1/Clip11/Label.csv,0018.jpg,1,702.0,260.0,0,test
game1,Clip11,../Dataset/game1/Clip11/0019.jpg,../Dataset/game1/Clip11/Label.csv,0019.jpg,1,700.0,260.0,0,test
game1,Clip11,../Dataset/game1/Clip11/0020.jpg,../Dataset/game1/Clip11/Label.csv,0020.jpg,1,699.0,260.0,0,test
game1,Clip11,../Dataset/game1/Clip11/0021.jpg,../Dataset/game1/Clip11/Label.csv,0021.jpg,1,697.0,264.0,0,test
game1,Clip11,../Dataset/game1/Clip11/0022.jpg,../Dataset/game1/Clip11/Label.csv,0022.jpg,1,695.0,268.0,0,test
game1,Clip11,../Dataset/game1/Clip11/0023.jpg,../Dataset/game1/Clip11/Label.csv,0023.jpg,1,695.0,274.0,0,test
game1,Clip11,../Dataset/game1/Clip11/0024.jpg,../Dataset/game1/Clip11/Label.csv,0024.jpg,1,692.0,280.0,0,test
game1,Clip11,../Dataset/game1/Clip11/0025.jpg,../Dataset/game1/Clip11/Label.csv,0025.jpg,1,690.0,288.0,0,test
game1,Clip11,../Dataset/game1/Clip11/0026.jpg,../Dataset/game1/Clip11/Label.csv,0026.jpg,1,688.0,296.0,0,test
game1,Clip11,../Dataset/game1/Clip11/0027.jpg,../Dataset/game1/Clip11/Label.csv,0027.jpg,1,687.0,304.0,1,test
game1,Clip11,../Dataset/game1/Clip11/0028.jpg,../Dataset/game1/Clip11/Label.csv,0028.jpg,1,684.0,283.0,0,test
game1,Clip11,../Dataset/game1/Clip11/0029.jpg,../Dataset/game1/Clip11/Label.csv,0029.jpg,1,682.0,265.0,0,test
game1,Clip11,../Dataset/game1/Clip11/0030.jpg,../Dataset/game1/Clip11/Label.csv,0030.jpg,1,677.0,253.0,0,test
game1,Clip11,../Dataset/game1/Clip11/0031.jpg,../Dataset/game1/Clip11/Label.csv,0031.jpg,1,672.0,242.0,0,test
game1,Clip11,../Dataset/game1/Clip11/0032.jpg,../Dataset/game1/Clip11/Label.csv,0032.jpg,1,667.0,236.0,0,test
game1,Clip11,../Dataset/game1/Clip11/0033.jpg,../Dataset/game1/Clip11/Label.csv,0033.jpg,1,662.0,233.0,0,test
game1,Clip11,../Dataset/game1/Clip11/0034.jpg,../Dataset/game1/Clip11/Label.csv,0034.jpg,1,654.0,230.0,0,test
game1,Clip11,../Dataset/game1/Clip11/0035.jpg,../Dataset/game1/Clip11/Label.csv,0035.jpg,1,650.0,230.0,0,test
game1,Clip11,../Dataset/game1/Clip11/0036.jpg,../Dataset/game1/Clip11/Label.csv,0036.jpg,2,642.0,232.0,0,test
game1,Clip11,../Dataset/game1/Clip11/0037.jpg,../Dataset/game1/Clip11/Label.csv,0037.jpg,2,637.0,234.0,0,test
game1,Clip11,../Dataset/game1/Clip11/0038.jpg,../Dataset/game1/Clip11/Label.csv,0038.jpg,1,630.0,236.0,0,test
game1,Clip11,../Dataset/game1/Clip11/0039.jpg,../Dataset/game1/Clip11/Label.csv,0039.jpg,1,625.0,236.0,2,test
game1,Clip11,../Dataset/game1/Clip11/0040.jpg,../Dataset/game1/Clip11/Label.csv,0040.jpg,1,624.0,214.0,0,test
game1,Clip11,../Dataset/game1/Clip11/0041.jpg,../Dataset/game1/Clip11/Label.csv,0041.jpg,1,622.0,196.0,0,test
game1,Clip11,../Dataset/game1/Clip11/0042.jpg,../Dataset/game1/Clip11/Label.csv,0042.jpg,1,620.0,184.0,0,test
game1,Clip11,../Dataset/game1/Clip11/0043.jpg,../Dataset/game1/Clip11/Label.csv,0043.jpg,1,618.0,170.0,0,test
game1,Clip11,../Dataset/game1/Clip11/0044.jpg,../Dataset/game1/Clip11/Label.csv,0044.jpg,1,616.0,156.0,0,test
game1,Clip11,../Dataset/game1/Clip11/0045.jpg,../Dataset/game1/Clip11/Label.csv,0045.jpg,1,612.0,143.0,0,test
game1,Clip11,../Dataset/game1/Clip11/0046.jpg,../Dataset/game1/Clip11/Label.csv,0046.jpg,1,610.0,135.0,0,test
game1,Clip11,../Dataset/game1/Clip11/0047.jpg,../Dataset/game1/Clip11/Label.csv,0047.jpg,1,607.0,127.0,0,test
game1,Clip11,../Dataset/game1/Clip11/0048.jpg,../Dataset/game1/Clip11/Label.csv,0048.jpg,1,605.0,119.0,1,test
game1,Clip11,../Dataset/game1/Clip11/0049.jpg,../Dataset/game1/Clip11/Label.csv,0049.jpg,1,602.0,120.0,0,test
game1,Clip11,../Dataset/game1/Clip11/0050.jpg,../Dataset/game1/Clip11/Label.csv,0050.jpg,1,599.0,120.0,0,test
game1,Clip11,../Dataset/game1/Clip11/0051.jpg,../Dataset/game1/Clip11/Label.csv,0051.jpg,1,598.0,120.0,0,test
game1,Clip11,../Dataset/game1/Clip11/0052.jpg,../Dataset/game1/Clip11/Label.csv,0052.jpg,1,595.0,121.0,0,test
game1,Clip11,../Dataset/game1/Clip11/0053.jpg,../Dataset/game1/Clip11/Label.csv,0053.jpg,1,594.0,124.0,0,test
game1,Clip11,../Dataset/game1/Clip11/0054.jpg,../Dataset/game1/Clip11/Label.csv,0054.jpg,1,591.0,124.0,0,test
game1,Clip11,../Dataset/game1/Clip11/0055.jpg,../Dataset/game1/Clip11/Label.csv,0055.jpg,2,590.0,127.0,0,test
game1,Clip11,../Dataset/game1/Clip11/0056.jpg,../Dataset/game1/Clip11/Label.csv,0056.jpg,2,586.0,131.0,0,test
game1,Clip11,../Dataset/game1/Clip11/0057.jpg,../Dataset/game1/Clip11/Label.csv,0057.jpg,1,583.0,133.0,0,test
game1,Clip11,../Dataset/game1/Clip11/0058.jpg,../Dataset/game1/Clip11/Label.csv,0058.jpg,1,582.0,135.0,0,test
game1,Clip11,../Dataset/game1/Clip11/0059.jpg,../Dataset/game1/Clip11/Label.csv,0059.jpg,2,575.0,149.0,0,test
game1,Clip11,../Dataset/game1/Clip11/0060.jpg,../Dataset/game1/Clip11/Label.csv,0060.jpg,1,570.0,155.0,0,test
game1,Clip11,../Dataset/game1/Clip11/0061.jpg,../Dataset/game1/Clip11/Label.csv,0061.jpg,1,570.0,161.0,0,test
game1,Clip11,../Dataset/game1/Clip11/0062.jpg,../Dataset/game1/Clip11/Label.csv,0062.jpg,1,566.0,166.0,0,test
game1,Clip11,../Dataset/game1/Clip11/0063.jpg,../Dataset/game1/Clip11/Label.csv,0063.jpg,1,562.0,178.0,0,test
game1,Clip11,../Dataset/game1/Clip11/0064.jpg,../Dataset/game1/Clip11/Label.csv,0064.jpg,1,559.0,186.0,0,test
game1,Clip11,../Dataset/game1/Clip11/0065.jpg,../Dataset/game1/Clip11/Label.csv,0065.jpg,1,555.0,196.0,0,test
game1,Clip11,../Dataset/game1/Clip11/0066.jpg,../Dataset/game1/Clip11/Label.csv,0066.jpg,1,551.0,207.0,0,test
game1,Clip11,../Dataset/game1/Clip11/0067.jpg,../Dataset/game1/Clip11/Label.csv,0067.jpg,1,548.0,218.0,0,test
game1,Clip11,../Dataset/game1/Clip11/0068.jpg,../Dataset/game1/Clip11/Label.csv,0068.jpg,1,544.0,231.0,0,test
game1,Clip11,../Dataset/game1/Clip11/0069.jpg,../Dataset/game1/Clip11/Label.csv,0069.jpg,2,539.0,242.0,0,test
game1,Clip11,../Dataset/game1/Clip11/0070.jpg,../Dataset/game1/Clip11/Label.csv,0070.jpg,1,535.0,260.0,0,test
game1,Clip11,../Dataset/game1/Clip11/0071.jpg,../Dataset/game1/Clip11/Label.csv,0071.jpg,1,531.0,276.0,0,test
game1,Clip11,../Dataset/game1/Clip11/0072.jpg,../Dataset/game1/Clip11/Label.csv,0072.jpg,1,526.0,292.0,0,test
game1,Clip11,../Dataset/game1/Clip11/0073.jpg,../Dataset/game1/Clip11/Label.csv,0073.jpg,1,520.0,312.0,0,test
game1,Clip11,../Dataset/game1/Clip11/0074.jpg,../Dataset/game1/Clip11/Label.csv,0074.jpg,1,514.0,332.0,0,test
game1,Clip11,../Dataset/game1/Clip11/0075.jpg,../Dataset/game1/Clip11/Label.csv,0075.jpg,1,511.0,352.0,0,test
game1,Clip11,../Dataset/game1/Clip11/0076.jpg,../Dataset/game1/Clip11/Label.csv,0076.jpg,1,504.0,374.0,0,test
game1,Clip11,../Dataset/game1/Clip11/0077.jpg,../Dataset/game1/Clip11/Label.csv,0077.jpg,1,500.0,396.0,0,test
game1,Clip11,../Dataset/game1/Clip11/0078.jpg,../Dataset/game1/Clip11/Label.csv,0078.jpg,1,493.0,422.0,0,test
game1,Clip11,../Dataset/game1/Clip11/0079.jpg,../Dataset/game1/Clip11/Label.csv,0079.jpg,1,488.0,450.0,0,test
game1,Clip11,../Dataset/game1/Clip11/0080.jpg,../Dataset/game1/Clip11/Label.csv,0080.jpg,1,480.0,479.0,2,test
game1,Clip11,../Dataset/game1/Clip11/0081.jpg,../Dataset/game1/Clip11/Label.csv,0081.jpg,1,477.0,476.0,2,test
game1,Clip11,../Dataset/game1/Clip11/0082.jpg,../Dataset/game1/Clip11/Label.csv,0082.jpg,1,473.0,474.0,0,test
game1,Clip11,../Dataset/game1/Clip11/0083.jpg,../Dataset/game1/Clip11/Label.csv,0083.jpg,1,467.0,472.0,0,test
game1,Clip11,../Dataset/game1/Clip11/0084.jpg,../Dataset/game1/Clip11/Label.csv,0084.jpg,1,462.0,469.0,0,test
game1,Clip11,../Dataset/game1/Clip11/0085.jpg,../Dataset/game1/Clip11/Label.csv,0085.jpg,1,456.0,468.0,0,test
game1,Clip11,../Dataset/game1/Clip11/0086.jpg,../Dataset/game1/Clip11/Label.csv,0086.jpg,1,452.0,467.0,0,test
game1,Clip11,../Dataset/game1/Clip11/0087.jpg,../Dataset/game1/Clip11/Label.csv,0087.jpg,1,447.0,472.0,0,test
game1,Clip11,../Dataset/game1/Clip11/0088.jpg,../Dataset/game1/Clip11/Label.csv,0088.jpg,1,442.0,475.0,0,test
game1,Clip11,../Dataset/game1/Clip11/0089.jpg,../Dataset/game1/Clip11/Label.csv,0089.jpg,1,436.0,478.0,0,test
game1,Clip11,../Dataset/game1/Clip11/0090.jpg,../Dataset/game1/Clip11/Label.csv,0090.jpg,1,432.0,484.0,1,test
game1,Clip11,../Dataset/game1/Clip11/0091.jpg,../Dataset/game1/Clip11/Label.csv,0091.jpg,1,439.0,426.0,0,test
game1,Clip11,../Dataset/game1/Clip11/0092.jpg,../Dataset/game1/Clip11/Label.csv,0092.jpg,1,444.0,380.0,0,test
game1,Clip11,../Dataset/game1/Clip11/0093.jpg,../Dataset/game1/Clip11/Label.csv,0093.jpg,1,451.0,340.0,0,test
game1,Clip11,../Dataset/game1/Clip11/0094.jpg,../Dataset/game1/Clip11/Label.csv,0094.jpg,1,454.0,312.0,0,test
game1,Clip11,../Dataset/game1/Clip11/0095.jpg,../Dataset/game1/Clip11/Label.csv,0095.jpg,1,458.0,284.0,0,test
game1,Clip11,../Dataset/game1/Clip11/0096.jpg,../Dataset/game1/Clip11/Label.csv,0096.jpg,1,461.0,259.0,0,test
game1,Clip11,../Dataset/game1/Clip11/0097.jpg,../Dataset/game1/Clip11/Label.csv,0097.jpg,2,463.0,245.0,0,test
game1,Clip11,../Dataset/game1/Clip11/0098.jpg,../Dataset/game1/Clip11/Label.csv,0098.jpg,1,466.0,226.0,0,test
game1,Clip11,../Dataset/game1/Clip11/0099.jpg,../Dataset/game1/Clip11/Label.csv,0099.jpg,1,468.0,212.0,0,test
game1,Clip11,../Dataset/game1/Clip11/0100.jpg,../Dataset/game1/Clip11/Label.csv,0100.jpg,1,468.0,205.0,0,test
game1,Clip11,../Dataset/game1/Clip11/0101.jpg,../Dataset/game1/Clip11/Label.csv,0101.jpg,1,470.0,194.0,0,test
game1,Clip11,../Dataset/game1/Clip11/0102.jpg,../Dataset/game1/Clip11/Label.csv,0102.jpg,2,470.0,188.0,0,test
game1,Clip11,../Dataset/game1/Clip11/0103.jpg,../Dataset/game1/Clip11/Label.csv,0103.jpg,2,470.0,182.0,0,test
game1,Clip11,../Dataset/game1/Clip11/0104.jpg,../Dataset/game1/Clip11/Label.csv,0104.jpg,2,470.0,177.0,0,test
game1,Clip11,../Dataset/game1/Clip11/0105.jpg,../Dataset/game1/Clip11/Label.csv,0105.jpg,2,471.0,173.0,0,test
game1,Clip11,../Dataset/game1/Clip11/0106.jpg,../Dataset/game1/Clip11/Label.csv,0106.jpg,2,471.0,171.0,0,test
game1,Clip11,../Dataset/game1/Clip11/0107.jpg,../Dataset/game1/Clip11/Label.csv,0107.jpg,2,471.0,172.0,0,test
game1,Clip11,../Dataset/game1/Clip11/0108.jpg,../Dataset/game1/Clip11/Label.csv,0108.jpg,2,471.0,173.0,0,test
game1,Clip11,../Dataset/game1/Clip11/0109.jpg,../Dataset/game1/Clip11/Label.csv,0109.jpg,2,471.0,174.0,0,test
game1,Clip11,../Dataset/game1/Clip11/0110.jpg,../Dataset/game1/Clip11/Label.csv,0110.jpg,2,470.0,176.0,0,test
game1,Clip11,../Dataset/game1/Clip11/0111.jpg,../Dataset/game1/Clip11/Label.csv,0111.jpg,2,470.0,177.0,0,test
game1,Clip11,../Dataset/game1/Clip11/0112.jpg,../Dataset/game1/Clip11/Label.csv,0112.jpg,2,468.0,181.0,2,test
game1,Clip11,../Dataset/game1/Clip11/0113.jpg,../Dataset/game1/Clip11/Label.csv,0113.jpg,2,469.0,173.0,0,test
game1,Clip11,../Dataset/game1/Clip11/0114.jpg,../Dataset/game1/Clip11/Label.csv,0114.jpg,1,469.0,162.0,0,test
game1,Clip11,../Dataset/game1/Clip11/0115.jpg,../Dataset/game1/Clip11/Label.csv,0115.jpg,1,468.0,150.0,0,test
game1,Clip11,../Dataset/game1/Clip11/0116.jpg,../Dataset/game1/Clip11/Label.csv,0116.jpg,1,470.0,142.0,0,test
game1,Clip11,../Dataset/game1/Clip11/0117.jpg,../Dataset/game1/Clip11/Label.csv,0117.jpg,1,468.0,136.0,0,test
game1,Clip11,../Dataset/game1/Clip11/0118.jpg,../Dataset/game1/Clip11/Label.csv,0118.jpg,1,468.0,128.0,0,test
game1,Clip11,../Dataset/game1/Clip11/0119.jpg,../Dataset/game1/Clip11/Label.csv,0119.jpg,1,469.0,123.0,0,test
game1,Clip11,../Dataset/game1/Clip11/0120.jpg,../Dataset/game1/Clip11/Label.csv,0120.jpg,1,468.0,118.0,0,test
game1,Clip11,../Dataset/game1/Clip11/0121.jpg,../Dataset/game1/Clip11/Label.csv,0121.jpg,1,468.0,114.0,0,test
game1,Clip11,../Dataset/game1/Clip11/0122.jpg,../Dataset/game1/Clip11/Label.csv,0122.jpg,1,468.0,112.0,0,test
game1,Clip11,../Dataset/game1/Clip11/0123.jpg,../Dataset/game1/Clip11/Label.csv,0123.jpg,1,467.0,109.0,0,test
game1,Clip11,../Dataset/game1/Clip11/0124.jpg,../Dataset/game1/Clip11/Label.csv,0124.jpg,1,467.0,106.0,0,test
game1,Clip11,../Dataset/game1/Clip11/0125.jpg,../Dataset/game1/Clip11/Label.csv,0125.jpg,1,468.0,107.0,0,test
game1,Clip11,../Dataset/game1/Clip11/0126.jpg,../Dataset/game1/Clip11/Label.csv,0126.jpg,1,467.0,107.0,0,test
game1,Clip11,../Dataset/game1/Clip11/0127.jpg,../Dataset/game1/Clip11/Label.csv,0127.jpg,1,468.0,107.0,0,test
game1,Clip11,../Dataset/game1/Clip11/0128.jpg,../Dataset/game1/Clip11/Label.csv,0128.jpg,1,469.0,108.0,0,test
game1,Clip11,../Dataset/game1/Clip11/0129.jpg,../Dataset/game1/Clip11/Label.csv,0129.jpg,1,468.0,112.0,0,test
game2,Clip4,../Dataset/game2/Clip4/0000.jpg,../Dataset/game2/Clip4/Label.csv,0000.jpg,1,785.0,322.0,0,train
game2,Clip4,../Dataset/game2/Clip4/0001.jpg,../Dataset/game2/Clip4/Label.csv,0001.jpg,1,784.0,310.0,0,train
game2,Clip4,../Dataset/game2/Clip4/0002.jpg,../Dataset/game2/Clip4/Label.csv,0002.jpg,1,781.0,295.0,0,train
game2,Clip4,../Dataset/game2/Clip4/0003.jpg,../Dataset/game2/Clip4/Label.csv,0003.jpg,1,778.0,287.0,0,train
game2,Clip4,../Dataset/game2/Clip4/0004.jpg,../Dataset/game2/Clip4/Label.csv,0004.jpg,1,777.0,275.0,0,train
game2,Clip4,../Dataset/game2/Clip4/0005.jpg,../Dataset/game2/Clip4/Label.csv,0005.jpg,1,776.0,267.0,0,train
game2,Clip4,../Dataset/game2/Clip4/0006.jpg,../Dataset/game2/Clip4/Label.csv,0006.jpg,1,773.0,263.0,0,train
game2,Clip4,../Dataset/game2/Clip4/0007.jpg,../Dataset/game2/Clip4/Label.csv,0007.jpg,1,770.0,255.0,0,train
game2,Clip4,../Dataset/game2/Clip4/0008.jpg,../Dataset/game2/Clip4/Label.csv,0008.jpg,1,767.0,252.0,0,train
game2,Clip4,../Dataset/game2/Clip4/0009.jpg,../Dataset/game2/Clip4/Label.csv,0009.jpg,1,765.0,248.0,0,train
game2,Clip4,../Dataset/game2/Clip4/0010.jpg,../Dataset/game2/Clip4/Label.csv,0010.jpg,1,763.0,247.0,0,train
game2,Clip4,../Dataset/game2/Clip4/0011.jpg,../Dataset/game2/Clip4/Label.csv,0011.jpg,1,763.0,246.0,0,train
game2,Clip4,../Dataset/game2/Clip4/0012.jpg,../Dataset/game2/Clip4/Label.csv,0012.jpg,1,759.0,247.0,0,train
game2,Clip4,../Dataset/game2/Clip4/0013.jpg,../Dataset/game2/Clip4/Label.csv,0013.jpg,1,756.0,251.0,0,train
game2,Clip4,../Dataset/game2/Clip4/0014.jpg,../Dataset/game2/Clip4/Label.csv,0014.jpg,1,754.0,253.0,0,train
game2,Clip4,../Dataset/game2/Clip4/0015.jpg,../Dataset/game2/Clip4/Label.csv,0015.jpg,1,752.0,257.0,0,train
game2,Clip4,../Dataset/game2/Clip4/0016.jpg,../Dataset/game2/Clip4/Label.csv,0016.jpg,1,749.0,264.0,0,train
game2,Clip4,../Dataset/game2/Clip4/0017.jpg,../Dataset/game2/Clip4/Label.csv,0017.jpg,1,747.0,270.0,0,train
game2,Clip4,../Dataset/game2/Clip4/0018.jpg,../Dataset/game2/Clip4/Label.csv,0018.jpg,1,744.0,280.0,0,train
game2,Clip4,../Dataset/game2/Clip4/0019.jpg,../Dataset/game2/Clip4/Label.csv,0019.jpg,1,742.0,291.0,0,train
game2,Clip4,../Dataset/game2/Clip4/0020.jpg,../Dataset/game2/Clip4/Label.csv,0020.jpg,1,740.0,302.0,0,train
game2,Clip4,../Dataset/game2/Clip4/0021.jpg,../Dataset/game2/Clip4/Label.csv,0021.jpg,1,737.0,311.0,0,train
game2,Clip4,../Dataset/game2/Clip4/0022.jpg,../Dataset/game2/Clip4/Label.csv,0022.jpg,1,733.0,329.0,1,train
game2,Clip4,../Dataset/game2/Clip4/0023.jpg,../Dataset/game2/Clip4/Label.csv,0023.jpg,1,687.0,306.0,0,train
game2,Clip4,../Dataset/game2/Clip4/0024.jpg,../Dataset/game2/Clip4/Label.csv,0024.jpg,1,641.0,282.0,0,train
game2,Clip4,../Dataset/game2/Clip4/0025.jpg,../Dataset/game2/Clip4/Label.csv,0025.jpg,1,604.0,264.0,0,train
game2,Clip4,../Dataset/game2/Clip4/0026.jpg,../Dataset/game2/Clip4/Label.csv,0026.jpg,1,569.0,248.0,0,train
game2,Clip4,../Dataset/game2/Clip4/0027.jpg,../Dataset/game2/Clip4/Label.csv,0027.jpg,2,538.0,241.0,0,train
game2,Clip4,../Dataset/game2/Clip4/0028.jpg,../Dataset/game2/Clip4/Label.csv,0028.jpg,1,509.0,226.0,0,train
game2,Clip4,../Dataset/game2/Clip4/0029.jpg,../Dataset/game2/Clip4/Label.csv,0029.jpg,1,487.0,220.0,0,train
game2,Clip4,../Dataset/game2/Clip4/0030.jpg,../Dataset/game2/Clip4/Label.csv,0030.jpg,1,462.0,214.0,0,train
game2,Clip4,../Dataset/game2/Clip4/0031.jpg,../Dataset/game2/Clip4/Label.csv,0031.jpg,1,441.0,210.0,0,train
game2,Clip4,../Dataset/game2/Clip4/0032.jpg,../Dataset/game2/Clip4/Label.csv,0032.jpg,1,427.0,202.0,2,train
game2,Clip4,../Dataset/game2/Clip4/0033.jpg,../Dataset/game2/Clip4/Label.csv,0033.jpg,1,411.0,170.0,0,train
game2,Clip4,../Dataset/game2/Clip4/0034.jpg,../Dataset/game2/Clip4/Label.csv,0034.jpg,1,397.0,147.0,0,train
game2,Clip4,../Dataset/game2/Clip4/0035.jpg,../Dataset/game2/Clip4/Label.csv,0035.jpg,1,384.0,124.0,0,train
game2,Clip4,../Dataset/game2/Clip4/0036.jpg,../Dataset/game2/Clip4/Label.csv,0036.jpg,1,367.0,106.0,0,train
game2,Clip4,../Dataset/game2/Clip4/0037.jpg,../Dataset/game2/Clip4/Label.csv,0037.jpg,1,358.0,90.0,0,train
game2,Clip4,../Dataset/game2/Clip4/0038.jpg,../Dataset/game2/Clip4/Label.csv,0038.jpg,1,346.0,78.0,0,train
game2,Clip4,../Dataset/game2/Clip4/0039.jpg,../Dataset/game2/Clip4/Label.csv,0039.jpg,1,336.0,62.0,0,train
game2,Clip4,../Dataset/game2/Clip4/0040.jpg,../Dataset/game2/Clip4/Label.csv,0040.jpg,1,322.0,51.0,0,train
game2,Clip4,../Dataset/game2/Clip4/0041.jpg,../Dataset/game2/Clip4/Label.csv,0041.jpg,1,313.0,44.0,0,train
game2,Clip4,../Dataset/game2/Clip4/0042.jpg,../Dataset/game2/Clip4/Label.csv,0042.jpg,1,304.0,35.0,0,train
game2,Clip4,../Dataset/game2/Clip4/0043.jpg,../Dataset/game2/Clip4/Label.csv,0043.jpg,1,294.0,29.0,0,train
game2,Clip4,../Dataset/game2/Clip4/0044.jpg,../Dataset/game2/Clip4/Label.csv,0044.jpg,1,285.0,27.0,0,train
game2,Clip5,../Dataset/game2/Clip5/0000.jpg,../Dataset/game2/Clip5/Label.csv,0000.jpg,1,703.0,277.0,0,train
game2,Clip5,../Dataset/game2/Clip5/0001.jpg,../Dataset/game2/Clip5/Label.csv,0001.jpg,1,702.0,278.0,0,train
game2,Clip5,../Dataset/game2/Clip5/0002.jpg,../Dataset/game2/Clip5/Label.csv,0002.jpg,1,701.0,280.0,0,train
game2,Clip5,../Dataset/game2/Clip5/0003.jpg,../Dataset/game2/Clip5/Label.csv,0003.jpg,1,700.0,282.0,0,train
game2,Clip5,../Dataset/game2/Clip5/0004.jpg,../Dataset/game2/Clip5/Label.csv,0004.jpg,1,699.0,287.0,0,train
game2,Clip5,../Dataset/game2/Clip5/0005.jpg,../Dataset/game2/Clip5/Label.csv,0005.jpg,1,698.0,294.0,0,train
game2,Clip5,../Dataset/game2/Clip5/0006.jpg,../Dataset/game2/Clip5/Label.csv,0006.jpg,1,696.0,300.0,0,train
game2,Clip5,../Dataset/game2/Clip5/0007.jpg,../Dataset/game2/Clip5/Label.csv,0007.jpg,1,694.0,306.0,0,train
game2,Clip5,../Dataset/game2/Clip5/0008.jpg,../Dataset/game2/Clip5/Label.csv,0008.jpg,1,694.0,316.0,0,train
game2,Clip5,../Dataset/game2/Clip5/0009.jpg,../Dataset/game2/Clip5/Label.csv,0009.jpg,1,691.0,324.0,1,train
game2,Clip5,../Dataset/game2/Clip5/0010.jpg,../Dataset/game2/Clip5/Label.csv,0010.jpg,1,659.0,300.0,0,train
game2,Clip5,../Dataset/game2/Clip5/0011.jpg,../Dataset/game2/Clip5/Label.csv,0011.jpg,1,629.0,278.0,0,train
game2,Clip5,../Dataset/game2/Clip5/0012.jpg,../Dataset/game2/Clip5/Label.csv,0012.jpg,1,601.0,260.0,0,train
game2,Clip5,../Dataset/game2/Clip5/0013.jpg,../Dataset/game2/Clip5/Label.csv,0013.jpg,1,581.0,245.0,0,train
game2,Clip5,../Dataset/game2/Clip5/0014.jpg,../Dataset/game2/Clip5/Label.csv,0014.jpg,2,559.0,233.0,0,train
game2,Clip5,../Dataset/game2/Clip5/0015.jpg,../Dataset/game2/Clip5/Label.csv,0015.jpg,1,544.0,226.0,0,train
game2,Clip5,../Dataset/game2/Clip5/0016.jpg,../Dataset/game2/Clip5/Label.csv,0016.jpg,1,524.0,219.0,0,train
game2,Clip5,../Dataset/game2/Clip5/0017.jpg,../Dataset/game2/Clip5/Label.csv,0017.jpg,1,510.0,213.0,0,train
game2,Clip5,../Dataset/game2/Clip5/0018.jpg,../Dataset/game2/Clip5/Label.csv,0018.jpg,1,493.0,208.0,0,train
game2,Clip5,../Dataset/game2/Clip5/0019.jpg,../Dataset/game2/Clip5/Label.csv,0019.jpg,1,480.0,207.0,2,train
game2,Clip5,../Dataset/game2/Clip5/0020.jpg,../Dataset/game2/Clip5/Label.csv,0020.jpg,1,470.0,198.0,0,train
game2,Clip5,../Dataset/game2/Clip5/0021.jpg,../Dataset/game2/Clip5/Label.csv,0021.jpg,1,459.0,171.0,0,train
game2,Clip5,../Dataset/game2/Clip5/0022.jpg,../Dataset/game2/Clip5/Label.csv,0022.jpg,1,452.0,150.0,0,train
game2,Clip5,../Dataset/game2/Clip5/0023.jpg,../Dataset/game2/Clip5/Label.csv,0023.jpg,1,443.0,132.0,0,train
game2,Clip5,../Dataset/game2/Clip5/0024.jpg,../Dataset/game2/Clip5/Label.csv,0024.jpg,1,435.0,110.0,0,train
game2,Clip5,../Dataset/game2/Clip5/0025.jpg,../Dataset/game2/Clip5/Label.csv,0025.jpg,1,428.0,96.0,0,train
game2,Clip5,../Dataset/game2/Clip5/0026.jpg,../Dataset/game2/Clip5/Label.csv,0026.jpg,1,419.0,81.0,0,train
game2,Clip5,../Dataset/game2/Clip5/0027.jpg,../Dataset/game2/Clip5/Label.csv,0027.jpg,1,411.0,69.0,0,train
game2,Clip5,../Dataset/game2/Clip5/0028.jpg,../Dataset/game2/Clip5/Label.csv,0028.jpg,1,413.0,66.0,1,train
game2,Clip5,../Dataset/game2/Clip5/0029.jpg,../Dataset/game2/Clip5/Label.csv,0029.jpg,1,429.0,73.0,0,train
game2,Clip5,../Dataset/game2/Clip5/0030.jpg,../Dataset/game2/Clip5/Label.csv,0030.jpg,1,446.0,80.0,0,train
game2,Clip5,../Dataset/game2/Clip5/0031.jpg,../Dataset/game2/Clip5/Label.csv,0031.jpg,1,458.0,87.0,0,train
game2,Clip5,../Dataset/game2/Clip5/0032.jpg,../Dataset/game2/Clip5/Label.csv,0032.jpg,1,479.0,98.0,0,train
game2,Clip5,../Dataset/game2/Clip5/0033.jpg,../Dataset/game2/Clip5/Label.csv,0033.jpg,1,493.0,107.0,0,train
game2,Clip5,../Dataset/game2/Clip5/0034.jpg,../Dataset/game2/Clip5/Label.csv,0034.jpg,1,510.0,117.0,0,train
game2,Clip5,../Dataset/game2/Clip5/0035.jpg,../Dataset/game2/Clip5/Label.csv,0035.jpg,1,526.0,128.0,0,train
game2,Clip5,../Dataset/game2/Clip5/0036.jpg,../Dataset/game2/Clip5/Label.csv,0036.jpg,1,545.0,141.0,0,train
game2,Clip5,../Dataset/game2/Clip5/0037.jpg,../Dataset/game2/Clip5/Label.csv,0037.jpg,1,560.0,158.0,0,train
game2,Clip5,../Dataset/game2/Clip5/0038.jpg,../Dataset/game2/Clip5/Label.csv,0038.jpg,1,579.0,171.0,0,train
game2,Clip5,../Dataset/game2/Clip5/0039.jpg,../Dataset/game2/Clip5/Label.csv,0039.jpg,1,596.0,188.0,0,train
game2,Clip5,../Dataset/game2/Clip5/0040.jpg,../Dataset/game2/Clip5/Label.csv,0040.jpg,1,612.0,205.0,0,train
game2,Clip5,../Dataset/game2/Clip5/0041.jpg,../Dataset/game2/Clip5/Label.csv,0041.jpg,1,630.0,224.0,0,train
game2,Clip5,../Dataset/game2/Clip5/0042.jpg,../Dataset/game2/Clip5/Label.csv,0042.jpg,2,648.0,242.0,0,train
game2,Clip5,../Dataset/game2/Clip5/0043.jpg,../Dataset/game2/Clip5/Label.csv,0043.jpg,1,667.0,265.0,0,train
game2,Clip5,../Dataset/game2/Clip5/0044.jpg,../Dataset/game2/Clip5/Label.csv,0044.jpg,1,686.0,287.0,0,train
game2,Clip5,../Dataset/game2/Clip5/0045.jpg,../Dataset/game2/Clip5/Label.csv,0045.jpg,1,706.0,312.0,0,train
game2,Clip5,../Dataset/game2/Clip5/0046.jpg,../Dataset/game2/Clip5/Label.csv,0046.jpg,1,725.0,338.0,0,train
game2,Clip5,../Dataset/game2/Clip5/0047.jpg,../Dataset/game2/Clip5/Label.csv,0047.jpg,1,744.0,365.0,0,train
game2,Clip5,../Dataset/game2/Clip5/0048.jpg,../Dataset/game2/Clip5/Label.csv,0048.jpg,1,764.0,393.0,0,train
game2,Clip5,../Dataset/game2/Clip5/0049.jpg,../Dataset/game2/Clip5/Label.csv,0049.jpg,1,780.0,422.0,0,train
game2,Clip5,../Dataset/game2/Clip5/0050.jpg,../Dataset/game2/Clip5/Label.csv,0050.jpg,3,800.0,440.0,0,train
game2,Clip5,../Dataset/game2/Clip5/0051.jpg,../Dataset/game2/Clip5/Label.csv,0051.jpg,1,814.0,441.0,2,train
game2,Clip5,../Dataset/game2/Clip5/0052.jpg,../Dataset/game2/Clip5/Label.csv,0052.jpg,1,828.0,445.0,0,train
game2,Clip5,../Dataset/game2/Clip5/0053.jpg,../Dataset/game2/Clip5/Label.csv,0053.jpg,1,841.0,450.0,0,train
game2,Clip5,../Dataset/game2/Clip5/0054.jpg,../Dataset/game2/Clip5/Label.csv,0054.jpg,1,852.0,457.0,0,train
game2,Clip5,../Dataset/game2/Clip5/0055.jpg,../Dataset/game2/Clip5/Label.csv,0055.jpg,1,869.0,466.0,0,train
game2,Clip5,../Dataset/game2/Clip5/0056.jpg,../Dataset/game2/Clip5/Label.csv,0056.jpg,1,884.0,477.0,0,train
game2,Clip5,../Dataset/game2/Clip5/0057.jpg,../Dataset/game2/Clip5/Label.csv,0057.jpg,1,897.0,486.0,0,train
game2,Clip5,../Dataset/game2/Clip5/0058.jpg,../Dataset/game2/Clip5/Label.csv,0058.jpg,1,911.0,498.0,0,train
game2,Clip5,../Dataset/game2/Clip5/0059.jpg,../Dataset/game2/Clip5/Label.csv,0059.jpg,1,915.0,486.0,1,train
game2,Clip5,../Dataset/game2/Clip5/0060.jpg,../Dataset/game2/Clip5/Label.csv,0060.jpg,1,906.0,445.0,0,train
game2,Clip5,../Dataset/game2/Clip5/0061.jpg,../Dataset/game2/Clip5/Label.csv,0061.jpg,1,897.0,409.0,0,train
game2,Clip5,../Dataset/game2/Clip5/0062.jpg,../Dataset/game2/Clip5/Label.csv,0062.jpg,1,887.0,376.0,0,train
game2,Clip5,../Dataset/game2/Clip5/0063.jpg,../Dataset/game2/Clip5/Label.csv,0063.jpg,1,881.0,349.0,0,train
game2,Clip5,../Dataset/game2/Clip5/0064.jpg,../Dataset/game2/Clip5/Label.csv,0064.jpg,1,871.0,324.0,0,train
game2,Clip5,../Dataset/game2/Clip5/0065.jpg,../Dataset/game2/Clip5/Label.csv,0065.jpg,1,863.0,301.0,0,train
game2,Clip5,../Dataset/game2/Clip5/0066.jpg,../Dataset/game2/Clip5/Label.csv,0066.jpg,1,857.0,282.0,0,train
game2,Clip5,../Dataset/game2/Clip5/0067.jpg,../Dataset/game2/Clip5/Label.csv,0067.jpg,1,848.0,267.0,0,train
game2,Clip5,../Dataset/game2/Clip5/0068.jpg,../Dataset/game2/Clip5/Label.csv,0068.jpg,1,841.0,253.0,0,train
game2,Clip5,../Dataset/game2/Clip5/0069.jpg,../Dataset/game2/Clip5/Label.csv,0069.jpg,1,835.0,242.0,0,train
game2,Clip5,../Dataset/game2/Clip5/0070.jpg,../Dataset/game2/Clip5/Label.csv,0070.jpg,2,828.0,234.0,0,train
game2,Clip5,../Dataset/game2/Clip5/0071.jpg,../Dataset/game2/Clip5/Label.csv,0071.jpg,1,825.0,224.0,0,train
game2,Clip5,../Dataset/game2/Clip5/0072.jpg,../Dataset/game2/Clip5/Label.csv,0072.jpg,1,816.0,220.0,0,train
game2,Clip5,../Dataset/game2/Clip5/0073.jpg,../Dataset/game2/Clip5/Label.csv,0073.jpg,1,811.0,217.0,0,train
game2,Clip5,../Dataset/game2/Clip5/0074.jpg,../Dataset/game2/Clip5/Label.csv,0074.jpg,1,805.0,211.0,0,train
game2,Clip5,../Dataset/game2/Clip5/0075.jpg,../Dataset/game2/Clip5/Label.csv,0075.jpg,1,800.0,210.0,0,train
game2,Clip5,../Dataset/game2/Clip5/0076.jpg,../Dataset/game2/Clip5/Label.csv,0076.jpg,1,793.0,211.0,0,train
game2,Clip5,../Dataset/game2/Clip5/0077.jpg,../Dataset/game2/Clip5/Label.csv,0077.jpg,1,790.0,212.0,2,train
game2,Clip5,../Dataset/game2/Clip5/0078.jpg,../Dataset/game2/Clip5/Label.csv,0078.jpg,1,784.0,205.0,0,train
game2,Clip5,../Dataset/game2/Clip5/0079.jpg,../Dataset/game2/Clip5/Label.csv,0079.jpg,1,783.0,188.0,0,train
game2,Clip5,../Dataset/game2/Clip5/0080.jpg,../Dataset/game2/Clip5/Label.csv,0080.jpg,1,780.0,173.0,0,train
game2,Clip5,../Dataset/game2/Clip5/0081.jpg,../Dataset/game2/Clip5/Label.csv,0081.jpg,1,777.0,161.0,0,train
game2,Clip5,../Dataset/game2/Clip5/0082.jpg,../Dataset/game2/Clip5/Label.csv,0082.jpg,1,776.0,149.0,0,train
game2,Clip5,../Dataset/game2/Clip5/0083.jpg,../Dataset/game2/Clip5/Label.csv,0083.jpg,1,772.0,138.0,0,train
game2,Clip5,../Dataset/game2/Clip5/0084.jpg,../Dataset/game2/Clip5/Label.csv,0084.jpg,2,770.0,130.0,0,train
game2,Clip5,../Dataset/game2/Clip5/0085.jpg,../Dataset/game2/Clip5/Label.csv,0085.jpg,1,767.0,124.0,0,train
game2,Clip5,../Dataset/game2/Clip5/0086.jpg,../Dataset/game2/Clip5/Label.csv,0086.jpg,1,764.0,119.0,0,train
game2,Clip5,../Dataset/game2/Clip5/0087.jpg,../Dataset/game2/Clip5/Label.csv,0087.jpg,1,763.0,113.0,0,train
game2,Clip5,../Dataset/game2/Clip5/0088.jpg,../Dataset/game2/Clip5/Label.csv,0088.jpg,1,760.0,108.0,0,train
game2,Clip5,../Dataset/game2/Clip5/0089.jpg,../Dataset/game2/Clip5/Label.csv,0089.jpg,1,757.0,103.0,0,train
game2,Clip5,../Dataset/game2/Clip5/0090.jpg,../Dataset/game2/Clip5/Label.csv,0090.jpg,1,756.0,102.0,0,train
game2,Clip5,../Dataset/game2/Clip5/0091.jpg,../Dataset/game2/Clip5/Label.csv,0091.jpg,1,754.0,100.0,0,train
game2,Clip5,../Dataset/game2/Clip5/0092.jpg,../Dataset/game2/Clip5/Label.csv,0092.jpg,1,750.0,101.0,0,train
game2,Clip5,../Dataset/game2/Clip5/0093.jpg,../Dataset/game2/Clip5/Label.csv,0093.jpg,1,749.0,101.0,0,train
game2,Clip5,../Dataset/game2/Clip5/0094.jpg,../Dataset/game2/Clip5/Label.csv,0094.jpg,1,747.0,102.0,0,train
game2,Clip5,../Dataset/game2/Clip5/0095.jpg,../Dataset/game2/Clip5/Label.csv,0095.jpg,1,744.0,104.0,0,train
game2,Clip5,../Dataset/game2/Clip5/0096.jpg,../Dataset/game2/Clip5/Label.csv,0096.jpg,1,741.0,104.0,0,train
game2,Clip5,../Dataset/game2/Clip5/0097.jpg,../Dataset/game2/Clip5/Label.csv,0097.jpg,1,733.0,105.0,1,train
game2,Clip5,../Dataset/game2/Clip5/0098.jpg,../Dataset/game2/Clip5/Label.csv,0098.jpg,1,725.0,106.0,0,train
game2,Clip5,../Dataset/game2/Clip5/0099.jpg,../Dataset/game2/Clip5/Label.csv,0099.jpg,1,718.0,105.0,0,train
game2,Clip5,../Dataset/game2/Clip5/0100.jpg,../Dataset/game2/Clip5/Label.csv,0100.jpg,2,709.0,100.0,0,train
game2,Clip5,../Dataset/game2/Clip5/0101.jpg,../Dataset/game2/Clip5/Label.csv,0101.jpg,1,703.0,108.0,0,train
game2,Clip5,../Dataset/game2/Clip5/0102.jpg,../Dataset/game2/Clip5/Label.csv,0102.jpg,1,696.0,110.0,0,train
game2,Clip5,../Dataset/game2/Clip5/0103.jpg,../Dataset/game2/Clip5/Label.csv,0103.jpg,1,690.0,113.0,0,train
game2,Clip5,../Dataset/game2/Clip5/0104.jpg,../Dataset/game2/Clip5/Label.csv,0104.jpg,1,684.0,116.0,0,train
game2,Clip5,../Dataset/game2/Clip5/0105.jpg,../Dataset/game2/Clip5/Label.csv,0105.jpg,1,676.0,121.0,0,train
game2,Clip5,../Dataset/game2/Clip5/0106.jpg,../Dataset/game2/Clip5/Label.csv,0106.jpg,1,669.0,123.0,0,train
game2,Clip5,../Dataset/game2/Clip5/0107.jpg,../Dataset/game2/Clip5/Label.csv,0107.jpg,2,661.0,130.0,0,train
game2,Clip5,../Dataset/game2/Clip5/0108.jpg,../Dataset/game2/Clip5/Label.csv,0108.jpg,1,653.0,137.0,0,train
game2,Clip5,../Dataset/game2/Clip5/0109.jpg,../Dataset/game2/Clip5/Label.csv,0109.jpg,1,647.0,143.0,0,train
game2,Clip5,../Dataset/game2/Clip5/0110.jpg,../Dataset/game2/Clip5/Label.csv,0110.jpg,1,641.0,150.0,0,train
game2,Clip5,../Dataset/game2/Clip5/0111.jpg,../Dataset/game2/Clip5/Label.csv,0111.jpg,1,634.0,156.0,0,train
game2,Clip5,../Dataset/game2/Clip5/0112.jpg,../Dataset/game2/Clip5/Label.csv,0112.jpg,1,626.0,167.0,0,train
game2,Clip5,../Dataset/game2/Clip5/0113.jpg,../Dataset/game2/Clip5/Label.csv,0113.jpg,1,620.0,177.0,0,train
game2,Clip5,../Dataset/game2/Clip5/0114.jpg,../Dataset/game2/Clip5/Label.csv,0114.jpg,1,612.0,186.0,0,train
game2,Clip5,../Dataset/game2/Clip5/0115.jpg,../Dataset/game2/Clip5/Label.csv,0115.jpg,1,605.0,197.0,0,train
game2,Clip5,../Dataset/game2/Clip5/0116.jpg,../Dataset/game2/Clip5/Label.csv,0116.jpg,1,597.0,211.0,0,train
game2,Clip5,../Dataset/game2/Clip5/0117.jpg,../Dataset/game2/Clip5/Label.csv,0117.jpg,1,592.0,224.0,0,train
game2,Clip5,../Dataset/game2/Clip5/0118.jpg,../Dataset/game2/Clip5/Label.csv,0118.jpg,1,585.0,235.0,0,train
game2,Clip5,../Dataset/game2/Clip5/0119.jpg,../Dataset/game2/Clip5/Label.csv,0119.jpg,1,576.0,253.0,0,train
game2,Clip5,../Dataset/game2/Clip5/0120.jpg,../Dataset/game2/Clip5/Label.csv,0120.jpg,1,568.0,268.0,0,train
game2,Clip5,../Dataset/game2/Clip5/0121.jpg,../Dataset/game2/Clip5/Label.csv,0121.jpg,1,562.0,286.0,0,train
game2,Clip5,../Dataset/game2/Clip5/0122.jpg,../Dataset/game2/Clip5/Label.csv,0122.jpg,1,554.0,304.0,0,train
game2,Clip5,../Dataset/game2/Clip5/0123.jpg,../Dataset/game2/Clip5/Label.csv,0123.jpg,1,545.0,323.0,0,train
game2,Clip5,../Dataset/game2/Clip5/0124.jpg,../Dataset/game2/Clip5/Label.csv,0124.jpg,1,537.0,344.0,0,train
game2,Clip5,../Dataset/game2/Clip5/0125.jpg,../Dataset/game2/Clip5/Label.csv,0125.jpg,1,529.0,364.0,0,train
game2,Clip5,../Dataset/game2/Clip5/0126.jpg,../Dataset/game2/Clip5/Label.csv,0126.jpg,1,522.0,386.0,0,train
game2,Clip5,../Dataset/game2/Clip5/0127.jpg,../Dataset/game2/Clip5/Label.csv,0127.jpg,1,514.0,409.0,0,train
game2,Clip5,../Dataset/game2/Clip5/0128.jpg,../Dataset/game2/Clip5/Label.csv,0128.jpg,1,505.0,434.0,0,train
game2,Clip5,../Dataset/game2/Clip5/0129.jpg,../Dataset/game2/Clip5/Label.csv,0129.jpg,1,500.0,439.0,2,train
game2,Clip5,../Dataset/game2/Clip5/0130.jpg,../Dataset/game2/Clip5/Label.csv,0130.jpg,1,494.0,438.0,0,train
game2,Clip5,../Dataset/game2/Clip5/0131.jpg,../Dataset/game2/Clip5/Label.csv,0131.jpg,1,492.0,437.0,0,train
game2,Clip5,../Dataset/game2/Clip5/0132.jpg,../Dataset/game2/Clip5/Label.csv,0132.jpg,1,487.0,437.0,0,train
game2,Clip5,../Dataset/game2/Clip5/0133.jpg,../Dataset/game2/Clip5/Label.csv,0133.jpg,1,483.0,435.0,0,train
game2,Clip5,../Dataset/game2/Clip5/0134.jpg,../Dataset/game2/Clip5/Label.csv,0134.jpg,1,479.0,440.0,0,train
game2,Clip5,../Dataset/game2/Clip5/0135.jpg,../Dataset/game2/Clip5/Label.csv,0135.jpg,1,475.0,444.0,0,train
game2,Clip5,../Dataset/game2/Clip5/0136.jpg,../Dataset/game2/Clip5/Label.csv,0136.jpg,1,469.0,447.0,0,train
game2,Clip5,../Dataset/game2/Clip5/0137.jpg,../Dataset/game2/Clip5/Label.csv,0137.jpg,1,465.0,455.0,0,train
game2,Clip5,../Dataset/game2/Clip5/0138.jpg,../Dataset/game2/Clip5/Label.csv,0138.jpg,1,461.0,461.0,1,train
game2,Clip5,../Dataset/game2/Clip5/0139.jpg,../Dataset/game2/Clip5/Label.csv,0139.jpg,1,461.0,420.0,0,train
game2,Clip5,../Dataset/game2/Clip5/0140.jpg,../Dataset/game2/Clip5/Label.csv,0140.jpg,1,462.0,382.0,0,train
game2,Clip5,../Dataset/game2/Clip5/0141.jpg,../Dataset/game2/Clip5/Label.csv,0141.jpg,1,463.0,345.0,0,train
game2,Clip5,../Dataset/game2/Clip5/0142.jpg,../Dataset/game2/Clip5/Label.csv,0142.jpg,1,463.0,312.0,0,train
game2,Clip5,../Dataset/game2/Clip5/0143.jpg,../Dataset/game2/Clip5/Label.csv,0143.jpg,1,463.0,288.0,0,train
game2,Clip5,../Dataset/game2/Clip5/0144.jpg,../Dataset/game2/Clip5/Label.csv,0144.jpg,1,464.0,261.0,0,train
game2,Clip5,../Dataset/game2/Clip5/0145.jpg,../Dataset/game2/Clip5/Label.csv,0145.jpg,1,464.0,246.0,0,train
game2,Clip5,../Dataset/game2/Clip5/0146.jpg,../Dataset/game2/Clip5/Label.csv,0146.jpg,1,465.0,228.0,0,train
game2,Clip5,../Dataset/game2/Clip5/0147.jpg,../Dataset/game2/Clip5/Label.csv,0147.jpg,1,465.0,214.0,0,train
game2,Clip5,../Dataset/game2/Clip5/0148.jpg,../Dataset/game2/Clip5/Label.csv,0148.jpg,1,465.0,200.0,0,train
game2,Clip5,../Dataset/game2/Clip5/0149.jpg,../Dataset/game2/Clip5/Label.csv,0149.jpg,1,466.0,193.0,0,train
game2,Clip5,../Dataset/game2/Clip5/0150.jpg,../Dataset/game2/Clip5/Label.csv,0150.jpg,1,466.0,182.0,0,train
game2,Clip5,../Dataset/game2/Clip5/0151.jpg,../Dataset/game2/Clip5/Label.csv,0151.jpg,1,465.0,177.0,0,train
game2,Clip5,../Dataset/game2/Clip5/0152.jpg,../Dataset/game2/Clip5/Label.csv,0152.jpg,1,466.0,172.0,0,train
game2,Clip5,../Dataset/game2/Clip5/0153.jpg,../Dataset/game2/Clip5/Label.csv,0153.jpg,1,467.0,168.0,0,train
game2,Clip5,../Dataset/game2/Clip5/0154.jpg,../Dataset/game2/Clip5/Label.csv,0154.jpg,1,467.0,163.0,0,train
game2,Clip5,../Dataset/game2/Clip5/0155.jpg,../Dataset/game2/Clip5/Label.csv,0155.jpg,1,466.0,164.0,0,train
game2,Clip5,../Dataset/game2/Clip5/0156.jpg,../Dataset/game2/Clip5/Label.csv,0156.jpg,1,468.0,164.0,2,train
game2,Clip5,../Dataset/game2/Clip5/0157.jpg,../Dataset/game2/Clip5/Label.csv,0157.jpg,1,467.0,152.0,0,train
game2,Clip5,../Dataset/game2/Clip5/0158.jpg,../Dataset/game2/Clip5/Label.csv,0158.jpg,1,468.0,138.0,0,train
game2,Clip5,../Dataset/game2/Clip5/0159.jpg,../Dataset/game2/Clip5/Label.csv,0159.jpg,1,469.0,124.0,0,train
game2,Clip5,../Dataset/game2/Clip5/0160.jpg,../Dataset/game2/Clip5/Label.csv,0160.jpg,1,470.0,114.0,0,train
game2,Clip5,../Dataset/game2/Clip5/0161.jpg,../Dataset/game2/Clip5/Label.csv,0161.jpg,1,470.0,102.0,0,train
game2,Clip5,../Dataset/game2/Clip5/0162.jpg,../Dataset/game2/Clip5/Label.csv,0162.jpg,1,471.0,92.0,0,train
game2,Clip5,../Dataset/game2/Clip5/0163.jpg,../Dataset/game2/Clip5/Label.csv,0163.jpg,1,471.0,85.0,0,train
game2,Clip5,../Dataset/game2/Clip5/0164.jpg,../Dataset/game2/Clip5/Label.csv,0164.jpg,1,473.0,79.0,0,train
game2,Clip5,../Dataset/game2/Clip5/0165.jpg,../Dataset/game2/Clip5/Label.csv,0165.jpg,1,474.0,72.0,0,train
game2,Clip5,../Dataset/game2/Clip5/0166.jpg,../Dataset/game2/Clip5/Label.csv,0166.jpg,1,473.0,68.0,0,train
game2,Clip5,../Dataset/game2/Clip5/0167.jpg,../Dataset/game2/Clip5/Label.csv,0167.jpg,1,474.0,66.0,0,train
game2,Clip5,../Dataset/game2/Clip5/0168.jpg,../Dataset/game2/Clip5/Label.csv,0168.jpg,1,476.0,62.0,1,train
game2,Clip5,../Dataset/game2/Clip5/0169.jpg,../Dataset/game2/Clip5/Label.csv,0169.jpg,1,468.0,72.0,0,train
game2,Clip5,../Dataset/game2/Clip5/0170.jpg,../Dataset/game2/Clip5/Label.csv,0170.jpg,1,462.0,80.0,0,train
game2,Clip5,../Dataset/game2/Clip5/0171.jpg,../Dataset/game2/Clip5/Label.csv,0171.jpg,1,456.0,94.0,0,train
game2,Clip5,../Dataset/game2/Clip5/0172.jpg,../Dataset/game2/Clip5/Label.csv,0172.jpg,1,451.0,104.0,0,train
game2,Clip5,../Dataset/game2/Clip5/0173.jpg,../Dataset/game2/Clip5/Label.csv,0173.jpg,1,443.0,118.0,0,train
game2,Clip5,../Dataset/game2/Clip5/0174.jpg,../Dataset/game2/Clip5/Label.csv,0174.jpg,2,438.0,132.0,0,train
game2,Clip5,../Dataset/game2/Clip5/0175.jpg,../Dataset/game2/Clip5/Label.csv,0175.jpg,1,432.0,147.0,0,train
game2,Clip5,../Dataset/game2/Clip5/0176.jpg,../Dataset/game2/Clip5/Label.csv,0176.jpg,1,427.0,167.0,0,train
game2,Clip5,../Dataset/game2/Clip5/0177.jpg,../Dataset/game2/Clip5/Label.csv,0177.jpg,1,419.0,186.0,0,train
game2,Clip5,../Dataset/game2/Clip5/0178.jpg,../Dataset/game2/Clip5/Label.csv,0178.jpg,1,412.0,208.0,0,train
game2,Clip5,../Dataset/game2/Clip5/0179.jpg,../Dataset/game2/Clip5/Label.csv,0179.jpg,1,406.0,231.0,0,train
game2,Clip5,../Dataset/game2/Clip5/0180.jpg,../Dataset/game2/Clip5/Label.csv,0180.jpg,1,398.0,259.0,0,train
game2,Clip5,../Dataset/game2/Clip5/0181.jpg,../Dataset/game2/Clip5/Label.csv,0181.jpg,1,393.0,284.0,0,train
game2,Clip5,../Dataset/game2/Clip5/0182.jpg,../Dataset/game2/Clip5/Label.csv,0182.jpg,2,385.0,315.0,0,train
game2,Clip5,../Dataset/game2/Clip5/0183.jpg,../Dataset/game2/Clip5/Label.csv,0183.jpg,1,380.0,345.0,0,train
game2,Clip5,../Dataset/game2/Clip5/0184.jpg,../Dataset/game2/Clip5/Label.csv,0184.jpg,1,370.0,381.0,0,train
game2,Clip5,../Dataset/game2/Clip5/0185.jpg,../Dataset/game2/Clip5/Label.csv,0185.jpg,1,362.0,414.0,0,train
game2,Clip5,../Dataset/game2/Clip5/0186.jpg,../Dataset/game2/Clip5/Label.csv,0186.jpg,1,353.0,452.0,0,train
game2,Clip5,../Dataset/game2/Clip5/0187.jpg,../Dataset/game2/Clip5/Label.csv,0187.jpg,1,345.0,495.0,0,train
game2,Clip5,../Dataset/game2/Clip5/0188.jpg,../Dataset/game2/Clip5/Label.csv,0188.jpg,1,340.0,510.0,2,train
game2,Clip5,../Dataset/game2/Clip5/0189.jpg,../Dataset/game2/Clip5/Label.csv,0189.jpg,1,331.0,520.0,0,train
game2,Clip5,../Dataset/game2/Clip5/0190.jpg,../Dataset/game2/Clip5/Label.csv,0190.jpg,1,322.0,533.0,0,train
game2,Clip5,../Dataset/game2/Clip5/0191.jpg,../Dataset/game2/Clip5/Label.csv,0191.jpg,1,315.0,543.0,0,train
game2,Clip5,../Dataset/game2/Clip5/0192.jpg,../Dataset/game2/Clip5/Label.csv,0192.jpg,1,308.0,558.0,0,train
game2,Clip5,../Dataset/game2/Clip5/0193.jpg,../Dataset/game2/Clip5/Label.csv,0193.jpg,2,302.0,572.0,0,train
game2,Clip5,../Dataset/game2/Clip5/0194.jpg,../Dataset/game2/Clip5/Label.csv,0194.jpg,1,293.0,593.0,0,train
game2,Clip5,../Dataset/game2/Clip5/0195.jpg,../Dataset/game2/Clip5/Label.csv,0195.jpg,1,284.0,615.0,0,train
game2,Clip7,../Dataset/game2/Clip7/0000.jpg,../Dataset/game2/Clip7/Label.csv,0000.jpg,1,708.0,274.0,0,train
game2,Clip7,../Dataset/game2/Clip7/0001.jpg,../Dataset/game2/Clip7/Label.csv,0001.jpg,1,706.0,274.0,0,train
game2,Clip7,../Dataset/game2/Clip7/0002.jpg,../Dataset/game2/Clip7/Label.csv,0002.jpg,1,703.0,276.0,0,train
game2,Clip7,../Dataset/game2/Clip7/0003.jpg,../Dataset/game2/Clip7/Label.csv,0003.jpg,1,702.0,274.0,0,train
game2,Clip7,../Dataset/game2/Clip7/0004.jpg,../Dataset/game2/Clip7/Label.csv,0004.jpg,1,701.0,280.0,0,train
game2,Clip7,../Dataset/game2/Clip7/0005.jpg,../Dataset/game2/Clip7/Label.csv,0005.jpg,1,700.0,284.0,0,train
game2,Clip7,../Dataset/game2/Clip7/0006.jpg,../Dataset/game2/Clip7/Label.csv,0006.jpg,2,698.0,288.0,0,train
game2,Clip7,../Dataset/game2/Clip7/0007.jpg,../Dataset/game2/Clip7/Label.csv,0007.jpg,2,698.0,295.0,0,train
game2,Clip7,../Dataset/game2/Clip7/0008.jpg,../Dataset/game2/Clip7/Label.csv,0008.jpg,1,696.0,302.0,0,train
game2,Clip7,../Dataset/game2/Clip7/0009.jpg,../Dataset/game2/Clip7/Label.csv,0009.jpg,1,692.0,311.0,0,train
game2,Clip7,../Dataset/game2/Clip7/0010.jpg,../Dataset/game2/Clip7/Label.csv,0010.jpg,1,691.0,319.0,0,train
game2,Clip7,../Dataset/game2/Clip7/0011.jpg,../Dataset/game2/Clip7/Label.csv,0011.jpg,1,684.0,311.0,1,train
game2,Clip7,../Dataset/game2/Clip7/0012.jpg,../Dataset/game2/Clip7/Label.csv,0012.jpg,1,675.0,291.0,0,train
game2,Clip7,../Dataset/game2/Clip7/0013.jpg,../Dataset/game2/Clip7/Label.csv,0013.jpg,2,666.0,274.0,0,train
game2,Clip7,../Dataset/game2/Clip7/0014.jpg,../Dataset/game2/Clip7/Label.csv,0014.jpg,1,659.0,257.0,0,train
game2,Clip7,../Dataset/game2/Clip7/0015.jpg,../Dataset/game2/Clip7/Label.csv,0015.jpg,1,652.0,245.0,0,train
game2,Clip7,../Dataset/game2/Clip7/0016.jpg,../Dataset/game2/Clip7/Label.csv,0016.jpg,2,642.0,237.0,0,train
game2,Clip7,../Dataset/game2/Clip7/0017.jpg,../Dataset/game2/Clip7/Label.csv,0017.jpg,1,634.0,230.0,0,train
game2,Clip7,../Dataset/game2/Clip7/0018.jpg,../Dataset/game2/Clip7/Label.csv,0018.jpg,1,630.0,224.0,0,train
game2,Clip7,../Dataset/game2/Clip7/0019.jpg,../Dataset/game2/Clip7/Label.csv,0019.jpg,1,625.0,221.0,2,train
game2,Clip7,../Dataset/game2/Clip7/0020.jpg,../Dataset/game2/Clip7/Label.csv,0020.jpg,1,620.0,208.0,0,train
game2,Clip7,../Dataset/game2/Clip7/0021.jpg,../Dataset/game2/Clip7/Label.csv,0021.jpg,1,614.0,179.0,0,train
game2,Clip7,../Dataset/game2/Clip7/0022.jpg,../Dataset/game2/Clip7/Label.csv,0022.jpg,1,612.0,156.0,0,train
game2,Clip7,../Dataset/game2/Clip7/0023.jpg,../Dataset/game2/Clip7/Label.csv,0023.jpg,1,608.0,138.0,0,train
game2,Clip7,../Dataset/game2/Clip7/0024.jpg,../Dataset/game2/Clip7/Label.csv,0024.jpg,1,605.0,120.0,0,train
game2,Clip7,../Dataset/game2/Clip7/0025.jpg,../Dataset/game2/Clip7/Label.csv,0025.jpg,1,599.0,101.0,0,train
game2,Clip7,../Dataset/game2/Clip7/0026.jpg,../Dataset/game2/Clip7/Label.csv,0026.jpg,1,597.0,87.0,0,train
game2,Clip7,../Dataset/game2/Clip7/0027.jpg,../Dataset/game2/Clip7/Label.csv,0027.jpg,1,594.0,77.0,0,train
game2,Clip7,../Dataset/game2/Clip7/0028.jpg,../Dataset/game2/Clip7/Label.csv,0028.jpg,1,589.0,65.0,0,train
game2,Clip7,../Dataset/game2/Clip7/0029.jpg,../Dataset/game2/Clip7/Label.csv,0029.jpg,1,586.0,60.0,1,train
game2,Clip7,../Dataset/game2/Clip7/0030.jpg,../Dataset/game2/Clip7/Label.csv,0030.jpg,1,581.0,62.0,0,train
game2,Clip7,../Dataset/game2/Clip7/0031.jpg,../Dataset/game2/Clip7/Label.csv,0031.jpg,1,579.0,66.0,0,train
game2,Clip7,../Dataset/game2/Clip7/0032.jpg,../Dataset/game2/Clip7/Label.csv,0032.jpg,1,576.0,70.0,0,train
game2,Clip7,../Dataset/game2/Clip7/0033.jpg,../Dataset/game2/Clip7/Label.csv,0033.jpg,1,572.0,75.0,0,train
game2,Clip7,../Dataset/game2/Clip7/0034.jpg,../Dataset/game2/Clip7/Label.csv,0034.jpg,1,570.0,77.0,0,train
game2,Clip7,../Dataset/game2/Clip7/0035.jpg,../Dataset/game2/Clip7/Label.csv,0035.jpg,1,564.0,84.0,0,train
game2,Clip7,../Dataset/game2/Clip7/0036.jpg,../Dataset/game2/Clip7/Label.csv,0036.jpg,1,559.0,90.0,0,train
game2,Clip7,../Dataset/game2/Clip7/0037.jpg,../Dataset/game2/Clip7/Label.csv,0037.jpg,1,555.0,97.0,0,train
game2,Clip7,../Dataset/game2/Clip7/0038.jpg,../Dataset/game2/Clip7/Label.csv,0038.jpg,1,550.0,106.0,0,train
game2,Clip7,../Dataset/game2/Clip7/0039.jpg,../Dataset/game2/Clip7/Label.csv,0039.jpg,1,547.0,116.0,0,train
game2,Clip7,../Dataset/game2/Clip7/0040.jpg,../Dataset/game2/Clip7/Label.csv,0040.jpg,1,541.0,125.0,0,train
game2,Clip7,../Dataset/game2/Clip7/0041.jpg,../Dataset/game2/Clip7/Label.csv,0041.jpg,1,537.0,136.0,0,train
game2,Clip7,../Dataset/game2/Clip7/0042.jpg,../Dataset/game2/Clip7/Label.csv,0042.jpg,1,532.0,148.0,0,train
game2,Clip7,../Dataset/game2/Clip7/0043.jpg,../Dataset/game2/Clip7/Label.csv,0043.jpg,1,526.0,159.0,0,train
game2,Clip7,../Dataset/game2/Clip7/0044.jpg,../Dataset/game2/Clip7/Label.csv,0044.jpg,1,521.0,174.0,0,train
game2,Clip7,../Dataset/game2/Clip7/0045.jpg,../Dataset/game2/Clip7/Label.csv,0045.jpg,1,514.0,190.0,0,train
game2,Clip7,../Dataset/game2/Clip7/0046.jpg,../Dataset/game2/Clip7/Label.csv,0046.jpg,1,509.0,205.0,0,train
game2,Clip7,../Dataset/game2/Clip7/0047.jpg,../Dataset/game2/Clip7/Label.csv,0047.jpg,1,503.0,224.0,0,train
game2,Clip7,../Dataset/game2/Clip7/0048.jpg,../Dataset/game2/Clip7/Label.csv,0048.jpg,2,496.0,242.0,0,train
game2,Clip7,../Dataset/game2/Clip7/0049.jpg,../Dataset/game2/Clip7/Label.csv,0049.jpg,1,490.0,264.0,0,train
game2,Clip7,../Dataset/game2/Clip7/0050.jpg,../Dataset/game2/Clip7/Label.csv,0050.jpg,1,482.0,281.0,0,train
game2,Clip7,../Dataset/game2/Clip7/0051.jpg,../Dataset/game2/Clip7/Label.csv,0051.jpg,1,476.0,304.0,0,train
game2,Clip7,../Dataset/game2/Clip7/0052.jpg,../Dataset/game2/Clip7/Label.csv,0052.jpg,1,471.0,325.0,0,train
game2,Clip7,../Dataset/game2/Clip7/0053.jpg,../Dataset/game2/Clip7/Label.csv,0053.jpg,1,463.0,348.0,0,train
game2,Clip7,../Dataset/game2/Clip7/0054.jpg,../Dataset/game2/Clip7/Label.csv,0054.jpg,1,458.0,356.0,2,train
game2,Clip7,../Dataset/game2/Clip7/0055.jpg,../Dataset/game2/Clip7/Label.csv,0055.jpg,1,451.0,353.0,0,train
game2,Clip7,../Dataset/game2/Clip7/0056.jpg,../Dataset/game2/Clip7/Label.csv,0056.jpg,1,446.0,353.0,0,train
game2,Clip7,../Dataset/game2/Clip7/0057.jpg,../Dataset/game2/Clip7/Label.csv,0057.jpg,1,440.0,352.0,0,train
game2,Clip7,../Dataset/game2/Clip7/0058.jpg,../Dataset/game2/Clip7/Label.csv,0058.jpg,1,435.0,353.0,0,train
game2,Clip7,../Dataset/game2/Clip7/0059.jpg,../Dataset/game2/Clip7/Label.csv,0059.jpg,1,430.0,357.0,0,train
game2,Clip7,../Dataset/game2/Clip7/0060.jpg,../Dataset/game2/Clip7/Label.csv,0060.jpg,1,423.0,361.0,0,train
game2,Clip7,../Dataset/game2/Clip7/0061.jpg,../Dataset/game2/Clip7/Label.csv,0061.jpg,1,416.0,365.0,0,train
game2,Clip7,../Dataset/game2/Clip7/0062.jpg,../Dataset/game2/Clip7/Label.csv,0062.jpg,1,410.0,371.0,0,train
game2,Clip7,../Dataset/game2/Clip7/0063.jpg,../Dataset/game2/Clip7/Label.csv,0063.jpg,1,405.0,381.0,0,train
game2,Clip7,../Dataset/game2/Clip7/0064.jpg,../Dataset/game2/Clip7/Label.csv,0064.jpg,1,399.0,388.0,0,train
game2,Clip7,../Dataset/game2/Clip7/0065.jpg,../Dataset/game2/Clip7/Label.csv,0065.jpg,1,393.0,399.0,0,train
game2,Clip7,../Dataset/game2/Clip7/0066.jpg,../Dataset/game2/Clip7/Label.csv,0066.jpg,1,385.0,411.0,0,train
game2,Clip7,../Dataset/game2/Clip7/0067.jpg,../Dataset/game2/Clip7/Label.csv,0067.jpg,1,378.0,423.0,0,train
game2,Clip7,../Dataset/game2/Clip7/0068.jpg,../Dataset/game2/Clip7/Label.csv,0068.jpg,3,412.0,391.0,1,train
game2,Clip7,../Dataset/game2/Clip7/0069.jpg,../Dataset/game2/Clip7/Label.csv,0069.jpg,1,447.0,361.0,0,train
game2,Clip7,../Dataset/game2/Clip7/0070.jpg,../Dataset/game2/Clip7/Label.csv,0070.jpg,1,479.0,330.0,0,train
game2,Clip7,../Dataset/game2/Clip7/0071.jpg,../Dataset/game2/Clip7/Label.csv,0071.jpg,1,512.0,304.0,0,train
game2,Clip7,../Dataset/game2/Clip7/0072.jpg,../Dataset/game2/Clip7/Label.csv,0072.jpg,2,541.0,281.0,0,train
game2,Clip7,../Dataset/game2/Clip7/0073.jpg,../Dataset/game2/Clip7/Label.csv,0073.jpg,1,567.0,259.0,0,train
game2,Clip7,../Dataset/game2/Clip7/0074.jpg,../Dataset/game2/Clip7/Label.csv,0074.jpg,1,595.0,243.0,0,train
game2,Clip7,../Dataset/game2/Clip7/0075.jpg,../Dataset/game2/Clip7/Label.csv,0075.jpg,1,616.0,228.0,0,train
game2,Clip7,../Dataset/game2/Clip7/0076.jpg,../Dataset/game2/Clip7/Label.csv,0076.jpg,1,639.0,217.0,0,train
game2,Clip7,../Dataset/game2/Clip7/0077.jpg,../Dataset/game2/Clip7/Label.csv,0077.jpg,1,659.0,202.0,0,train
game2,Clip7,../Dataset/game2/Clip7/0078.jpg,../Dataset/game2/Clip7/Label.csv,0078.jpg,1,680.0,194.0,0,train
game2,Clip7,../Dataset/game2/Clip7/0079.jpg,../Dataset/game2/Clip7/Label.csv,0079.jpg,1,696.0,190.0,0,train
game2,Clip7,../Dataset/game2/Clip7/0080.jpg,../Dataset/game2/Clip7/Label.csv,0080.jpg,1,715.0,184.0,0,train
game2,Clip7,../Dataset/game2/Clip7/0081.jpg,../Dataset/game2/Clip7/Label.csv,0081.jpg,1,729.0,179.0,0,train
game2,Clip7,../Dataset/game2/Clip7/0082.jpg,../Dataset/game2/Clip7/Label.csv,0082.jpg,1,745.0,177.0,0,train
game2,Clip7,../Dataset/game2/Clip7/0083.jpg,../Dataset/game2/Clip7/Label.csv,0083.jpg,1,761.0,176.0,0,train
game2,Clip7,../Dataset/game2/Clip7/0084.jpg,../Dataset/game2/Clip7/Label.csv,0084.jpg,1,772.0,176.0,0,train
game2,Clip7,../Dataset/game2/Clip7/0085.jpg,../Dataset/game2/Clip7/Label.csv,0085.jpg,1,783.0,176.0,2,train
game2,Clip7,../Dataset/game2/Clip7/0086.jpg,../Dataset/game2/Clip7/Label.csv,0086.jpg,1,794.0,159.0,0,train
game2,Clip7,../Dataset/game2/Clip7/0087.jpg,../Dataset/game2/Clip7/Label.csv,0087.jpg,1,803.0,147.0,0,train
game2,Clip7,../Dataset/game2/Clip7/0088.jpg,../Dataset/game2/Clip7/Label.csv,0088.jpg,1,810.0,135.0,0,train
game2,Clip7,../Dataset/game2/Clip7/0089.jpg,../Dataset/game2/Clip7/Label.csv,0089.jpg,2,816.0,127.0,0,train
game2,Clip7,../Dataset/game2/Clip7/0090.jpg,../Dataset/game2/Clip7/Label.csv,0090.jpg,1,825.0,117.0,0,train
game2,Clip7,../Dataset/game2/Clip7/0091.jpg,../Dataset/game2/Clip7/Label.csv,0091.jpg,1,831.0,109.0,0,train
game2,Clip7,../Dataset/game2/Clip7/0092.jpg,../Dataset/game2/Clip7/Label.csv,0092.jpg,1,839.0,104.0,0,train
game2,Clip7,../Dataset/game2/Clip7/0093.jpg,../Dataset/game2/Clip7/Label.csv,0093.jpg,1,846.0,98.0,0,train
game2,Clip7,../Dataset/game2/Clip7/0094.jpg,../Dataset/game2/Clip7/Label.csv,0094.jpg,1,851.0,95.0,0,train
game2,Clip7,../Dataset/game2/Clip7/0095.jpg,../Dataset/game2/Clip7/Label.csv,0095.jpg,1,858.0,91.0,0,train
game2,Clip7,../Dataset/game2/Clip7/0096.jpg,../Dataset/game2/Clip7/Label.csv,0096.jpg,1,865.0,89.0,0,train
game2,Clip7,../Dataset/game2/Clip7/0097.jpg,../Dataset/game2/Clip7/Label.csv,0097.jpg,1,861.0,87.0,1,train
game2,Clip7,../Dataset/game2/Clip7/0098.jpg,../Dataset/game2/Clip7/Label.csv,0098.jpg,1,847.0,87.0,0,train
game2,Clip7,../Dataset/game2/Clip7/0099.jpg,../Dataset/game2/Clip7/Label.csv,0099.jpg,1,829.0,86.0,0,train
game2,Clip7,../Dataset/game2/Clip7/0100.jpg,../Dataset/game2/Clip7/Label.csv,0100.jpg,1,813.0,86.0,0,train
game2,Clip7,../Dataset/game2/Clip7/0101.jpg,../Dataset/game2/Clip7/Label.csv,0101.jpg,1,799.0,87.0,0,train
game2,Clip7,../Dataset/game2/Clip7/0102.jpg,../Dataset/game2/Clip7/Label.csv,0102.jpg,1,783.0,91.0,0,train
game2,Clip7,../Dataset/game2/Clip7/0103.jpg,../Dataset/game2/Clip7/Label.csv,0103.jpg,1,766.0,93.0,0,train
game2,Clip7,../Dataset/game2/Clip7/0104.jpg,../Dataset/game2/Clip7/Label.csv,0104.jpg,1,750.0,98.0,0,train
game2,Clip7,../Dataset/game2/Clip7/0105.jpg,../Dataset/game2/Clip7/Label.csv,0105.jpg,1,734.0,103.0,0,train
game2,Clip7,../Dataset/game2/Clip7/0106.jpg,../Dataset/game2/Clip7/Label.csv,0106.jpg,1,718.0,109.0,0,train
game2,Clip7,../Dataset/game2/Clip7/0107.jpg,../Dataset/game2/Clip7/Label.csv,0107.jpg,1,700.0,116.0,0,train
game2,Clip7,../Dataset/game2/Clip7/0108.jpg,../Dataset/game2/Clip7/Label.csv,0108.jpg,1,683.0,126.0,0,train
game2,Clip7,../Dataset/game2/Clip7/0109.jpg,../Dataset/game2/Clip7/Label.csv,0109.jpg,1,666.0,135.0,0,train
game2,Clip7,../Dataset/game2/Clip7/0110.jpg,../Dataset/game2/Clip7/Label.csv,0110.jpg,1,648.0,144.0,0,train
game2,Clip7,../Dataset/game2/Clip7/0111.jpg,../Dataset/game2/Clip7/Label.csv,0111.jpg,1,628.0,159.0,0,train
game2,Clip7,../Dataset/game2/Clip7/0112.jpg,../Dataset/game2/Clip7/Label.csv,0112.jpg,1,612.0,170.0,0,train
game2,Clip7,../Dataset/game2/Clip7/0113.jpg,../Dataset/game2/Clip7/Label.csv,0113.jpg,1,593.0,186.0,0,train
game2,Clip7,../Dataset/game2/Clip7/0114.jpg,../Dataset/game2/Clip7/Label.csv,0114.jpg,1,573.0,200.0,0,train
game2,Clip7,../Dataset/game2/Clip7/0115.jpg,../Dataset/game2/Clip7/Label.csv,0115.jpg,1,555.0,218.0,0,train
game2,Clip7,../Dataset/game2/Clip7/0116.jpg,../Dataset/game2/Clip7/Label.csv,0116.jpg,1,536.0,233.0,0,train
game2,Clip7,../Dataset/game2/Clip7/0117.jpg,../Dataset/game2/Clip7/Label.csv,0117.jpg,1,515.0,254.0,0,train
game2,Clip7,../Dataset/game2/Clip7/0118.jpg,../Dataset/game2/Clip7/Label.csv,0118.jpg,1,498.0,275.0,0,train
game2,Clip7,../Dataset/game2/Clip7/0119.jpg,../Dataset/game2/Clip7/Label.csv,0119.jpg,1,477.0,298.0,0,train
game2,Clip7,../Dataset/game2/Clip7/0120.jpg,../Dataset/game2/Clip7/Label.csv,0120.jpg,1,458.0,318.0,0,train
game2,Clip7,../Dataset/game2/Clip7/0121.jpg,../Dataset/game2/Clip7/Label.csv,0121.jpg,1,440.0,338.0,0,train
game2,Clip7,../Dataset/game2/Clip7/0122.jpg,../Dataset/game2/Clip7/Label.csv,0122.jpg,3,431.0,341.0,0,train
game2,Clip7,../Dataset/game2/Clip7/0123.jpg,../Dataset/game2/Clip7/Label.csv,0123.jpg,3,409.0,334.0,0,train
game2,Clip7,../Dataset/game2/Clip7/0124.jpg,../Dataset/game2/Clip7/Label.csv,0124.jpg,3,398.0,332.0,0,train
game2,Clip7,../Dataset/game2/Clip7/0125.jpg,../Dataset/game2/Clip7/Label.csv,0125.jpg,1,388.0,329.0,0,train
game2,Clip7,../Dataset/game2/Clip7/0126.jpg,../Dataset/game2/Clip7/Label.csv,0126.jpg,2,377.0,326.0,1,train
game2,Clip7,../Dataset/game2/Clip7/0127.jpg,../Dataset/game2/Clip7/Label.csv,0127.jpg,1,374.0,316.0,0,train
game2,Clip7,../Dataset/game2/Clip7/0128.jpg,../Dataset/game2/Clip7/Label.csv,0128.jpg,1,381.0,300.0,0,train
game2,Clip7,../Dataset/game2/Clip7/0129.jpg,../Dataset/game2/Clip7/Label.csv,0129.jpg,1,385.0,287.0,0,train
game2,Clip7,../Dataset/game2/Clip7/0130.jpg,../Dataset/game2/Clip7/Label.csv,0130.jpg,1,390.0,275.0,0,train
game2,Clip7,../Dataset/game2/Clip7/0131.jpg,../Dataset/game2/Clip7/Label.csv,0131.jpg,1,394.0,264.0,0,train
game2,Clip7,../Dataset/game2/Clip7/0132.jpg,../Dataset/game2/Clip7/Label.csv,0132.jpg,1,399.0,255.0,0,train
game2,Clip7,../Dataset/game2/Clip7/0133.jpg,../Dataset/game2/Clip7/Label.csv,0133.jpg,2,405.0,247.0,0,train
game2,Clip7,../Dataset/game2/Clip7/0134.jpg,../Dataset/game2/Clip7/Label.csv,0134.jpg,2,409.0,241.0,0,train
game2,Clip7,../Dataset/game2/Clip7/0135.jpg,../Dataset/game2/Clip7/Label.csv,0135.jpg,2,411.0,235.0,0,train
game2,Clip7,../Dataset/game2/Clip7/0136.jpg,../Dataset/game2/Clip7/Label.csv,0136.jpg,1,416.0,226.0,0,train
game2,Clip7,../Dataset/game2/Clip7/0137.jpg,../Dataset/game2/Clip7/Label.csv,0137.jpg,1,421.0,222.0,0,train
game2,Clip7,../Dataset/game2/Clip7/0138.jpg,../Dataset/game2/Clip7/Label.csv,0138.jpg,1,425.0,220.0,0,train
game2,Clip7,../Dataset/game2/Clip7/0139.jpg,../Dataset/game2/Clip7/Label.csv,0139.jpg,1,429.0,217.0,0,train
game2,Clip7,../Dataset/game2/Clip7/0140.jpg,../Dataset/game2/Clip7/Label.csv,0140.jpg,1,432.0,217.0,0,train
game2,Clip7,../Dataset/game2/Clip7/0141.jpg,../Dataset/game2/Clip7/Label.csv,0141.jpg,1,438.0,217.0,0,train
game2,Clip7,../Dataset/game2/Clip7/0142.jpg,../Dataset/game2/Clip7/Label.csv,0142.jpg,1,440.0,214.0,0,train
game2,Clip7,../Dataset/game2/Clip7/0143.jpg,../Dataset/game2/Clip7/Label.csv,0143.jpg,1,445.0,214.0,0,train
game2,Clip7,../Dataset/game2/Clip7/0144.jpg,../Dataset/game2/Clip7/Label.csv,0144.jpg,1,450.0,217.0,0,train
game2,Clip7,../Dataset/game2/Clip7/0145.jpg,../Dataset/game2/Clip7/Label.csv,0145.jpg,1,453.0,220.0,0,train
game2,Clip7,../Dataset/game2/Clip7/0146.jpg,../Dataset/game2/Clip7/Label.csv,0146.jpg,1,456.0,224.0,0,train
game2,Clip7,../Dataset/game2/Clip7/0147.jpg,../Dataset/game2/Clip7/Label.csv,0147.jpg,1,459.0,226.0,0,train
game2,Clip7,../Dataset/game2/Clip7/0148.jpg,../Dataset/game2/Clip7/Label.csv,0148.jpg,2,464.0,230.0,0,train
game2,Clip7,../Dataset/game2/Clip7/0149.jpg,../Dataset/game2/Clip7/Label.csv,0149.jpg,2,467.0,237.0,0,train
game2,Clip7,../Dataset/game2/Clip7/0150.jpg,../Dataset/game2/Clip7/Label.csv,0150.jpg,1,470.0,244.0,2,train
game2,Clip7,../Dataset/game2/Clip7/0151.jpg,../Dataset/game2/Clip7/Label.csv,0151.jpg,1,471.0,241.0,0,train
game2,Clip7,../Dataset/game2/Clip7/0152.jpg,../Dataset/game2/Clip7/Label.csv,0152.jpg,2,471.0,232.0,0,train
game2,Clip7,../Dataset/game2/Clip7/0153.jpg,../Dataset/game2/Clip7/Label.csv,0153.jpg,1,471.0,225.0,0,train
game2,Clip7,../Dataset/game2/Clip7/0154.jpg,../Dataset/game2/Clip7/Label.csv,0154.jpg,1,473.0,220.0,0,train
game2,Clip7,../Dataset/game2/Clip7/0155.jpg,../Dataset/game2/Clip7/Label.csv,0155.jpg,1,474.0,214.0,0,train
game2,Clip7,../Dataset/game2/Clip7/0156.jpg,../Dataset/game2/Clip7/Label.csv,0156.jpg,1,471.0,211.0,0,train
game2,Clip7,../Dataset/game2/Clip7/0157.jpg,../Dataset/game2/Clip7/Label.csv,0157.jpg,1,471.0,209.0,0,train
game2,Clip7,../Dataset/game2/Clip7/0158.jpg,../Dataset/game2/Clip7/Label.csv,0158.jpg,1,474.0,207.0,0,train
game2,Clip7,../Dataset/game2/Clip7/0159.jpg,../Dataset/game2/Clip7/Label.csv,0159.jpg,1,471.0,205.0,0,train
game2,Clip7,../Dataset/game2/Clip7/0160.jpg,../Dataset/game2/Clip7/Label.csv,0160.jpg,1,471.0,205.0,0,train
game2,Clip7,../Dataset/game2/Clip7/0161.jpg,../Dataset/game2/Clip7/Label.csv,0161.jpg,1,471.0,205.0,0,train
game2,Clip7,../Dataset/game2/Clip7/0162.jpg,../Dataset/game2/Clip7/Label.csv,0162.jpg,1,473.0,207.0,0,train
game2,Clip7,../Dataset/game2/Clip7/0163.jpg,../Dataset/game2/Clip7/Label.csv,0163.jpg,1,474.0,205.0,0,train
game2,Clip7,../Dataset/game2/Clip7/0164.jpg,../Dataset/game2/Clip7/Label.csv,0164.jpg,1,475.0,210.0,0,train
game2,Clip7,../Dataset/game2/Clip7/0165.jpg,../Dataset/game2/Clip7/Label.csv,0165.jpg,1,474.0,212.0,0,train
game2,Clip7,../Dataset/game2/Clip7/0166.jpg,../Dataset/game2/Clip7/Label.csv,0166.jpg,1,474.0,218.0,0,train
game2,Clip7,../Dataset/game2/Clip7/0167.jpg,../Dataset/game2/Clip7/Label.csv,0167.jpg,1,476.0,224.0,0,train
game2,Clip7,../Dataset/game2/Clip7/0168.jpg,../Dataset/game2/Clip7/Label.csv,0168.jpg,1,475.0,230.0,0,train
game2,Clip7,../Dataset/game2/Clip7/0169.jpg,../Dataset/game2/Clip7/Label.csv,0169.jpg,1,473.0,224.0,0,train
game2,Clip7,../Dataset/game2/Clip7/0170.jpg,../Dataset/game2/Clip7/Label.csv,0170.jpg,1,473.0,219.0,0,train
game2,Clip7,../Dataset/game2/Clip7/0171.jpg,../Dataset/game2/Clip7/Label.csv,0171.jpg,1,471.0,214.0,0,train
game2,Clip7,../Dataset/game2/Clip7/0172.jpg,../Dataset/game2/Clip7/Label.csv,0172.jpg,1,471.0,211.0,0,train
game2,Clip7,../Dataset/game2/Clip7/0173.jpg,../Dataset/game2/Clip7/Label.csv,0173.jpg,1,469.0,210.0,0,train
game2,Clip7,../Dataset/game2/Clip7/0174.jpg,../Dataset/game2/Clip7/Label.csv,0174.jpg,1,468.0,207.0,0,train
game2,Clip7,../Dataset/game2/Clip7/0175.jpg,../Dataset/game2/Clip7/Label.csv,0175.jpg,1,468.0,205.0,0,train
game2,Clip7,../Dataset/game2/Clip7/0176.jpg,../Dataset/game2/Clip7/Label.csv,0176.jpg,1,464.0,207.0,0,train
game2,Clip7,../Dataset/game2/Clip7/0177.jpg,../Dataset/game2/Clip7/Label.csv,0177.jpg,1,456.0,210.0,0,train
game2,Clip7,../Dataset/game2/Clip7/0178.jpg,../Dataset/game2/Clip7/Label.csv,0178.jpg,1,450.0,213.0,0,train
game2,Clip7,../Dataset/game2/Clip7/0179.jpg,../Dataset/game2/Clip7/Label.csv,0179.jpg,1,439.0,217.0,0,train
game2,Clip7,../Dataset/game2/Clip7/0180.jpg,../Dataset/game2/Clip7/Label.csv,0180.jpg,1,431.0,221.0,0,train
game2,Clip7,../Dataset/game2/Clip7/0181.jpg,../Dataset/game2/Clip7/Label.csv,0181.jpg,2,423.0,233.0,0,train
game2,Clip7,../Dataset/game2/Clip7/0182.jpg,../Dataset/game2/Clip7/Label.csv,0182.jpg,2,416.0,236.0,0,train
game2,Clip7,../Dataset/game2/Clip7/0183.jpg,../Dataset/game2/Clip7/Label.csv,0183.jpg,2,407.0,244.0,0,train
game2,Clip7,../Dataset/game2/Clip7/0184.jpg,../Dataset/game2/Clip7/Label.csv,0184.jpg,1,400.0,255.0,0,train
game2,Clip7,../Dataset/game2/Clip7/0185.jpg,../Dataset/game2/Clip7/Label.csv,0185.jpg,1,394.0,264.0,0,train
game2,Clip7,../Dataset/game2/Clip7/0186.jpg,../Dataset/game2/Clip7/Label.csv,0186.jpg,1,384.0,276.0,0,train
game2,Clip7,../Dataset/game2/Clip7/0187.jpg,../Dataset/game2/Clip7/Label.csv,0187.jpg,1,378.0,275.0,0,train
game2,Clip7,../Dataset/game2/Clip7/0188.jpg,../Dataset/game2/Clip7/Label.csv,0188.jpg,1,374.0,274.0,0,train
game2,Clip8,../Dataset/game2/Clip8/0000.jpg,../Dataset/game2/Clip8/Label.csv,0000.jpg,1,610.0,80.0,0,train
game2,Clip8,../Dataset/game2/Clip8/0001.jpg,../Dataset/game2/Clip8/Label.csv,0001.jpg,1,620.0,121.0,0,train
game2,Clip8,../Dataset/game2/Clip8/0002.jpg,../Dataset/game2/Clip8/Label.csv,0002.jpg,1,633.0,167.0,0,train
game2,Clip8,../Dataset/game2/Clip8/0003.jpg,../Dataset/game2/Clip8/Label.csv,0003.jpg,2,644.0,214.0,0,train
game2,Clip8,../Dataset/game2/Clip8/0004.jpg,../Dataset/game2/Clip8/Label.csv,0004.jpg,1,659.0,261.0,0,train
game2,Clip8,../Dataset/game2/Clip8/0005.jpg,../Dataset/game2/Clip8/Label.csv,0005.jpg,1,669.0,313.0,0,train
game2,Clip8,../Dataset/game2/Clip8/0006.jpg,../Dataset/game2/Clip8/Label.csv,0006.jpg,1,684.0,370.0,0,train
game2,Clip8,../Dataset/game2/Clip8/0007.jpg,../Dataset/game2/Clip8/Label.csv,0007.jpg,1,697.0,409.0,2,train
game2,Clip8,../Dataset/game2/Clip8/0008.jpg,../Dataset/game2/Clip8/Label.csv,0008.jpg,1,708.0,421.0,0,train
game2,Clip8,../Dataset/game2/Clip8/0009.jpg,../Dataset/game2/Clip8/Label.csv,0009.jpg,1,720.0,438.0,0,train
game2,Clip8,../Dataset/game2/Clip8/0010.jpg,../Dataset/game2/Clip8/Label.csv,0010.jpg,1,732.0,453.0,0,train
game2,Clip8,../Dataset/game2/Clip8/0011.jpg,../Dataset/game2/Clip8/Label.csv,0011.jpg,1,746.0,475.0,0,train
game2,Clip8,../Dataset/game2/Clip8/0012.jpg,../Dataset/game2/Clip8/Label.csv,0012.jpg,1,760.0,500.0,0,train
game2,Clip8,../Dataset/game2/Clip8/0013.jpg,../Dataset/game2/Clip8/Label.csv,0013.jpg,1,775.0,525.0,0,train
game2,Clip8,../Dataset/game2/Clip8/0014.jpg,../Dataset/game2/Clip8/Label.csv,0014.jpg,1,778.0,500.0,1,train
game2,Clip8,../Dataset/game2/Clip8/0015.jpg,../Dataset/game2/Clip8/Label.csv,0015.jpg,1,776.0,464.0,0,train
game2,Clip8,../Dataset/game2/Clip8/0016.jpg,../Dataset/game2/Clip8/Label.csv,0016.jpg,1,775.0,430.0,0,train
game2,Clip8,../Dataset/game2/Clip8/0017.jpg,../Dataset/game2/Clip8/Label.csv,0017.jpg,1,775.0,400.0,0,train
game2,Clip8,../Dataset/game2/Clip8/0018.jpg,../Dataset/game2/Clip8/Label.csv,0018.jpg,1,773.0,374.0,0,train
game2,Clip8,../Dataset/game2/Clip8/0019.jpg,../Dataset/game2/Clip8/Label.csv,0019.jpg,1,772.0,349.0,0,train
game2,Clip8,../Dataset/game2/Clip8/0020.jpg,../Dataset/game2/Clip8/Label.csv,0020.jpg,1,770.0,327.0,0,train
game2,Clip8,../Dataset/game2/Clip8/0021.jpg,../Dataset/game2/Clip8/Label.csv,0021.jpg,1,770.0,306.0,0,train
game2,Clip8,../Dataset/game2/Clip8/0022.jpg,../Dataset/game2/Clip8/Label.csv,0022.jpg,1,769.0,292.0,0,train
game2,Clip8,../Dataset/game2/Clip8/0023.jpg,../Dataset/game2/Clip8/Label.csv,0023.jpg,1,768.0,278.0,0,train
game2,Clip8,../Dataset/game2/Clip8/0024.jpg,../Dataset/game2/Clip8/Label.csv,0024.jpg,1,767.0,265.0,0,train
game2,Clip8,../Dataset/game2/Clip8/0025.jpg,../Dataset/game2/Clip8/Label.csv,0025.jpg,1,766.0,255.0,0,train
game2,Clip8,../Dataset/game2/Clip8/0026.jpg,../Dataset/game2/Clip8/Label.csv,0026.jpg,1,766.0,245.0,0,train
game2,Clip8,../Dataset/game2/Clip8/0027.jpg,../Dataset/game2/Clip8/Label.csv,0027.jpg,2,765.0,241.0,0,train
game2,Clip8,../Dataset/game2/Clip8/0028.jpg,../Dataset/game2/Clip8/Label.csv,0028.jpg,1,764.0,231.0,0,train
game2,Clip8,../Dataset/game2/Clip8/0029.jpg,../Dataset/game2/Clip8/Label.csv,0029.jpg,1,763.0,225.0,0,train
game2,Clip8,../Dataset/game2/Clip8/0030.jpg,../Dataset/game2/Clip8/Label.csv,0030.jpg,1,763.0,220.0,0,train
game2,Clip8,../Dataset/game2/Clip8/0031.jpg,../Dataset/game2/Clip8/Label.csv,0031.jpg,1,763.0,219.0,0,train
game2,Clip8,../Dataset/game2/Clip8/0032.jpg,../Dataset/game2/Clip8/Label.csv,0032.jpg,1,761.0,217.0,0,train
game2,Clip8,../Dataset/game2/Clip8/0033.jpg,../Dataset/game2/Clip8/Label.csv,0033.jpg,1,760.0,218.0,0,train
game2,Clip8,../Dataset/game2/Clip8/0034.jpg,../Dataset/game2/Clip8/Label.csv,0034.jpg,1,761.0,217.0,0,train
game2,Clip8,../Dataset/game2/Clip8/0035.jpg,../Dataset/game2/Clip8/Label.csv,0035.jpg,1,759.0,218.0,0,train
game2,Clip8,../Dataset/game2/Clip8/0036.jpg,../Dataset/game2/Clip8/Label.csv,0036.jpg,1,759.0,219.0,2,train
game2,Clip8,../Dataset/game2/Clip8/0037.jpg,../Dataset/game2/Clip8/Label.csv,0037.jpg,1,760.0,214.0,0,train
game2,Clip8,../Dataset/game2/Clip8/0038.jpg,../Dataset/game2/Clip8/Label.csv,0038.jpg,1,759.0,197.0,0,train
game2,Clip8,../Dataset/game2/Clip8/0039.jpg,../Dataset/game2/Clip8/Label.csv,0039.jpg,1,761.0,186.0,0,train
game2,Clip8,../Dataset/game2/Clip8/0040.jpg,../Dataset/game2/Clip8/Label.csv,0040.jpg,1,760.0,173.0,0,train
game2,Clip8,../Dataset/game2/Clip8/0041.jpg,../Dataset/game2/Clip8/Label.csv,0041.jpg,1,759.0,164.0,0,train
game2,Clip8,../Dataset/game2/Clip8/0042.jpg,../Dataset/game2/Clip8/Label.csv,0042.jpg,1,761.0,154.0,0,train
game2,Clip8,../Dataset/game2/Clip8/0043.jpg,../Dataset/game2/Clip8/Label.csv,0043.jpg,1,760.0,148.0,0,train
game2,Clip8,../Dataset/game2/Clip8/0044.jpg,../Dataset/game2/Clip8/Label.csv,0044.jpg,1,763.0,141.0,0,train
game2,Clip8,../Dataset/game2/Clip8/0045.jpg,../Dataset/game2/Clip8/Label.csv,0045.jpg,1,760.0,136.0,0,train
game2,Clip8,../Dataset/game2/Clip8/0046.jpg,../Dataset/game2/Clip8/Label.csv,0046.jpg,2,763.0,131.0,0,train
game2,Clip8,../Dataset/game2/Clip8/0047.jpg,../Dataset/game2/Clip8/Label.csv,0047.jpg,2,765.0,128.0,0,train
game2,Clip8,../Dataset/game2/Clip8/0048.jpg,../Dataset/game2/Clip8/Label.csv,0048.jpg,1,763.0,124.0,0,train
game2,Clip8,../Dataset/game2/Clip8/0049.jpg,../Dataset/game2/Clip8/Label.csv,0049.jpg,1,763.0,123.0,0,train
game2,Clip8,../Dataset/game2/Clip8/0050.jpg,../Dataset/game2/Clip8/Label.csv,0050.jpg,1,763.0,121.0,0,train
game2,Clip8,../Dataset/game2/Clip8/0051.jpg,../Dataset/game2/Clip8/Label.csv,0051.jpg,1,763.0,120.0,0,train
game2,Clip8,../Dataset/game2/Clip8/0052.jpg,../Dataset/game2/Clip8/Label.csv,0052.jpg,1,763.0,121.0,0,train
game2,Clip8,../Dataset/game2/Clip8/0053.jpg,../Dataset/game2/Clip8/Label.csv,0053.jpg,1,764.0,123.0,1,train
game2,Clip8,../Dataset/game2/Clip8/0054.jpg,../Dataset/game2/Clip8/Label.csv,0054.jpg,2,759.0,126.0,1,train
game2,Clip8,../Dataset/game2/Clip8/0055.jpg,../Dataset/game2/Clip8/Label.csv,0055.jpg,2,752.0,131.0,0,train
game2,Clip8,../Dataset/game2/Clip8/0056.jpg,../Dataset/game2/Clip8/Label.csv,0056.jpg,1,742.0,135.0,0,train
game2,Clip8,../Dataset/game2/Clip8/0057.jpg,../Dataset/game2/Clip8/Label.csv,0057.jpg,2,734.0,141.0,0,train
game2,Clip8,../Dataset/game2/Clip8/0058.jpg,../Dataset/game2/Clip8/Label.csv,0058.jpg,1,724.0,150.0,0,train
game2,Clip8,../Dataset/game2/Clip8/0059.jpg,../Dataset/game2/Clip8/Label.csv,0059.jpg,1,715.0,160.0,0,train
game2,Clip8,../Dataset/game2/Clip8/0060.jpg,../Dataset/game2/Clip8/Label.csv,0060.jpg,1,705.0,170.0,0,train
game2,Clip8,../Dataset/game2/Clip8/0061.jpg,../Dataset/game2/Clip8/Label.csv,0061.jpg,1,694.0,182.0,0,train
game2,Clip8,../Dataset/game2/Clip8/0062.jpg,../Dataset/game2/Clip8/Label.csv,0062.jpg,1,685.0,197.0,0,train
game2,Clip8,../Dataset/game2/Clip8/0063.jpg,../Dataset/game2/Clip8/Label.csv,0063.jpg,1,676.0,211.0,0,train
game2,Clip8,../Dataset/game2/Clip8/0064.jpg,../Dataset/game2/Clip8/Label.csv,0064.jpg,1,666.0,226.0,0,train
game2,Clip8,../Dataset/game2/Clip8/0065.jpg,../Dataset/game2/Clip8/Label.csv,0065.jpg,1,654.0,247.0,0,train
game2,Clip8,../Dataset/game2/Clip8/0066.jpg,../Dataset/game2/Clip8/Label.csv,0066.jpg,2,644.0,268.0,0,train
game2,Clip8,../Dataset/game2/Clip8/0067.jpg,../Dataset/game2/Clip8/Label.csv,0067.jpg,2,634.0,287.0,0,train
game2,Clip8,../Dataset/game2/Clip8/0068.jpg,../Dataset/game2/Clip8/Label.csv,0068.jpg,1,620.0,314.0,0,train
game2,Clip8,../Dataset/game2/Clip8/0069.jpg,../Dataset/game2/Clip8/Label.csv,0069.jpg,1,609.0,338.0,0,train
game2,Clip8,../Dataset/game2/Clip8/0070.jpg,../Dataset/game2/Clip8/Label.csv,0070.jpg,1,597.0,367.0,0,train
game2,Clip8,../Dataset/game2/Clip8/0071.jpg,../Dataset/game2/Clip8/Label.csv,0071.jpg,1,584.0,395.0,0,train
game2,Clip8,../Dataset/game2/Clip8/0072.jpg,../Dataset/game2/Clip8/Label.csv,0072.jpg,1,573.0,428.0,0,train
game2,Clip8,../Dataset/game2/Clip8/0073.jpg,../Dataset/game2/Clip8/Label.csv,0073.jpg,1,560.0,461.0,0,train
game2,Clip8,../Dataset/game2/Clip8/0074.jpg,../Dataset/game2/Clip8/Label.csv,0074.jpg,1,550.0,492.0,0,train
game2,Clip8,../Dataset/game2/Clip8/0075.jpg,../Dataset/game2/Clip8/Label.csv,0075.jpg,3,544.0,500.0,2,train
game2,Clip8,../Dataset/game2/Clip8/0076.jpg,../Dataset/game2/Clip8/Label.csv,0076.jpg,1,527.0,497.0,0,train
game2,Clip8,../Dataset/game2/Clip8/0077.jpg,../Dataset/game2/Clip8/Label.csv,0077.jpg,1,518.0,497.0,0,train
game2,Clip8,../Dataset/game2/Clip8/0078.jpg,../Dataset/game2/Clip8/Label.csv,0078.jpg,1,509.0,502.0,0,train
game2,Clip8,../Dataset/game2/Clip8/0079.jpg,../Dataset/game2/Clip8/Label.csv,0079.jpg,1,499.0,507.0,0,train
game2,Clip8,../Dataset/game2/Clip8/0080.jpg,../Dataset/game2/Clip8/Label.csv,0080.jpg,1,488.0,513.0,0,train
game2,Clip8,../Dataset/game2/Clip8/0081.jpg,../Dataset/game2/Clip8/Label.csv,0081.jpg,1,477.0,521.0,0,train
game2,Clip8,../Dataset/game2/Clip8/0082.jpg,../Dataset/game2/Clip8/Label.csv,0082.jpg,1,468.0,528.0,1,train
game2,Clip8,../Dataset/game2/Clip8/0083.jpg,../Dataset/game2/Clip8/Label.csv,0083.jpg,1,480.0,464.0,0,train
game2,Clip8,../Dataset/game2/Clip8/0084.jpg,../Dataset/game2/Clip8/Label.csv,0084.jpg,1,486.0,420.0,0,train
game2,Clip8,../Dataset/game2/Clip8/0085.jpg,../Dataset/game2/Clip8/Label.csv,0085.jpg,1,491.0,379.0,0,train
game2,Clip8,../Dataset/game2/Clip8/0086.jpg,../Dataset/game2/Clip8/Label.csv,0086.jpg,1,497.0,344.0,0,train
game2,Clip8,../Dataset/game2/Clip8/0087.jpg,../Dataset/game2/Clip8/Label.csv,0087.jpg,1,499.0,310.0,0,train
game2,Clip8,../Dataset/game2/Clip8/0088.jpg,../Dataset/game2/Clip8/Label.csv,0088.jpg,1,504.0,282.0,0,train
game2,Clip8,../Dataset/game2/Clip8/0089.jpg,../Dataset/game2/Clip8/Label.csv,0089.jpg,1,506.0,259.0,0,train
game2,Clip8,../Dataset/game2/Clip8/0090.jpg,../Dataset/game2/Clip8/Label.csv,0090.jpg,1,510.0,241.0,0,train
game2,Clip8,../Dataset/game2/Clip8/0091.jpg,../Dataset/game2/Clip8/Label.csv,0091.jpg,1,513.0,219.0,0,train
game2,Clip8,../Dataset/game2/Clip8/0092.jpg,../Dataset/game2/Clip8/Label.csv,0092.jpg,1,515.0,202.0,0,train
game2,Clip8,../Dataset/game2/Clip8/0093.jpg,../Dataset/game2/Clip8/Label.csv,0093.jpg,1,520.0,188.0,0,train
game2,Clip8,../Dataset/game2/Clip8/0094.jpg,../Dataset/game2/Clip8/Label.csv,0094.jpg,1,520.0,176.0,0,train
game2,Clip8,../Dataset/game2/Clip8/0095.jpg,../Dataset/game2/Clip8/Label.csv,0095.jpg,1,522.0,168.0,0,train
game2,Clip8,../Dataset/game2/Clip8/0096.jpg,../Dataset/game2/Clip8/Label.csv,0096.jpg,1,524.0,158.0,0,train
game2,Clip8,../Dataset/game2/Clip8/0097.jpg,../Dataset/game2/Clip8/Label.csv,0097.jpg,1,525.0,150.0,0,train
game2,Clip8,../Dataset/game2/Clip8/0098.jpg,../Dataset/game2/Clip8/Label.csv,0098.jpg,1,528.0,144.0,0,train
game2,Clip8,../Dataset/game2/Clip8/0099.jpg,../Dataset/game2/Clip8/Label.csv,0099.jpg,1,528.0,142.0,0,train
game2,Clip8,../Dataset/game2/Clip8/0100.jpg,../Dataset/game2/Clip8/Label.csv,0100.jpg,1,529.0,139.0,0,train
game2,Clip8,../Dataset/game2/Clip8/0101.jpg,../Dataset/game2/Clip8/Label.csv,0101.jpg,1,531.0,136.0,0,train
game2,Clip8,../Dataset/game2/Clip8/0102.jpg,../Dataset/game2/Clip8/Label.csv,0102.jpg,1,531.0,133.0,0,train
game2,Clip8,../Dataset/game2/Clip8/0103.jpg,../Dataset/game2/Clip8/Label.csv,0103.jpg,1,532.0,133.0,0,train
game2,Clip8,../Dataset/game2/Clip8/0104.jpg,../Dataset/game2/Clip8/Label.csv,0104.jpg,1,532.0,133.0,0,train
game2,Clip8,../Dataset/game2/Clip8/0105.jpg,../Dataset/game2/Clip8/Label.csv,0105.jpg,1,532.0,136.0,2,train
game2,Clip8,../Dataset/game2/Clip8/0106.jpg,../Dataset/game2/Clip8/Label.csv,0106.jpg,1,532.0,129.0,0,train
game2,Clip8,../Dataset/game2/Clip8/0107.jpg,../Dataset/game2/Clip8/Label.csv,0107.jpg,1,533.0,114.0,0,train
game2,Clip8,../Dataset/game2/Clip8/0108.jpg,../Dataset/game2/Clip8/Label.csv,0108.jpg,1,535.0,101.0,0,train
game2,Clip8,../Dataset/game2/Clip8/0109.jpg,../Dataset/game2/Clip8/Label.csv,0109.jpg,1,536.0,91.0,0,train
game2,Clip8,../Dataset/game2/Clip8/0110.jpg,../Dataset/game2/Clip8/Label.csv,0110.jpg,1,538.0,80.0,0,train
game2,Clip8,../Dataset/game2/Clip8/0111.jpg,../Dataset/game2/Clip8/Label.csv,0111.jpg,1,538.0,70.0,0,train
game2,Clip8,../Dataset/game2/Clip8/0112.jpg,../Dataset/game2/Clip8/Label.csv,0112.jpg,1,539.0,62.0,1,train
game2,Clip8,../Dataset/game2/Clip8/0113.jpg,../Dataset/game2/Clip8/Label.csv,0113.jpg,1,541.0,66.0,0,train
game2,Clip8,../Dataset/game2/Clip8/0114.jpg,../Dataset/game2/Clip8/Label.csv,0114.jpg,1,555.0,71.0,0,train
game2,Clip8,../Dataset/game2/Clip8/0115.jpg,../Dataset/game2/Clip8/Label.csv,0115.jpg,1,560.0,74.0,0,train
game2,Clip8,../Dataset/game2/Clip8/0116.jpg,../Dataset/game2/Clip8/Label.csv,0116.jpg,1,568.0,82.0,0,train
game2,Clip8,../Dataset/game2/Clip8/0117.jpg,../Dataset/game2/Clip8/Label.csv,0117.jpg,1,576.0,90.0,0,train
game2,Clip8,../Dataset/game2/Clip8/0118.jpg,../Dataset/game2/Clip8/Label.csv,0118.jpg,2,581.0,95.0,0,train
game2,Clip8,../Dataset/game2/Clip8/0119.jpg,../Dataset/game2/Clip8/Label.csv,0119.jpg,1,592.0,106.0,0,train
game2,Clip8,../Dataset/game2/Clip8/0120.jpg,../Dataset/game2/Clip8/Label.csv,0120.jpg,1,601.0,118.0,0,train
game2,Clip8,../Dataset/game2/Clip8/0121.jpg,../Dataset/game2/Clip8/Label.csv,0121.jpg,1,610.0,132.0,0,train
game2,Clip8,../Dataset/game2/Clip8/0122.jpg,../Dataset/game2/Clip8/Label.csv,0122.jpg,1,620.0,147.0,0,train
game2,Clip8,../Dataset/game2/Clip8/0123.jpg,../Dataset/game2/Clip8/Label.csv,0123.jpg,1,627.0,160.0,0,train
game2,Clip8,../Dataset/game2/Clip8/0124.jpg,../Dataset/game2/Clip8/Label.csv,0124.jpg,1,637.0,176.0,0,train
game2,Clip8,../Dataset/game2/Clip8/0125.jpg,../Dataset/game2/Clip8/Label.csv,0125.jpg,1,645.0,195.0,0,train
game2,Clip8,../Dataset/game2/Clip8/0126.jpg,../Dataset/game2/Clip8/Label.csv,0126.jpg,1,656.0,213.0,0,train
game2,Clip8,../Dataset/game2/Clip8/0127.jpg,../Dataset/game2/Clip8/Label.csv,0127.jpg,1,665.0,232.0,0,train
game2,Clip8,../Dataset/game2/Clip8/0128.jpg,../Dataset/game2/Clip8/Label.csv,0128.jpg,1,674.0,257.0,0,train
game2,Clip8,../Dataset/game2/Clip8/0129.jpg,../Dataset/game2/Clip8/Label.csv,0129.jpg,1,684.0,278.0,0,train
game2,Clip8,../Dataset/game2/Clip8/0130.jpg,../Dataset/game2/Clip8/Label.csv,0130.jpg,1,694.0,306.0,0,train
game2,Clip8,../Dataset/game2/Clip8/0131.jpg,../Dataset/game2/Clip8/Label.csv,0131.jpg,1,705.0,332.0,0,train
game2,Clip8,../Dataset/game2/Clip8/0132.jpg,../Dataset/game2/Clip8/Label.csv,0132.jpg,1,714.0,358.0,0,train
game2,Clip8,../Dataset/game2/Clip8/0133.jpg,../Dataset/game2/Clip8/Label.csv,0133.jpg,1,729.0,395.0,0,train
game2,Clip8,../Dataset/game2/Clip8/0134.jpg,../Dataset/game2/Clip8/Label.csv,0134.jpg,1,740.0,426.0,0,train
game2,Clip8,../Dataset/game2/Clip8/0135.jpg,../Dataset/game2/Clip8/Label.csv,0135.jpg,1,750.0,463.0,0,train
game2,Clip8,../Dataset/game2/Clip8/0136.jpg,../Dataset/game2/Clip8/Label.csv,0136.jpg,1,761.0,492.0,0,train
game2,Clip8,../Dataset/game2/Clip8/0137.jpg,../Dataset/game2/Clip8/Label.csv,0137.jpg,1,766.0,492.0,2,train
game2,Clip8,../Dataset/game2/Clip8/0138.jpg,../Dataset/game2/Clip8/Label.csv,0138.jpg,1,777.0,496.0,0,train
game2,Clip8,../Dataset/game2/Clip8/0139.jpg,../Dataset/game2/Clip8/Label.csv,0139.jpg,1,785.0,496.0,0,train
game2,Clip8,../Dataset/game2/Clip8/0140.jpg,../Dataset/game2/Clip8/Label.csv,0140.jpg,1,796.0,502.0,0,train
game2,Clip8,../Dataset/game2/Clip8/0141.jpg,../Dataset/game2/Clip8/Label.csv,0141.jpg,1,801.0,505.0,0,train
game2,Clip8,../Dataset/game2/Clip8/0142.jpg,../Dataset/game2/Clip8/Label.csv,0142.jpg,1,811.0,513.0,0,train
game2,Clip8,../Dataset/game2/Clip8/0143.jpg,../Dataset/game2/Clip8/Label.csv,0143.jpg,1,821.0,523.0,0,train
game2,Clip8,../Dataset/game2/Clip8/0144.jpg,../Dataset/game2/Clip8/Label.csv,0144.jpg,1,829.0,532.0,0,train
game2,Clip8,../Dataset/game2/Clip8/0145.jpg,../Dataset/game2/Clip8/Label.csv,0145.jpg,1,826.0,488.0,1,train
game2,Clip8,../Dataset/game2/Clip8/0146.jpg,../Dataset/game2/Clip8/Label.csv,0146.jpg,1,819.0,437.0,0,train
game2,Clip8,../Dataset/game2/Clip8/0147.jpg,../Dataset/game2/Clip8/Label.csv,0147.jpg,1,816.0,391.0,0,train
game2,Clip8,../Dataset/game2/Clip8/0148.jpg,../Dataset/game2/Clip8/Label.csv,0148.jpg,1,811.0,353.0,0,train
game2,Clip8,../Dataset/game2/Clip8/0149.jpg,../Dataset/game2/Clip8/Label.csv,0149.jpg,1,807.0,317.0,0,train
game2,Clip8,../Dataset/game2/Clip8/0150.jpg,../Dataset/game2/Clip8/Label.csv,0150.jpg,1,805.0,291.0,0,train
game2,Clip8,../Dataset/game2/Clip8/0151.jpg,../Dataset/game2/Clip8/Label.csv,0151.jpg,1,801.0,265.0,0,train
game2,Clip8,../Dataset/game2/Clip8/0152.jpg,../Dataset/game2/Clip8/Label.csv,0152.jpg,1,799.0,244.0,0,train
game2,Clip8,../Dataset/game2/Clip8/0153.jpg,../Dataset/game2/Clip8/Label.csv,0153.jpg,1,795.0,224.0,0,train
game2,Clip8,../Dataset/game2/Clip8/0154.jpg,../Dataset/game2/Clip8/Label.csv,0154.jpg,1,792.0,209.0,0,train
game2,Clip8,../Dataset/game2/Clip8/0155.jpg,../Dataset/game2/Clip8/Label.csv,0155.jpg,1,790.0,197.0,0,train
game2,Clip8,../Dataset/game2/Clip8/0156.jpg,../Dataset/game2/Clip8/Label.csv,0156.jpg,1,789.0,184.0,0,train
game2,Clip8,../Dataset/game2/Clip8/0157.jpg,../Dataset/game2/Clip8/Label.csv,0157.jpg,1,787.0,176.0,0,train
game2,Clip8,../Dataset/game2/Clip8/0158.jpg,../Dataset/game2/Clip8/Label.csv,0158.jpg,1,784.0,166.0,0,train
game2,Clip8,../Dataset/game2/Clip8/0159.jpg,../Dataset/game2/Clip8/Label.csv,0159.jpg,1,783.0,161.0,0,train
game2,Clip8,../Dataset/game2/Clip8/0160.jpg,../Dataset/game2/Clip8/Label.csv,0160.jpg,1,781.0,156.0,0,train
game2,Clip8,../Dataset/game2/Clip8/0161.jpg,../Dataset/game2/Clip8/Label.csv,0161.jpg,1,778.0,152.0,0,train
game2,Clip8,../Dataset/game2/Clip8/0162.jpg,../Dataset/game2/Clip8/Label.csv,0162.jpg,1,777.0,149.0,0,train
game2,Clip8,../Dataset/game2/Clip8/0163.jpg,../Dataset/game2/Clip8/Label.csv,0163.jpg,1,773.0,149.0,0,train
game2,Clip8,../Dataset/game2/Clip8/0164.jpg,../Dataset/game2/Clip8/Label.csv,0164.jpg,1,772.0,148.0,0,train
game2,Clip8,../Dataset/game2/Clip8/0165.jpg,../Dataset/game2/Clip8/Label.csv,0165.jpg,1,773.0,148.0,2,train
game2,Clip8,../Dataset/game2/Clip8/0166.jpg,../Dataset/game2/Clip8/Label.csv,0166.jpg,1,771.0,144.0,0,train
game2,Clip8,../Dataset/game2/Clip8/0167.jpg,../Dataset/game2/Clip8/Label.csv,0167.jpg,2,769.0,128.0,0,train
game2,Clip8,../Dataset/game2/Clip8/0168.jpg,../Dataset/game2/Clip8/Label.csv,0168.jpg,1,769.0,115.0,0,train
game2,Clip8,../Dataset/game2/Clip8/0169.jpg,../Dataset/game2/Clip8/Label.csv,0169.jpg,1,767.0,103.0,0,train
game2,Clip8,../Dataset/game2/Clip8/0170.jpg,../Dataset/game2/Clip8/Label.csv,0170.jpg,1,766.0,90.0,0,train
game2,Clip8,../Dataset/game2/Clip8/0171.jpg,../Dataset/game2/Clip8/Label.csv,0171.jpg,1,766.0,82.0,0,train
game2,Clip8,../Dataset/game2/Clip8/0172.jpg,../Dataset/game2/Clip8/Label.csv,0172.jpg,1,765.0,74.0,0,train
game2,Clip8,../Dataset/game2/Clip8/0173.jpg,../Dataset/game2/Clip8/Label.csv,0173.jpg,1,764.0,65.0,0,train
game2,Clip8,../Dataset/game2/Clip8/0174.jpg,../Dataset/game2/Clip8/Label.csv,0174.jpg,1,764.0,60.0,0,train
game2,Clip8,../Dataset/game2/Clip8/0175.jpg,../Dataset/game2/Clip8/Label.csv,0175.jpg,1,763.0,56.0,1,train
game2,Clip8,../Dataset/game2/Clip8/0176.jpg,../Dataset/game2/Clip8/Label.csv,0176.jpg,1,767.0,66.0,0,train
game2,Clip8,../Dataset/game2/Clip8/0177.jpg,../Dataset/game2/Clip8/Label.csv,0177.jpg,1,769.0,70.0,0,train
game2,Clip8,../Dataset/game2/Clip8/0178.jpg,../Dataset/game2/Clip8/Label.csv,0178.jpg,1,773.0,83.0,0,train
game2,Clip8,../Dataset/game2/Clip8/0179.jpg,../Dataset/game2/Clip8/Label.csv,0179.jpg,1,776.0,92.0,0,train
game2,Clip8,../Dataset/game2/Clip8/0180.jpg,../Dataset/game2/Clip8/Label.csv,0180.jpg,1,780.0,105.0,0,train
game2,Clip8,../Dataset/game2/Clip8/0181.jpg,../Dataset/game2/Clip8/Label.csv,0181.jpg,1,783.0,118.0,0,train
game2,Clip8,../Dataset/game2/Clip8/0182.jpg,../Dataset/game2/Clip8/Label.csv,0182.jpg,1,787.0,135.0,0,train
game2,Clip8,../Dataset/game2/Clip8/0183.jpg,../Dataset/game2/Clip8/Label.csv,0183.jpg,1,790.0,150.0,0,train
game2,Clip8,../Dataset/game2/Clip8/0184.jpg,../Dataset/game2/Clip8/Label.csv,0184.jpg,1,793.0,166.0,0,train
game2,Clip8,../Dataset/game2/Clip8/0185.jpg,../Dataset/game2/Clip8/Label.csv,0185.jpg,1,798.0,190.0,0,train
game2,Clip8,../Dataset/game2/Clip8/0186.jpg,../Dataset/game2/Clip8/Label.csv,0186.jpg,1,800.0,212.0,0,train
game2,Clip8,../Dataset/game2/Clip8/0187.jpg,../Dataset/game2/Clip8/Label.csv,0187.jpg,2,804.0,232.0,0,train
game2,Clip8,../Dataset/game2/Clip8/0188.jpg,../Dataset/game2/Clip8/Label.csv,0188.jpg,1,807.0,263.0,0,train
game2,Clip8,../Dataset/game2/Clip8/0189.jpg,../Dataset/game2/Clip8/Label.csv,0189.jpg,1,811.0,290.0,0,train
game2,Clip8,../Dataset/game2/Clip8/0190.jpg,../Dataset/game2/Clip8/Label.csv,0190.jpg,1,816.0,315.0,0,train
game2,Clip8,../Dataset/game2/Clip8/0191.jpg,../Dataset/game2/Clip8/Label.csv,0191.jpg,1,821.0,350.0,0,train
game2,Clip8,../Dataset/game2/Clip8/0192.jpg,../Dataset/game2/Clip8/Label.csv,0192.jpg,1,825.0,381.0,0,train
game2,Clip8,../Dataset/game2/Clip8/0193.jpg,../Dataset/game2/Clip8/Label.csv,0193.jpg,1,828.0,417.0,0,train
game2,Clip8,../Dataset/game2/Clip8/0194.jpg,../Dataset/game2/Clip8/Label.csv,0194.jpg,1,834.0,455.0,0,train
game2,Clip8,../Dataset/game2/Clip8/0195.jpg,../Dataset/game2/Clip8/Label.csv,0195.jpg,1,836.0,457.0,0,train
game2,Clip8,../Dataset/game2/Clip8/0196.jpg,../Dataset/game2/Clip8/Label.csv,0196.jpg,1,839.0,464.0,0,train
game2,Clip8,../Dataset/game2/Clip8/0197.jpg,../Dataset/game2/Clip8/Label.csv,0197.jpg,1,842.0,468.0,2,train
game2,Clip8,../Dataset/game2/Clip8/0198.jpg,../Dataset/game2/Clip8/Label.csv,0198.jpg,1,845.0,477.0,0,train
game2,Clip8,../Dataset/game2/Clip8/0199.jpg,../Dataset/game2/Clip8/Label.csv,0199.jpg,1,849.0,488.0,0,train
game2,Clip8,../Dataset/game2/Clip8/0200.jpg,../Dataset/game2/Clip8/Label.csv,0200.jpg,1,853.0,501.0,0,train
game2,Clip8,../Dataset/game2/Clip8/0201.jpg,../Dataset/game2/Clip8/Label.csv,0201.jpg,1,856.0,513.0,0,train
game2,Clip8,../Dataset/game2/Clip8/0202.jpg,../Dataset/game2/Clip8/Label.csv,0202.jpg,1,860.0,528.0,0,train
game2,Clip8,../Dataset/game2/Clip8/0203.jpg,../Dataset/game2/Clip8/Label.csv,0203.jpg,1,862.0,545.0,0,train
game2,Clip8,../Dataset/game2/Clip8/0204.jpg,../Dataset/game2/Clip8/Label.csv,0204.jpg,1,864.0,565.0,0,train
game2,Clip8,../Dataset/game2/Clip8/0205.jpg,../Dataset/game2/Clip8/Label.csv,0205.jpg,1,864.0,551.0,1,train
game2,Clip8,../Dataset/game2/Clip8/0206.jpg,../Dataset/game2/Clip8/Label.csv,0206.jpg,1,856.0,495.0,0,train
game2,Clip8,../Dataset/game2/Clip8/0207.jpg,../Dataset/game2/Clip8/Label.csv,0207.jpg,1,846.0,440.0,0,train
game2,Clip8,../Dataset/game2/Clip8/0208.jpg,../Dataset/game2/Clip8/Label.csv,0208.jpg,1,840.0,394.0,0,train
game2,Clip8,../Dataset/game2/Clip8/0209.jpg,../Dataset/game2/Clip8/Label.csv,0209.jpg,1,833.0,356.0,0,train
game2,Clip8,../Dataset/game2/Clip8/0210.jpg,../Dataset/game2/Clip8/Label.csv,0210.jpg,1,825.0,317.0,0,train
game2,Clip8,../Dataset/game2/Clip8/0211.jpg,../Dataset/game2/Clip8/Label.csv,0211.jpg,1,819.0,288.0,0,train
game2,Clip8,../Dataset/game2/Clip8/0212.jpg,../Dataset/game2/Clip8/Label.csv,0212.jpg,1,812.0,264.0,0,train
game2,Clip8,../Dataset/game2/Clip8/0213.jpg,../Dataset/game2/Clip8/Label.csv,0213.jpg,1,806.0,243.0,0,train
game2,Clip8,../Dataset/game2/Clip8/0214.jpg,../Dataset/game2/Clip8/Label.csv,0214.jpg,1,799.0,222.0,0,train
game2,Clip8,../Dataset/game2/Clip8/0215.jpg,../Dataset/game2/Clip8/Label.csv,0215.jpg,1,794.0,207.0,0,train
game2,Clip8,../Dataset/game2/Clip8/0216.jpg,../Dataset/game2/Clip8/Label.csv,0216.jpg,2,787.0,191.0,0,train
game2,Clip8,../Dataset/game2/Clip8/0217.jpg,../Dataset/game2/Clip8/Label.csv,0217.jpg,1,784.0,179.0,0,train
game2,Clip8,../Dataset/game2/Clip8/0218.jpg,../Dataset/game2/Clip8/Label.csv,0218.jpg,1,779.0,173.0,0,train
game2,Clip8,../Dataset/game2/Clip8/0219.jpg,../Dataset/game2/Clip8/Label.csv,0219.jpg,1,775.0,162.0,0,train
game2,Clip8,../Dataset/game2/Clip8/0220.jpg,../Dataset/game2/Clip8/Label.csv,0220.jpg,1,767.0,154.0,0,train
game2,Clip8,../Dataset/game2/Clip8/0221.jpg,../Dataset/game2/Clip8/Label.csv,0221.jpg,1,765.0,152.0,0,train
game2,Clip8,../Dataset/game2/Clip8/0222.jpg,../Dataset/game2/Clip8/Label.csv,0222.jpg,1,758.0,147.0,0,train
game2,Clip8,../Dataset/game2/Clip8/0223.jpg,../Dataset/game2/Clip8/Label.csv,0223.jpg,1,753.0,145.0,0,train
game2,Clip8,../Dataset/game2/Clip8/0224.jpg,../Dataset/game2/Clip8/Label.csv,0224.jpg,1,752.0,143.0,0,train
game2,Clip8,../Dataset/game2/Clip8/0225.jpg,../Dataset/game2/Clip8/Label.csv,0225.jpg,1,746.0,145.0,0,train
game2,Clip8,../Dataset/game2/Clip8/0226.jpg,../Dataset/game2/Clip8/Label.csv,0226.jpg,1,743.0,145.0,0,train
game2,Clip8,../Dataset/game2/Clip8/0227.jpg,../Dataset/game2/Clip8/Label.csv,0227.jpg,1,738.0,149.0,0,train
game2,Clip8,../Dataset/game2/Clip8/0228.jpg,../Dataset/game2/Clip8/Label.csv,0228.jpg,1,734.0,151.0,2,train
game2,Clip8,../Dataset/game2/Clip8/0229.jpg,../Dataset/game2/Clip8/Label.csv,0229.jpg,1,731.0,141.0,0,train
game2,Clip8,../Dataset/game2/Clip8/0230.jpg,../Dataset/game2/Clip8/Label.csv,0230.jpg,2,729.0,127.0,0,train
game2,Clip8,../Dataset/game2/Clip8/0231.jpg,../Dataset/game2/Clip8/Label.csv,0231.jpg,1,727.0,113.0,0,train
game2,Clip8,../Dataset/game2/Clip8/0232.jpg,../Dataset/game2/Clip8/Label.csv,0232.jpg,1,726.0,98.0,0,train
game2,Clip8,../Dataset/game2/Clip8/0233.jpg,../Dataset/game2/Clip8/Label.csv,0233.jpg,1,725.0,86.0,0,train
game2,Clip8,../Dataset/game2/Clip8/0234.jpg,../Dataset/game2/Clip8/Label.csv,0234.jpg,1,723.0,75.0,0,train
game2,Clip8,../Dataset/game2/Clip8/0235.jpg,../Dataset/game2/Clip8/Label.csv,0235.jpg,1,722.0,67.0,0,train
game2,Clip8,../Dataset/game2/Clip8/0236.jpg,../Dataset/game2/Clip8/Label.csv,0236.jpg,1,719.0,57.0,0,train
game2,Clip8,../Dataset/game2/Clip8/0237.jpg,../Dataset/game2/Clip8/Label.csv,0237.jpg,1,719.0,52.0,1,train
game2,Clip8,../Dataset/game2/Clip8/0238.jpg,../Dataset/game2/Clip8/Label.csv,0238.jpg,1,713.0,50.0,1,train
game2,Clip8,../Dataset/game2/Clip8/0239.jpg,../Dataset/game2/Clip8/Label.csv,0239.jpg,1,707.0,59.0,0,train
game2,Clip8,../Dataset/game2/Clip8/0240.jpg,../Dataset/game2/Clip8/Label.csv,0240.jpg,1,701.0,68.0,0,train
game2,Clip8,../Dataset/game2/Clip8/0241.jpg,../Dataset/game2/Clip8/Label.csv,0241.jpg,1,695.0,75.0,0,train
game2,Clip8,../Dataset/game2/Clip8/0242.jpg,../Dataset/game2/Clip8/Label.csv,0242.jpg,1,687.0,87.0,0,train
game2,Clip8,../Dataset/game2/Clip8/0243.jpg,../Dataset/game2/Clip8/Label.csv,0243.jpg,2,679.0,98.0,0,train
game2,Clip8,../Dataset/game2/Clip8/0244.jpg,../Dataset/game2/Clip8/Label.csv,0244.jpg,1,675.0,110.0,0,train
game2,Clip8,../Dataset/game2/Clip8/0245.jpg,../Dataset/game2/Clip8/Label.csv,0245.jpg,2,667.0,128.0,0,train
game2,Clip8,../Dataset/game2/Clip8/0246.jpg,../Dataset/game2/Clip8/Label.csv,0246.jpg,1,661.0,142.0,0,train
game2,Clip8,../Dataset/game2/Clip8/0247.jpg,../Dataset/game2/Clip8/Label.csv,0247.jpg,1,653.0,161.0,0,train
game2,Clip8,../Dataset/game2/Clip8/0248.jpg,../Dataset/game2/Clip8/Label.csv,0248.jpg,1,648.0,178.0,0,train
game2,Clip8,../Dataset/game2/Clip8/0249.jpg,../Dataset/game2/Clip8/Label.csv,0249.jpg,2,640.0,197.0,0,train
game2,Clip8,../Dataset/game2/Clip8/0250.jpg,../Dataset/game2/Clip8/Label.csv,0250.jpg,1,633.0,220.0,0,train
game2,Clip8,../Dataset/game2/Clip8/0251.jpg,../Dataset/game2/Clip8/Label.csv,0251.jpg,1,626.0,245.0,0,train
game2,Clip8,../Dataset/game2/Clip8/0252.jpg,../Dataset/game2/Clip8/Label.csv,0252.jpg,1,619.0,266.0,0,train
game2,Clip8,../Dataset/game2/Clip8/0253.jpg,../Dataset/game2/Clip8/Label.csv,0253.jpg,1,610.0,298.0,0,train
game2,Clip8,../Dataset/game2/Clip8/0254.jpg,../Dataset/game2/Clip8/Label.csv,0254.jpg,1,602.0,326.0,0,train
game2,Clip8,../Dataset/game2/Clip8/0255.jpg,../Dataset/game2/Clip8/Label.csv,0255.jpg,1,595.0,359.0,0,train
game2,Clip8,../Dataset/game2/Clip8/0256.jpg,../Dataset/game2/Clip8/Label.csv,0256.jpg,1,589.0,393.0,0,train
game2,Clip8,../Dataset/game2/Clip8/0257.jpg,../Dataset/game2/Clip8/Label.csv,0257.jpg,1,579.0,426.0,0,train
game2,Clip8,../Dataset/game2/Clip8/0258.jpg,../Dataset/game2/Clip8/Label.csv,0258.jpg,1,571.0,467.0,0,train
game2,Clip8,../Dataset/game2/Clip8/0259.jpg,../Dataset/game2/Clip8/Label.csv,0259.jpg,1,562.0,504.0,0,train
game2,Clip8,../Dataset/game2/Clip8/0260.jpg,../Dataset/game2/Clip8/Label.csv,0260.jpg,1,557.0,516.0,0,train
game2,Clip8,../Dataset/game2/Clip8/0261.jpg,../Dataset/game2/Clip8/Label.csv,0261.jpg,1,550.0,519.0,2,train
game2,Clip8,../Dataset/game2/Clip8/0262.jpg,../Dataset/game2/Clip8/Label.csv,0262.jpg,1,543.0,522.0,0,train
game2,Clip8,../Dataset/game2/Clip8/0263.jpg,../Dataset/game2/Clip8/Label.csv,0263.jpg,1,539.0,530.0,0,train
game2,Clip8,../Dataset/game2/Clip8/0264.jpg,../Dataset/game2/Clip8/Label.csv,0264.jpg,1,533.0,535.0,0,train
game2,Clip8,../Dataset/game2/Clip8/0265.jpg,../Dataset/game2/Clip8/Label.csv,0265.jpg,1,528.0,544.0,0,train
game2,Clip8,../Dataset/game2/Clip8/0266.jpg,../Dataset/game2/Clip8/Label.csv,0266.jpg,1,522.0,555.0,0,train
game2,Clip8,../Dataset/game2/Clip8/0267.jpg,../Dataset/game2/Clip8/Label.csv,0267.jpg,1,535.0,532.0,1,train
game2,Clip8,../Dataset/game2/Clip8/0268.jpg,../Dataset/game2/Clip8/Label.csv,0268.jpg,1,557.0,475.0,0,train
game2,Clip8,../Dataset/game2/Clip8/0269.jpg,../Dataset/game2/Clip8/Label.csv,0269.jpg,1,574.0,426.0,0,train
game2,Clip8,../Dataset/game2/Clip8/0270.jpg,../Dataset/game2/Clip8/Label.csv,0270.jpg,1,592.0,386.0,0,train
game2,Clip8,../Dataset/game2/Clip8/0271.jpg,../Dataset/game2/Clip8/Label.csv,0271.jpg,1,605.0,349.0,0,train
game2,Clip8,../Dataset/game2/Clip8/0272.jpg,../Dataset/game2/Clip8/Label.csv,0272.jpg,1,621.0,317.0,0,train
game2,Clip8,../Dataset/game2/Clip8/0273.jpg,../Dataset/game2/Clip8/Label.csv,0273.jpg,2,638.0,290.0,0,train
game2,Clip8,../Dataset/game2/Clip8/0274.jpg,../Dataset/game2/Clip8/Label.csv,0274.jpg,2,647.0,269.0,0,train
game2,Clip8,../Dataset/game2/Clip8/0275.jpg,../Dataset/game2/Clip8/Label.csv,0275.jpg,1,656.0,243.0,0,train
game2,Clip8,../Dataset/game2/Clip8/0276.jpg,../Dataset/game2/Clip8/Label.csv,0276.jpg,1,665.0,228.0,0,train
game2,Clip8,../Dataset/game2/Clip8/0277.jpg,../Dataset/game2/Clip8/Label.csv,0277.jpg,1,676.0,210.0,0,train
game2,Clip8,../Dataset/game2/Clip8/0278.jpg,../Dataset/game2/Clip8/Label.csv,0278.jpg,1,685.0,196.0,0,train
game2,Clip8,../Dataset/game2/Clip8/0279.jpg,../Dataset/game2/Clip8/Label.csv,0279.jpg,1,692.0,186.0,0,train
game2,Clip8,../Dataset/game2/Clip8/0280.jpg,../Dataset/game2/Clip8/Label.csv,0280.jpg,1,698.0,174.0,0,train
game2,Clip8,../Dataset/game2/Clip8/0281.jpg,../Dataset/game2/Clip8/Label.csv,0281.jpg,1,708.0,163.0,0,train
game2,Clip8,../Dataset/game2/Clip8/0282.jpg,../Dataset/game2/Clip8/Label.csv,0282.jpg,1,713.0,159.0,0,train
game2,Clip8,../Dataset/game2/Clip8/0283.jpg,../Dataset/game2/Clip8/Label.csv,0283.jpg,1,718.0,153.0,0,train
game2,Clip8,../Dataset/game2/Clip8/0284.jpg,../Dataset/game2/Clip8/Label.csv,0284.jpg,1,725.0,148.0,0,train
game2,Clip8,../Dataset/game2/Clip8/0285.jpg,../Dataset/game2/Clip8/Label.csv,0285.jpg,1,732.0,147.0,0,train
game2,Clip8,../Dataset/game2/Clip8/0286.jpg,../Dataset/game2/Clip8/Label.csv,0286.jpg,1,736.0,140.0,0,train
game2,Clip8,../Dataset/game2/Clip8/0287.jpg,../Dataset/game2/Clip8/Label.csv,0287.jpg,1,742.0,141.0,0,train
game2,Clip8,../Dataset/game2/Clip8/0288.jpg,../Dataset/game2/Clip8/Label.csv,0288.jpg,1,747.0,140.0,0,train
game2,Clip8,../Dataset/game2/Clip8/0289.jpg,../Dataset/game2/Clip8/Label.csv,0289.jpg,1,750.0,140.0,0,train
game2,Clip8,../Dataset/game2/Clip8/0290.jpg,../Dataset/game2/Clip8/Label.csv,0290.jpg,1,755.0,140.0,2,train
game2,Clip8,../Dataset/game2/Clip8/0291.jpg,../Dataset/game2/Clip8/Label.csv,0291.jpg,1,757.0,133.0,0,train
game2,Clip8,../Dataset/game2/Clip8/0292.jpg,../Dataset/game2/Clip8/Label.csv,0292.jpg,1,760.0,117.0,0,train
game2,Clip8,../Dataset/game2/Clip8/0293.jpg,../Dataset/game2/Clip8/Label.csv,0293.jpg,1,763.0,107.0,0,train
game2,Clip8,../Dataset/game2/Clip8/0294.jpg,../Dataset/game2/Clip8/Label.csv,0294.jpg,1,766.0,96.0,0,train
game2,Clip8,../Dataset/game2/Clip8/0295.jpg,../Dataset/game2/Clip8/Label.csv,0295.jpg,1,767.0,87.0,0,train
game2,Clip8,../Dataset/game2/Clip8/0296.jpg,../Dataset/game2/Clip8/Label.csv,0296.jpg,1,770.0,79.0,0,train
game2,Clip8,../Dataset/game2/Clip8/0297.jpg,../Dataset/game2/Clip8/Label.csv,0297.jpg,1,772.0,72.0,0,train
game2,Clip8,../Dataset/game2/Clip8/0298.jpg,../Dataset/game2/Clip8/Label.csv,0298.jpg,1,770.0,71.0,1,train
game2,Clip8,../Dataset/game2/Clip8/0299.jpg,../Dataset/game2/Clip8/Label.csv,0299.jpg,1,757.0,75.0,0,train
game2,Clip8,../Dataset/game2/Clip8/0300.jpg,../Dataset/game2/Clip8/Label.csv,0300.jpg,1,745.0,81.0,0,train
game2,Clip8,../Dataset/game2/Clip8/0301.jpg,../Dataset/game2/Clip8/Label.csv,0301.jpg,1,730.0,90.0,0,train
game2,Clip8,../Dataset/game2/Clip8/0302.jpg,../Dataset/game2/Clip8/Label.csv,0302.jpg,1,715.0,97.0,0,train
game2,Clip8,../Dataset/game2/Clip8/0303.jpg,../Dataset/game2/Clip8/Label.csv,0303.jpg,1,702.0,110.0,0,train
game2,Clip8,../Dataset/game2/Clip8/0304.jpg,../Dataset/game2/Clip8/Label.csv,0304.jpg,1,689.0,123.0,0,train
game2,Clip8,../Dataset/game2/Clip8/0305.jpg,../Dataset/game2/Clip8/Label.csv,0305.jpg,1,674.0,133.0,0,train
game2,Clip8,../Dataset/game2/Clip8/0306.jpg,../Dataset/game2/Clip8/Label.csv,0306.jpg,1,660.0,149.0,0,train
game2,Clip8,../Dataset/game2/Clip8/0307.jpg,../Dataset/game2/Clip8/Label.csv,0307.jpg,1,645.0,162.0,0,train
game2,Clip8,../Dataset/game2/Clip8/0308.jpg,../Dataset/game2/Clip8/Label.csv,0308.jpg,1,630.0,177.0,0,train
game2,Clip8,../Dataset/game2/Clip8/0309.jpg,../Dataset/game2/Clip8/Label.csv,0309.jpg,1,615.0,195.0,0,train
game2,Clip8,../Dataset/game2/Clip8/0310.jpg,../Dataset/game2/Clip8/Label.csv,0310.jpg,1,601.0,214.0,0,train
game2,Clip8,../Dataset/game2/Clip8/0311.jpg,../Dataset/game2/Clip8/Label.csv,0311.jpg,1,585.0,233.0,0,train
game2,Clip8,../Dataset/game2/Clip8/0312.jpg,../Dataset/game2/Clip8/Label.csv,0312.jpg,1,566.0,260.0,0,train
game2,Clip8,../Dataset/game2/Clip8/0313.jpg,../Dataset/game2/Clip8/Label.csv,0313.jpg,2,552.0,284.0,0,train
game2,Clip8,../Dataset/game2/Clip8/0314.jpg,../Dataset/game2/Clip8/Label.csv,0314.jpg,1,537.0,307.0,0,train
game2,Clip8,../Dataset/game2/Clip8/0315.jpg,../Dataset/game2/Clip8/Label.csv,0315.jpg,1,517.0,334.0,0,train
game2,Clip8,../Dataset/game2/Clip8/0316.jpg,../Dataset/game2/Clip8/Label.csv,0316.jpg,1,500.0,363.0,0,train
game2,Clip8,../Dataset/game2/Clip8/0317.jpg,../Dataset/game2/Clip8/Label.csv,0317.jpg,1,486.0,392.0,0,train
game2,Clip8,../Dataset/game2/Clip8/0318.jpg,../Dataset/game2/Clip8/Label.csv,0318.jpg,1,474.0,403.0,2,train
game2,Clip8,../Dataset/game2/Clip8/0319.jpg,../Dataset/game2/Clip8/Label.csv,0319.jpg,1,457.0,404.0,0,train
game2,Clip8,../Dataset/game2/Clip8/0320.jpg,../Dataset/game2/Clip8/Label.csv,0320.jpg,1,445.0,409.0,0,train
game2,Clip8,../Dataset/game2/Clip8/0321.jpg,../Dataset/game2/Clip8/Label.csv,0321.jpg,1,433.0,414.0,0,train
game2,Clip8,../Dataset/game2/Clip8/0322.jpg,../Dataset/game2/Clip8/Label.csv,0322.jpg,2,421.0,419.0,0,train
game2,Clip8,../Dataset/game2/Clip8/0323.jpg,../Dataset/game2/Clip8/Label.csv,0323.jpg,1,406.0,428.0,0,train
game2,Clip8,../Dataset/game2/Clip8/0324.jpg,../Dataset/game2/Clip8/Label.csv,0324.jpg,1,393.0,435.0,0,train
game2,Clip8,../Dataset/game2/Clip8/0325.jpg,../Dataset/game2/Clip8/Label.csv,0325.jpg,1,378.0,449.0,0,train
game2,Clip8,../Dataset/game2/Clip8/0326.jpg,../Dataset/game2/Clip8/Label.csv,0326.jpg,1,365.0,461.0,0,train
game2,Clip8,../Dataset/game2/Clip8/0327.jpg,../Dataset/game2/Clip8/Label.csv,0327.jpg,1,350.0,477.0,0,train
game2,Clip8,../Dataset/game2/Clip8/0328.jpg,../Dataset/game2/Clip8/Label.csv,0328.jpg,1,335.0,491.0,0,train
game2,Clip8,../Dataset/game2/Clip8/0329.jpg,../Dataset/game2/Clip8/Label.csv,0329.jpg,2,319.0,508.0,0,train
game2,Clip8,../Dataset/game2/Clip8/0330.jpg,../Dataset/game2/Clip8/Label.csv,0330.jpg,1,305.0,530.0,0,train
game2,Clip8,../Dataset/game2/Clip8/0331.jpg,../Dataset/game2/Clip8/Label.csv,0331.jpg,1,294.0,544.0,1,train
game2,Clip8,../Dataset/game2/Clip8/0332.jpg,../Dataset/game2/Clip8/Label.csv,0332.jpg,1,315.0,524.0,0,train
game2,Clip8,../Dataset/game2/Clip8/0333.jpg,../Dataset/game2/Clip8/Label.csv,0333.jpg,1,343.0,486.0,0,train
game2,Clip8,../Dataset/game2/Clip8/0334.jpg,../Dataset/game2/Clip8/Label.csv,0334.jpg,1,373.0,449.0,0,train
game2,Clip8,../Dataset/game2/Clip8/0335.jpg,../Dataset/game2/Clip8/Label.csv,0335.jpg,1,397.0,414.0,0,train
game2,Clip8,../Dataset/game2/Clip8/0336.jpg,../Dataset/game2/Clip8/Label.csv,0336.jpg,1,419.0,387.0,0,train
game2,Clip8,../Dataset/game2/Clip8/0337.jpg,../Dataset/game2/Clip8/Label.csv,0337.jpg,1,441.0,359.0,0,train
game2,Clip8,../Dataset/game2/Clip8/0338.jpg,../Dataset/game2/Clip8/Label.csv,0338.jpg,1,461.0,337.0,0,train
game2,Clip8,../Dataset/game2/Clip8/0339.jpg,../Dataset/game2/Clip8/Label.csv,0339.jpg,1,479.0,311.0,0,train
game2,Clip8,../Dataset/game2/Clip8/0340.jpg,../Dataset/game2/Clip8/Label.csv,0340.jpg,1,496.0,292.0,0,train
game2,Clip8,../Dataset/game2/Clip8/0341.jpg,../Dataset/game2/Clip8/Label.csv,0341.jpg,1,512.0,275.0,0,train
game2,Clip8,../Dataset/game2/Clip8/0342.jpg,../Dataset/game2/Clip8/Label.csv,0342.jpg,1,529.0,257.0,0,train
game2,Clip8,../Dataset/game2/Clip8/0343.jpg,../Dataset/game2/Clip8/Label.csv,0343.jpg,1,545.0,238.0,0,train
game2,Clip8,../Dataset/game2/Clip8/0344.jpg,../Dataset/game2/Clip8/Label.csv,0344.jpg,1,557.0,225.0,0,train
game2,Clip8,../Dataset/game2/Clip8/0345.jpg,../Dataset/game2/Clip8/Label.csv,0345.jpg,1,569.0,213.0,0,train
game2,Clip8,../Dataset/game2/Clip8/0346.jpg,../Dataset/game2/Clip8/Label.csv,0346.jpg,1,581.0,202.0,0,train
game2,Clip8,../Dataset/game2/Clip8/0347.jpg,../Dataset/game2/Clip8/Label.csv,0347.jpg,1,593.0,190.0,0,train
game2,Clip8,../Dataset/game2/Clip8/0348.jpg,../Dataset/game2/Clip8/Label.csv,0348.jpg,1,604.0,179.0,0,train
game2,Clip8,../Dataset/game2/Clip8/0349.jpg,../Dataset/game2/Clip8/Label.csv,0349.jpg,1,614.0,176.0,0,train
game2,Clip8,../Dataset/game2/Clip8/0350.jpg,../Dataset/game2/Clip8/Label.csv,0350.jpg,1,620.0,170.0,0,train
game2,Clip8,../Dataset/game2/Clip8/0351.jpg,../Dataset/game2/Clip8/Label.csv,0351.jpg,1,629.0,162.0,0,train
game2,Clip8,../Dataset/game2/Clip8/0352.jpg,../Dataset/game2/Clip8/Label.csv,0352.jpg,1,639.0,158.0,0,train
game2,Clip8,../Dataset/game2/Clip8/0353.jpg,../Dataset/game2/Clip8/Label.csv,0353.jpg,1,647.0,155.0,0,train
game2,Clip8,../Dataset/game2/Clip8/0354.jpg,../Dataset/game2/Clip8/Label.csv,0354.jpg,1,656.0,150.0,0,train
game2,Clip8,../Dataset/game2/Clip8/0355.jpg,../Dataset/game2/Clip8/Label.csv,0355.jpg,1,663.0,147.0,0,train
game2,Clip8,../Dataset/game2/Clip8/0356.jpg,../Dataset/game2/Clip8/Label.csv,0356.jpg,1,668.0,148.0,0,train
game2,Clip8,../Dataset/game2/Clip8/0357.jpg,../Dataset/game2/Clip8/Label.csv,0357.jpg,1,677.0,145.0,0,train
game2,Clip8,../Dataset/game2/Clip8/0358.jpg,../Dataset/game2/Clip8/Label.csv,0358.jpg,1,683.0,144.0,0,train
game2,Clip8,../Dataset/game2/Clip8/0359.jpg,../Dataset/game2/Clip8/Label.csv,0359.jpg,1,687.0,144.0,0,train
game2,Clip8,../Dataset/game2/Clip8/0360.jpg,../Dataset/game2/Clip8/Label.csv,0360.jpg,1,694.0,144.0,0,train
game2,Clip8,../Dataset/game2/Clip8/0361.jpg,../Dataset/game2/Clip8/Label.csv,0361.jpg,1,701.0,148.0,0,train
game2,Clip8,../Dataset/game2/Clip8/0362.jpg,../Dataset/game2/Clip8/Label.csv,0362.jpg,1,707.0,148.0,0,train
game2,Clip8,../Dataset/game2/Clip8/0363.jpg,../Dataset/game2/Clip8/Label.csv,0363.jpg,1,711.0,149.0,2,train
game2,Clip8,../Dataset/game2/Clip8/0364.jpg,../Dataset/game2/Clip8/Label.csv,0364.jpg,1,714.0,143.0,0,train
game2,Clip8,../Dataset/game2/Clip8/0365.jpg,../Dataset/game2/Clip8/Label.csv,0365.jpg,1,719.0,135.0,0,train
game2,Clip8,../Dataset/game2/Clip8/0366.jpg,../Dataset/game2/Clip8/Label.csv,0366.jpg,2,721.0,125.0,0,train
game2,Clip8,../Dataset/game2/Clip8/0367.jpg,../Dataset/game2/Clip8/Label.csv,0367.jpg,1,724.0,119.0,0,train
game2,Clip8,../Dataset/game2/Clip8/0368.jpg,../Dataset/game2/Clip8/Label.csv,0368.jpg,1,727.0,112.0,0,train
game2,Clip8,../Dataset/game2/Clip8/0369.jpg,../Dataset/game2/Clip8/Label.csv,0369.jpg,1,730.0,107.0,0,train
game2,Clip8,../Dataset/game2/Clip8/0370.jpg,../Dataset/game2/Clip8/Label.csv,0370.jpg,1,731.0,101.0,0,train
game2,Clip8,../Dataset/game2/Clip8/0371.jpg,../Dataset/game2/Clip8/Label.csv,0371.jpg,1,734.0,97.0,0,train
game2,Clip8,../Dataset/game2/Clip8/0372.jpg,../Dataset/game2/Clip8/Label.csv,0372.jpg,1,738.0,94.0,0,train
game2,Clip8,../Dataset/game2/Clip8/0373.jpg,../Dataset/game2/Clip8/Label.csv,0373.jpg,1,740.0,91.0,0,train
game2,Clip8,../Dataset/game2/Clip8/0374.jpg,../Dataset/game2/Clip8/Label.csv,0374.jpg,1,742.0,91.0,1,train
game2,Clip8,../Dataset/game2/Clip8/0375.jpg,../Dataset/game2/Clip8/Label.csv,0375.jpg,1,726.0,93.0,0,train
game2,Clip8,../Dataset/game2/Clip8/0376.jpg,../Dataset/game2/Clip8/Label.csv,0376.jpg,1,711.0,98.0,0,train
game2,Clip8,../Dataset/game2/Clip8/0377.jpg,../Dataset/game2/Clip8/Label.csv,0377.jpg,1,697.0,103.0,0,train
game2,Clip8,../Dataset/game2/Clip8/0378.jpg,../Dataset/game2/Clip8/Label.csv,0378.jpg,1,683.0,112.0,0,train
game2,Clip8,../Dataset/game2/Clip8/0379.jpg,../Dataset/game2/Clip8/Label.csv,0379.jpg,1,671.0,121.0,0,train
game2,Clip8,../Dataset/game2/Clip8/0380.jpg,../Dataset/game2/Clip8/Label.csv,0380.jpg,2,659.0,131.0,0,train
game2,Clip8,../Dataset/game2/Clip8/0381.jpg,../Dataset/game2/Clip8/Label.csv,0381.jpg,1,644.0,144.0,0,train
game2,Clip8,../Dataset/game2/Clip8/0382.jpg,../Dataset/game2/Clip8/Label.csv,0382.jpg,1,631.0,155.0,0,train
game2,Clip8,../Dataset/game2/Clip8/0383.jpg,../Dataset/game2/Clip8/Label.csv,0383.jpg,1,618.0,171.0,0,train
game2,Clip8,../Dataset/game2/Clip8/0384.jpg,../Dataset/game2/Clip8/Label.csv,0384.jpg,1,605.0,188.0,0,train
game2,Clip8,../Dataset/game2/Clip8/0385.jpg,../Dataset/game2/Clip8/Label.csv,0385.jpg,1,591.0,208.0,0,train
game2,Clip8,../Dataset/game2/Clip8/0386.jpg,../Dataset/game2/Clip8/Label.csv,0386.jpg,1,580.0,226.0,0,train
game2,Clip8,../Dataset/game2/Clip8/0387.jpg,../Dataset/game2/Clip8/Label.csv,0387.jpg,1,568.0,249.0,0,train
game2,Clip8,../Dataset/game2/Clip8/0388.jpg,../Dataset/game2/Clip8/Label.csv,0388.jpg,1,554.0,274.0,0,train
game2,Clip8,../Dataset/game2/Clip8/0389.jpg,../Dataset/game2/Clip8/Label.csv,0389.jpg,1,540.0,301.0,0,train
game2,Clip8,../Dataset/game2/Clip8/0390.jpg,../Dataset/game2/Clip8/Label.csv,0390.jpg,1,526.0,329.0,0,train
game2,Clip8,../Dataset/game2/Clip8/0391.jpg,../Dataset/game2/Clip8/Label.csv,0391.jpg,1,512.0,360.0,0,train
game2,Clip8,../Dataset/game2/Clip8/0392.jpg,../Dataset/game2/Clip8/Label.csv,0392.jpg,1,498.0,393.0,0,train
game2,Clip8,../Dataset/game2/Clip8/0393.jpg,../Dataset/game2/Clip8/Label.csv,0393.jpg,1,483.0,432.0,0,train
game2,Clip8,../Dataset/game2/Clip8/0394.jpg,../Dataset/game2/Clip8/Label.csv,0394.jpg,1,474.0,451.0,2,train
game2,Clip8,../Dataset/game2/Clip8/0395.jpg,../Dataset/game2/Clip8/Label.csv,0395.jpg,1,462.0,453.0,0,train
game2,Clip8,../Dataset/game2/Clip8/0396.jpg,../Dataset/game2/Clip8/Label.csv,0396.jpg,1,450.0,455.0,0,train
game2,Clip8,../Dataset/game2/Clip8/0397.jpg,../Dataset/game2/Clip8/Label.csv,0397.jpg,1,436.0,457.0,0,train
game2,Clip8,../Dataset/game2/Clip8/0398.jpg,../Dataset/game2/Clip8/Label.csv,0398.jpg,1,423.0,465.0,0,train
game2,Clip8,../Dataset/game2/Clip8/0399.jpg,../Dataset/game2/Clip8/Label.csv,0399.jpg,1,413.0,474.0,0,train
game2,Clip8,../Dataset/game2/Clip8/0400.jpg,../Dataset/game2/Clip8/Label.csv,0400.jpg,1,400.0,480.0,0,train
game2,Clip8,../Dataset/game2/Clip8/0401.jpg,../Dataset/game2/Clip8/Label.csv,0401.jpg,1,387.0,492.0,0,train
game2,Clip8,../Dataset/game2/Clip8/0402.jpg,../Dataset/game2/Clip8/Label.csv,0402.jpg,1,373.0,503.0,0,train
game2,Clip8,../Dataset/game2/Clip8/0403.jpg,../Dataset/game2/Clip8/Label.csv,0403.jpg,1,360.0,521.0,0,train
game2,Clip8,../Dataset/game2/Clip8/0404.jpg,../Dataset/game2/Clip8/Label.csv,0404.jpg,1,351.0,536.0,0,train
game2,Clip8,../Dataset/game2/Clip8/0405.jpg,../Dataset/game2/Clip8/Label.csv,0405.jpg,1,335.0,554.0,0,train
game2,Clip8,../Dataset/game2/Clip8/0406.jpg,../Dataset/game2/Clip8/Label.csv,0406.jpg,1,340.0,532.0,1,train
game2,Clip8,../Dataset/game2/Clip8/0407.jpg,../Dataset/game2/Clip8/Label.csv,0407.jpg,1,359.0,475.0,0,train
game2,Clip8,../Dataset/game2/Clip8/0408.jpg,../Dataset/game2/Clip8/Label.csv,0408.jpg,1,374.0,422.0,0,train
game2,Clip8,../Dataset/game2/Clip8/0409.jpg,../Dataset/game2/Clip8/Label.csv,0409.jpg,1,387.0,380.0,0,train
game2,Clip8,../Dataset/game2/Clip8/0410.jpg,../Dataset/game2/Clip8/Label.csv,0410.jpg,1,401.0,346.0,0,train
game2,Clip8,../Dataset/game2/Clip8/0411.jpg,../Dataset/game2/Clip8/Label.csv,0411.jpg,1,412.0,311.0,0,train
game2,Clip8,../Dataset/game2/Clip8/0412.jpg,../Dataset/game2/Clip8/Label.csv,0412.jpg,1,421.0,283.0,0,train
game2,Clip8,../Dataset/game2/Clip8/0413.jpg,../Dataset/game2/Clip8/Label.csv,0413.jpg,1,433.0,255.0,0,train
game2,Clip8,../Dataset/game2/Clip8/0414.jpg,../Dataset/game2/Clip8/Label.csv,0414.jpg,2,439.0,235.0,0,train
game2,Clip8,../Dataset/game2/Clip8/0415.jpg,../Dataset/game2/Clip8/Label.csv,0415.jpg,1,446.0,217.0,0,train
game2,Clip8,../Dataset/game2/Clip8/0416.jpg,../Dataset/game2/Clip8/Label.csv,0416.jpg,1,453.0,202.0,0,train
game2,Clip8,../Dataset/game2/Clip8/0417.jpg,../Dataset/game2/Clip8/Label.csv,0417.jpg,1,456.0,190.0,0,train
game2,Clip8,../Dataset/game2/Clip8/0418.jpg,../Dataset/game2/Clip8/Label.csv,0418.jpg,1,464.0,175.0,0,train
game2,Clip8,../Dataset/game2/Clip8/0419.jpg,../Dataset/game2/Clip8/Label.csv,0419.jpg,1,466.0,165.0,0,train
game2,Clip8,../Dataset/game2/Clip8/0420.jpg,../Dataset/game2/Clip8/Label.csv,0420.jpg,1,473.0,159.0,0,train
game2,Clip8,../Dataset/game2/Clip8/0421.jpg,../Dataset/game2/Clip8/Label.csv,0421.jpg,1,476.0,151.0,0,train
game2,Clip8,../Dataset/game2/Clip8/0422.jpg,../Dataset/game2/Clip8/Label.csv,0422.jpg,1,480.0,145.0,0,train
game2,Clip8,../Dataset/game2/Clip8/0423.jpg,../Dataset/game2/Clip8/Label.csv,0423.jpg,1,485.0,141.0,0,train
game2,Clip8,../Dataset/game2/Clip8/0424.jpg,../Dataset/game2/Clip8/Label.csv,0424.jpg,1,485.0,138.0,0,train
game2,Clip8,../Dataset/game2/Clip8/0425.jpg,../Dataset/game2/Clip8/Label.csv,0425.jpg,1,489.0,133.0,0,train
game2,Clip8,../Dataset/game2/Clip8/0426.jpg,../Dataset/game2/Clip8/Label.csv,0426.jpg,1,492.0,135.0,0,train
game2,Clip8,../Dataset/game2/Clip8/0427.jpg,../Dataset/game2/Clip8/Label.csv,0427.jpg,1,492.0,135.0,0,train
game2,Clip8,../Dataset/game2/Clip8/0428.jpg,../Dataset/game2/Clip8/Label.csv,0428.jpg,1,496.0,133.0,2,train
game2,Clip8,../Dataset/game2/Clip8/0429.jpg,../Dataset/game2/Clip8/Label.csv,0429.jpg,1,499.0,116.0,0,train
game2,Clip8,../Dataset/game2/Clip8/0430.jpg,../Dataset/game2/Clip8/Label.csv,0430.jpg,1,499.0,100.0,0,train
game2,Clip8,../Dataset/game2/Clip8/0431.jpg,../Dataset/game2/Clip8/Label.csv,0431.jpg,1,501.0,90.0,0,train
game2,Clip8,../Dataset/game2/Clip8/0432.jpg,../Dataset/game2/Clip8/Label.csv,0432.jpg,1,502.0,79.0,0,train
game2,Clip8,../Dataset/game2/Clip8/0433.jpg,../Dataset/game2/Clip8/Label.csv,0433.jpg,1,504.0,68.0,0,train
game2,Clip8,../Dataset/game2/Clip8/0434.jpg,../Dataset/game2/Clip8/Label.csv,0434.jpg,1,505.0,60.0,0,train
game2,Clip8,../Dataset/game2/Clip8/0435.jpg,../Dataset/game2/Clip8/Label.csv,0435.jpg,1,510.0,56.0,1,train
game2,Clip8,../Dataset/game2/Clip8/0436.jpg,../Dataset/game2/Clip8/Label.csv,0436.jpg,1,520.0,65.0,0,train
game2,Clip8,../Dataset/game2/Clip8/0437.jpg,../Dataset/game2/Clip8/Label.csv,0437.jpg,1,531.0,75.0,0,train
game2,Clip8,../Dataset/game2/Clip8/0438.jpg,../Dataset/game2/Clip8/Label.csv,0438.jpg,2,544.0,85.0,0,train
game2,Clip8,../Dataset/game2/Clip8/0439.jpg,../Dataset/game2/Clip8/Label.csv,0439.jpg,1,554.0,96.0,0,train
game2,Clip8,../Dataset/game2/Clip8/0440.jpg,../Dataset/game2/Clip8/Label.csv,0440.jpg,1,568.0,109.0,0,train
game2,Clip8,../Dataset/game2/Clip8/0441.jpg,../Dataset/game2/Clip8/Label.csv,0441.jpg,2,580.0,126.0,0,train
game2,Clip8,../Dataset/game2/Clip8/0442.jpg,../Dataset/game2/Clip8/Label.csv,0442.jpg,1,591.0,140.0,0,train
game2,Clip8,../Dataset/game2/Clip8/0443.jpg,../Dataset/game2/Clip8/Label.csv,0443.jpg,1,602.0,156.0,0,train
game2,Clip8,../Dataset/game2/Clip8/0444.jpg,../Dataset/game2/Clip8/Label.csv,0444.jpg,1,616.0,177.0,0,train
game2,Clip8,../Dataset/game2/Clip8/0445.jpg,../Dataset/game2/Clip8/Label.csv,0445.jpg,1,630.0,196.0,0,train
game2,Clip8,../Dataset/game2/Clip8/0446.jpg,../Dataset/game2/Clip8/Label.csv,0446.jpg,2,642.0,220.0,0,train
game2,Clip8,../Dataset/game2/Clip8/0447.jpg,../Dataset/game2/Clip8/Label.csv,0447.jpg,1,659.0,242.0,0,train
game2,Clip8,../Dataset/game2/Clip8/0448.jpg,../Dataset/game2/Clip8/Label.csv,0448.jpg,1,674.0,266.0,0,train
game2,Clip8,../Dataset/game2/Clip8/0449.jpg,../Dataset/game2/Clip8/Label.csv,0449.jpg,1,685.0,293.0,0,train
game2,Clip8,../Dataset/game2/Clip8/0450.jpg,../Dataset/game2/Clip8/Label.csv,0450.jpg,1,702.0,325.0,0,train
game2,Clip8,../Dataset/game2/Clip8/0451.jpg,../Dataset/game2/Clip8/Label.csv,0451.jpg,1,715.0,353.0,0,train
game2,Clip8,../Dataset/game2/Clip8/0452.jpg,../Dataset/game2/Clip8/Label.csv,0452.jpg,1,733.0,388.0,0,train
game2,Clip8,../Dataset/game2/Clip8/0453.jpg,../Dataset/game2/Clip8/Label.csv,0453.jpg,2,749.0,425.0,0,train
game2,Clip8,../Dataset/game2/Clip8/0454.jpg,../Dataset/game2/Clip8/Label.csv,0454.jpg,1,760.0,427.0,2,train
game2,Clip8,../Dataset/game2/Clip8/0455.jpg,../Dataset/game2/Clip8/Label.csv,0455.jpg,1,771.0,433.0,0,train
game2,Clip8,../Dataset/game2/Clip8/0456.jpg,../Dataset/game2/Clip8/Label.csv,0456.jpg,1,787.0,437.0,0,train
game2,Clip8,../Dataset/game2/Clip8/0457.jpg,../Dataset/game2/Clip8/Label.csv,0457.jpg,1,796.0,443.0,0,train
game2,Clip8,../Dataset/game2/Clip8/0458.jpg,../Dataset/game2/Clip8/Label.csv,0458.jpg,1,810.0,451.0,0,train
game2,Clip8,../Dataset/game2/Clip8/0459.jpg,../Dataset/game2/Clip8/Label.csv,0459.jpg,1,818.0,461.0,0,train
game2,Clip8,../Dataset/game2/Clip8/0460.jpg,../Dataset/game2/Clip8/Label.csv,0460.jpg,1,831.0,475.0,0,train
game2,Clip8,../Dataset/game2/Clip8/0461.jpg,../Dataset/game2/Clip8/Label.csv,0461.jpg,1,847.0,487.0,0,train
game2,Clip8,../Dataset/game2/Clip8/0462.jpg,../Dataset/game2/Clip8/Label.csv,0462.jpg,1,858.0,504.0,0,train
game2,Clip8,../Dataset/game2/Clip8/0463.jpg,../Dataset/game2/Clip8/Label.csv,0463.jpg,1,873.0,523.0,0,train
game2,Clip8,../Dataset/game2/Clip8/0464.jpg,../Dataset/game2/Clip8/Label.csv,0464.jpg,1,861.0,496.0,1,train
game2,Clip8,../Dataset/game2/Clip8/0465.jpg,../Dataset/game2/Clip8/Label.csv,0465.jpg,1,831.0,445.0,0,train
game2,Clip8,../Dataset/game2/Clip8/0466.jpg,../Dataset/game2/Clip8/Label.csv,0466.jpg,1,807.0,400.0,0,train
game2,Clip8,../Dataset/game2/Clip8/0467.jpg,../Dataset/game2/Clip8/Label.csv,0467.jpg,1,785.0,361.0,0,train
game2,Clip8,../Dataset/game2/Clip8/0468.jpg,../Dataset/game2/Clip8/Label.csv,0468.jpg,1,766.0,327.0,0,train
game2,Clip8,../Dataset/game2/Clip8/0469.jpg,../Dataset/game2/Clip8/Label.csv,0469.jpg,1,748.0,301.0,0,train
game2,Clip8,../Dataset/game2/Clip8/0470.jpg,../Dataset/game2/Clip8/Label.csv,0470.jpg,2,733.0,278.0,0,train
game2,Clip8,../Dataset/game2/Clip8/0471.jpg,../Dataset/game2/Clip8/Label.csv,0471.jpg,1,715.0,253.0,0,train
game2,Clip8,../Dataset/game2/Clip8/0472.jpg,../Dataset/game2/Clip8/Label.csv,0472.jpg,2,702.0,238.0,0,train
game2,Clip8,../Dataset/game2/Clip8/0473.jpg,../Dataset/game2/Clip8/Label.csv,0473.jpg,1,687.0,218.0,0,train
game2,Clip8,../Dataset/game2/Clip8/0474.jpg,../Dataset/game2/Clip8/Label.csv,0474.jpg,1,675.0,205.0,0,train
game2,Clip8,../Dataset/game2/Clip8/0475.jpg,../Dataset/game2/Clip8/Label.csv,0475.jpg,1,660.0,191.0,0,train
game2,Clip8,../Dataset/game2/Clip8/0476.jpg,../Dataset/game2/Clip8/Label.csv,0476.jpg,1,652.0,184.0,0,train
game2,Clip8,../Dataset/game2/Clip8/0477.jpg,../Dataset/game2/Clip8/Label.csv,0477.jpg,1,644.0,178.0,0,train
game2,Clip8,../Dataset/game2/Clip8/0478.jpg,../Dataset/game2/Clip8/Label.csv,0478.jpg,1,636.0,173.0,0,train
game2,Clip8,../Dataset/game2/Clip8/0479.jpg,../Dataset/game2/Clip8/Label.csv,0479.jpg,1,627.0,166.0,0,train
game2,Clip8,../Dataset/game2/Clip8/0480.jpg,../Dataset/game2/Clip8/Label.csv,0480.jpg,1,616.0,163.0,0,train
game2,Clip8,../Dataset/game2/Clip8/0481.jpg,../Dataset/game2/Clip8/Label.csv,0481.jpg,1,608.0,160.0,0,train
game2,Clip8,../Dataset/game2/Clip8/0482.jpg,../Dataset/game2/Clip8/Label.csv,0482.jpg,1,598.0,159.0,2,train
game2,Clip8,../Dataset/game2/Clip8/0483.jpg,../Dataset/game2/Clip8/Label.csv,0483.jpg,1,594.0,156.0,0,train
game2,Clip8,../Dataset/game2/Clip8/0484.jpg,../Dataset/game2/Clip8/Label.csv,0484.jpg,1,590.0,140.0,0,train
game2,Clip8,../Dataset/game2/Clip8/0485.jpg,../Dataset/game2/Clip8/Label.csv,0485.jpg,2,584.0,127.0,0,train
game2,Clip8,../Dataset/game2/Clip8/0486.jpg,../Dataset/game2/Clip8/Label.csv,0486.jpg,1,579.0,113.0,0,train
game2,Clip8,../Dataset/game2/Clip8/0487.jpg,../Dataset/game2/Clip8/Label.csv,0487.jpg,1,574.0,105.0,0,train
game2,Clip8,../Dataset/game2/Clip8/0488.jpg,../Dataset/game2/Clip8/Label.csv,0488.jpg,1,570.0,95.0,0,train
game2,Clip8,../Dataset/game2/Clip8/0489.jpg,../Dataset/game2/Clip8/Label.csv,0489.jpg,1,564.0,85.0,0,train
game2,Clip8,../Dataset/game2/Clip8/0490.jpg,../Dataset/game2/Clip8/Label.csv,0490.jpg,1,561.0,80.0,0,train
game2,Clip8,../Dataset/game2/Clip8/0491.jpg,../Dataset/game2/Clip8/Label.csv,0491.jpg,1,554.0,75.0,0,train
game2,Clip8,../Dataset/game2/Clip8/0492.jpg,../Dataset/game2/Clip8/Label.csv,0492.jpg,1,554.0,70.0,0,train
game2,Clip8,../Dataset/game2/Clip8/0493.jpg,../Dataset/game2/Clip8/Label.csv,0493.jpg,1,548.0,67.0,0,train
game2,Clip8,../Dataset/game2/Clip8/0494.jpg,../Dataset/game2/Clip8/Label.csv,0494.jpg,1,550.0,66.0,1,train
game2,Clip8,../Dataset/game2/Clip8/0495.jpg,../Dataset/game2/Clip8/Label.csv,0495.jpg,1,551.0,66.0,0,train
game2,Clip8,../Dataset/game2/Clip8/0496.jpg,../Dataset/game2/Clip8/Label.csv,0496.jpg,1,550.0,66.0,0,train
game2,Clip8,../Dataset/game2/Clip8/0497.jpg,../Dataset/game2/Clip8/Label.csv,0497.jpg,1,550.0,68.0,0,train
game2,Clip8,../Dataset/game2/Clip8/0498.jpg,../Dataset/game2/Clip8/Label.csv,0498.jpg,1,552.0,72.0,0,train
game2,Clip8,../Dataset/game2/Clip8/0499.jpg,../Dataset/game2/Clip8/Label.csv,0499.jpg,1,552.0,80.0,0,train
game2,Clip8,../Dataset/game2/Clip8/0500.jpg,../Dataset/game2/Clip8/Label.csv,0500.jpg,1,552.0,89.0,0,train
game2,Clip8,../Dataset/game2/Clip8/0501.jpg,../Dataset/game2/Clip8/Label.csv,0501.jpg,1,554.0,98.0,0,train
game2,Clip8,../Dataset/game2/Clip8/0502.jpg,../Dataset/game2/Clip8/Label.csv,0502.jpg,1,555.0,107.0,0,train
game2,Clip8,../Dataset/game2/Clip8/0503.jpg,../Dataset/game2/Clip8/Label.csv,0503.jpg,1,554.0,119.0,0,train
game2,Clip8,../Dataset/game2/Clip8/0504.jpg,../Dataset/game2/Clip8/Label.csv,0504.jpg,1,555.0,133.0,0,train
game2,Clip8,../Dataset/game2/Clip8/0505.jpg,../Dataset/game2/Clip8/Label.csv,0505.jpg,1,554.0,150.0,0,train
game2,Clip8,../Dataset/game2/Clip8/0506.jpg,../Dataset/game2/Clip8/Label.csv,0506.jpg,1,554.0,168.0,0,train
game2,Clip8,../Dataset/game2/Clip8/0507.jpg,../Dataset/game2/Clip8/Label.csv,0507.jpg,1,552.0,190.0,0,train
game2,Clip8,../Dataset/game2/Clip8/0508.jpg,../Dataset/game2/Clip8/Label.csv,0508.jpg,1,552.0,210.0,0,train
game2,Clip8,../Dataset/game2/Clip8/0509.jpg,../Dataset/game2/Clip8/Label.csv,0509.jpg,1,554.0,233.0,0,train
game2,Clip8,../Dataset/game2/Clip8/0510.jpg,../Dataset/game2/Clip8/Label.csv,0510.jpg,1,552.0,258.0,0,train
game2,Clip8,../Dataset/game2/Clip8/0511.jpg,../Dataset/game2/Clip8/Label.csv,0511.jpg,2,554.0,286.0,0,train
game2,Clip8,../Dataset/game2/Clip8/0512.jpg,../Dataset/game2/Clip8/Label.csv,0512.jpg,1,552.0,317.0,0,train
game2,Clip8,../Dataset/game2/Clip8/0513.jpg,../Dataset/game2/Clip8/Label.csv,0513.jpg,1,551.0,347.0,0,train
game2,Clip8,../Dataset/game2/Clip8/0514.jpg,../Dataset/game2/Clip8/Label.csv,0514.jpg,1,550.0,379.0,0,train
game2,Clip8,../Dataset/game2/Clip8/0515.jpg,../Dataset/game2/Clip8/Label.csv,0515.jpg,1,550.0,419.0,0,train
game2,Clip8,../Dataset/game2/Clip8/0516.jpg,../Dataset/game2/Clip8/Label.csv,0516.jpg,1,551.0,454.0,0,train
game2,Clip8,../Dataset/game2/Clip8/0517.jpg,../Dataset/game2/Clip8/Label.csv,0517.jpg,1,550.0,493.0,0,train
game2,Clip8,../Dataset/game2/Clip8/0518.jpg,../Dataset/game2/Clip8/Label.csv,0518.jpg,1,549.0,492.0,0,train
game2,Clip8,../Dataset/game2/Clip8/0519.jpg,../Dataset/game2/Clip8/Label.csv,0519.jpg,1,549.0,490.0,0,train
game2,Clip8,../Dataset/game2/Clip8/0520.jpg,../Dataset/game2/Clip8/Label.csv,0520.jpg,1,550.0,490.0,2,train
game2,Clip8,../Dataset/game2/Clip8/0521.jpg,../Dataset/game2/Clip8/Label.csv,0521.jpg,1,551.0,489.0,0,train
game2,Clip8,../Dataset/game2/Clip8/0522.jpg,../Dataset/game2/Clip8/Label.csv,0522.jpg,1,552.0,493.0,0,train
game2,Clip8,../Dataset/game2/Clip8/0523.jpg,../Dataset/game2/Clip8/Label.csv,0523.jpg,1,551.0,500.0,0,train
game2,Clip8,../Dataset/game2/Clip8/0524.jpg,../Dataset/game2/Clip8/Label.csv,0524.jpg,1,551.0,503.0,0,train
game2,Clip8,../Dataset/game2/Clip8/0525.jpg,../Dataset/game2/Clip8/Label.csv,0525.jpg,1,552.0,510.0,1,train
game2,Clip8,../Dataset/game2/Clip8/0526.jpg,../Dataset/game2/Clip8/Label.csv,0526.jpg,1,554.0,469.0,0,train
game2,Clip8,../Dataset/game2/Clip8/0527.jpg,../Dataset/game2/Clip8/Label.csv,0527.jpg,1,557.0,419.0,0,train
game2,Clip8,../Dataset/game2/Clip8/0528.jpg,../Dataset/game2/Clip8/Label.csv,0528.jpg,1,556.0,384.0,0,train
game2,Clip8,../Dataset/game2/Clip8/0529.jpg,../Dataset/game2/Clip8/Label.csv,0529.jpg,1,558.0,346.0,0,train
game2,Clip8,../Dataset/game2/Clip8/0530.jpg,../Dataset/game2/Clip8/Label.csv,0530.jpg,1,558.0,317.0,0,train
game2,Clip8,../Dataset/game2/Clip8/0531.jpg,../Dataset/game2/Clip8/Label.csv,0531.jpg,1,560.0,292.0,0,train
game2,Clip8,../Dataset/game2/Clip8/0532.jpg,../Dataset/game2/Clip8/Label.csv,0532.jpg,2,558.0,271.0,0,train
game2,Clip8,../Dataset/game2/Clip8/0533.jpg,../Dataset/game2/Clip8/Label.csv,0533.jpg,1,561.0,249.0,0,train
game2,Clip8,../Dataset/game2/Clip8/0534.jpg,../Dataset/game2/Clip8/Label.csv,0534.jpg,2,561.0,236.0,0,train
game2,Clip8,../Dataset/game2/Clip8/0535.jpg,../Dataset/game2/Clip8/Label.csv,0535.jpg,1,559.0,219.0,0,train
game2,Clip8,../Dataset/game2/Clip8/0536.jpg,../Dataset/game2/Clip8/Label.csv,0536.jpg,1,559.0,208.0,0,train
game2,Clip8,../Dataset/game2/Clip8/0537.jpg,../Dataset/game2/Clip8/Label.csv,0537.jpg,1,557.0,200.0,0,train
game2,Clip8,../Dataset/game2/Clip8/0538.jpg,../Dataset/game2/Clip8/Label.csv,0538.jpg,2,557.0,193.0,0,train
game2,Clip8,../Dataset/game2/Clip8/0539.jpg,../Dataset/game2/Clip8/Label.csv,0539.jpg,1,555.0,182.0,0,train
game2,Clip8,../Dataset/game2/Clip8/0540.jpg,../Dataset/game2/Clip8/Label.csv,0540.jpg,1,554.0,177.0,0,train
game2,Clip8,../Dataset/game2/Clip8/0541.jpg,../Dataset/game2/Clip8/Label.csv,0541.jpg,1,555.0,175.0,0,train
game2,Clip8,../Dataset/game2/Clip8/0542.jpg,../Dataset/game2/Clip8/Label.csv,0542.jpg,1,555.0,172.0,0,train
game2,Clip8,../Dataset/game2/Clip8/0543.jpg,../Dataset/game2/Clip8/Label.csv,0543.jpg,1,554.0,170.0,0,train
game2,Clip8,../Dataset/game2/Clip8/0544.jpg,../Dataset/game2/Clip8/Label.csv,0544.jpg,1,550.0,170.0,2,train
game2,Clip8,../Dataset/game2/Clip8/0545.jpg,../Dataset/game2/Clip8/Label.csv,0545.jpg,1,551.0,152.0,0,train
game2,Clip8,../Dataset/game2/Clip8/0546.jpg,../Dataset/game2/Clip8/Label.csv,0546.jpg,1,551.0,138.0,0,train
game2,Clip8,../Dataset/game2/Clip8/0547.jpg,../Dataset/game2/Clip8/Label.csv,0547.jpg,2,551.0,124.0,0,train
game2,Clip8,../Dataset/game2/Clip8/0548.jpg,../Dataset/game2/Clip8/Label.csv,0548.jpg,1,549.0,110.0,0,train
game2,Clip8,../Dataset/game2/Clip8/0549.jpg,../Dataset/game2/Clip8/Label.csv,0549.jpg,1,548.0,101.0,0,train
game2,Clip8,../Dataset/game2/Clip8/0550.jpg,../Dataset/game2/Clip8/Label.csv,0550.jpg,1,548.0,92.0,0,train
game2,Clip8,../Dataset/game2/Clip8/0551.jpg,../Dataset/game2/Clip8/Label.csv,0551.jpg,1,547.0,82.0,0,train
game2,Clip8,../Dataset/game2/Clip8/0552.jpg,../Dataset/game2/Clip8/Label.csv,0552.jpg,1,543.0,77.0,0,train
game2,Clip8,../Dataset/game2/Clip8/0553.jpg,../Dataset/game2/Clip8/Label.csv,0553.jpg,1,546.0,71.0,0,train
game2,Clip8,../Dataset/game2/Clip8/0554.jpg,../Dataset/game2/Clip8/Label.csv,0554.jpg,1,546.0,67.0,1,train
game2,Clip8,../Dataset/game2/Clip8/0555.jpg,../Dataset/game2/Clip8/Label.csv,0555.jpg,1,564.0,75.0,0,train
game2,Clip8,../Dataset/game2/Clip8/0556.jpg,../Dataset/game2/Clip8/Label.csv,0556.jpg,1,582.0,87.0,0,train
game2,Clip8,../Dataset/game2/Clip8/0557.jpg,../Dataset/game2/Clip8/Label.csv,0557.jpg,2,597.0,96.0,0,train
game2,Clip8,../Dataset/game2/Clip8/0558.jpg,../Dataset/game2/Clip8/Label.csv,0558.jpg,1,612.0,108.0,0,train
game2,Clip8,../Dataset/game2/Clip8/0559.jpg,../Dataset/game2/Clip8/Label.csv,0559.jpg,1,629.0,121.0,0,train
game2,Clip8,../Dataset/game2/Clip8/0560.jpg,../Dataset/game2/Clip8/Label.csv,0560.jpg,1,647.0,138.0,0,train
game2,Clip8,../Dataset/game2/Clip8/0561.jpg,../Dataset/game2/Clip8/Label.csv,0561.jpg,1,663.0,156.0,0,train
game2,Clip8,../Dataset/game2/Clip8/0562.jpg,../Dataset/game2/Clip8/Label.csv,0562.jpg,1,680.0,175.0,0,train
game2,Clip8,../Dataset/game2/Clip8/0563.jpg,../Dataset/game2/Clip8/Label.csv,0563.jpg,1,700.0,197.0,0,train
game2,Clip8,../Dataset/game2/Clip8/0564.jpg,../Dataset/game2/Clip8/Label.csv,0564.jpg,1,717.0,220.0,0,train
game2,Clip8,../Dataset/game2/Clip8/0565.jpg,../Dataset/game2/Clip8/Label.csv,0565.jpg,1,735.0,245.0,0,train
game2,Clip8,../Dataset/game2/Clip8/0566.jpg,../Dataset/game2/Clip8/Label.csv,0566.jpg,1,755.0,274.0,0,train
game2,Clip8,../Dataset/game2/Clip8/0567.jpg,../Dataset/game2/Clip8/Label.csv,0567.jpg,1,775.0,303.0,0,train
game2,Clip8,../Dataset/game2/Clip8/0568.jpg,../Dataset/game2/Clip8/Label.csv,0568.jpg,1,798.0,337.0,0,train
game2,Clip8,../Dataset/game2/Clip8/0569.jpg,../Dataset/game2/Clip8/Label.csv,0569.jpg,1,821.0,373.0,0,train
game2,Clip8,../Dataset/game2/Clip8/0570.jpg,../Dataset/game2/Clip8/Label.csv,0570.jpg,1,838.0,408.0,0,train
game2,Clip8,../Dataset/game2/Clip8/0571.jpg,../Dataset/game2/Clip8/Label.csv,0571.jpg,1,863.0,451.0,2,train
game2,Clip8,../Dataset/game2/Clip8/0572.jpg,../Dataset/game2/Clip8/Label.csv,0572.jpg,1,878.0,461.0,0,train
game2,Clip8,../Dataset/game2/Clip8/0573.jpg,../Dataset/game2/Clip8/Label.csv,0573.jpg,1,891.0,461.0,0,train
game2,Clip8,../Dataset/game2/Clip8/0574.jpg,../Dataset/game2/Clip8/Label.csv,0574.jpg,1,910.0,466.0,0,train
game2,Clip8,../Dataset/game2/Clip8/0575.jpg,../Dataset/game2/Clip8/Label.csv,0575.jpg,1,927.0,472.0,0,train
game2,Clip8,../Dataset/game2/Clip8/0576.jpg,../Dataset/game2/Clip8/Label.csv,0576.jpg,1,941.0,476.0,0,train
game2,Clip8,../Dataset/game2/Clip8/0577.jpg,../Dataset/game2/Clip8/Label.csv,0577.jpg,2,953.0,485.0,0,train
game2,Clip8,../Dataset/game2/Clip8/0578.jpg,../Dataset/game2/Clip8/Label.csv,0578.jpg,1,974.0,496.0,0,train
game2,Clip8,../Dataset/game2/Clip8/0579.jpg,../Dataset/game2/Clip8/Label.csv,0579.jpg,1,992.0,510.0,0,train
game2,Clip8,../Dataset/game2/Clip8/0580.jpg,../Dataset/game2/Clip8/Label.csv,0580.jpg,1,1008.0,520.0,0,train
game2,Clip8,../Dataset/game2/Clip8/0581.jpg,../Dataset/game2/Clip8/Label.csv,0581.jpg,1,1027.0,538.0,0,train
game2,Clip8,../Dataset/game2/Clip8/0582.jpg,../Dataset/game2/Clip8/Label.csv,0582.jpg,1,1022.0,525.0,1,train
game2,Clip8,../Dataset/game2/Clip8/0583.jpg,../Dataset/game2/Clip8/Label.csv,0583.jpg,1,999.0,474.0,0,train
game2,Clip8,../Dataset/game2/Clip8/0584.jpg,../Dataset/game2/Clip8/Label.csv,0584.jpg,1,972.0,423.0,0,train
game2,Clip8,../Dataset/game2/Clip8/0585.jpg,../Dataset/game2/Clip8/Label.csv,0585.jpg,1,950.0,382.0,0,train
game2,Clip8,../Dataset/game2/Clip8/0586.jpg,../Dataset/game2/Clip8/Label.csv,0586.jpg,1,930.0,347.0,0,train
game2,Clip8,../Dataset/game2/Clip8/0587.jpg,../Dataset/game2/Clip8/Label.csv,0587.jpg,1,910.0,315.0,0,train
game2,Clip8,../Dataset/game2/Clip8/0588.jpg,../Dataset/game2/Clip8/Label.csv,0588.jpg,1,889.0,284.0,0,train
game2,Clip8,../Dataset/game2/Clip8/0589.jpg,../Dataset/game2/Clip8/Label.csv,0589.jpg,2,880.0,263.0,0,train
game2,Clip8,../Dataset/game2/Clip8/0590.jpg,../Dataset/game2/Clip8/Label.csv,0590.jpg,1,863.0,241.0,0,train
game2,Clip8,../Dataset/game2/Clip8/0591.jpg,../Dataset/game2/Clip8/Label.csv,0591.jpg,1,847.0,221.0,0,train
game2,Clip8,../Dataset/game2/Clip8/0592.jpg,../Dataset/game2/Clip8/Label.csv,0592.jpg,1,835.0,207.0,0,train
game2,Clip8,../Dataset/game2/Clip8/0593.jpg,../Dataset/game2/Clip8/Label.csv,0593.jpg,1,825.0,190.0,0,train
game2,Clip8,../Dataset/game2/Clip8/0594.jpg,../Dataset/game2/Clip8/Label.csv,0594.jpg,1,815.0,178.0,0,train
game2,Clip8,../Dataset/game2/Clip8/0595.jpg,../Dataset/game2/Clip8/Label.csv,0595.jpg,1,805.0,171.0,0,train
game2,Clip8,../Dataset/game2/Clip8/0596.jpg,../Dataset/game2/Clip8/Label.csv,0596.jpg,1,798.0,162.0,0,train
game2,Clip8,../Dataset/game2/Clip8/0597.jpg,../Dataset/game2/Clip8/Label.csv,0597.jpg,1,789.0,156.0,0,train
game2,Clip8,../Dataset/game2/Clip8/0598.jpg,../Dataset/game2/Clip8/Label.csv,0598.jpg,1,778.0,150.0,0,train
game2,Clip8,../Dataset/game2/Clip8/0599.jpg,../Dataset/game2/Clip8/Label.csv,0599.jpg,1,770.0,149.0,0,train
game2,Clip8,../Dataset/game2/Clip8/0600.jpg,../Dataset/game2/Clip8/Label.csv,0600.jpg,1,763.0,144.0,0,train
game2,Clip8,../Dataset/game2/Clip8/0601.jpg,../Dataset/game2/Clip8/Label.csv,0601.jpg,1,757.0,144.0,0,train
game2,Clip8,../Dataset/game2/Clip8/0602.jpg,../Dataset/game2/Clip8/Label.csv,0602.jpg,1,750.0,144.0,0,train
game2,Clip8,../Dataset/game2/Clip8/0603.jpg,../Dataset/game2/Clip8/Label.csv,0603.jpg,1,743.0,144.0,0,train
game2,Clip8,../Dataset/game2/Clip8/0604.jpg,../Dataset/game2/Clip8/Label.csv,0604.jpg,1,738.0,145.0,0,train
game2,Clip8,../Dataset/game2/Clip8/0605.jpg,../Dataset/game2/Clip8/Label.csv,0605.jpg,1,732.0,148.0,0,train
game2,Clip8,../Dataset/game2/Clip8/0606.jpg,../Dataset/game2/Clip8/Label.csv,0606.jpg,1,729.0,151.0,0,train
game2,Clip8,../Dataset/game2/Clip8/0607.jpg,../Dataset/game2/Clip8/Label.csv,0607.jpg,1,723.0,156.0,2,train
game2,Clip8,../Dataset/game2/Clip8/0608.jpg,../Dataset/game2/Clip8/Label.csv,0608.jpg,1,719.0,147.0,0,train
game2,Clip8,../Dataset/game2/Clip8/0609.jpg,../Dataset/game2/Clip8/Label.csv,0609.jpg,1,715.0,130.0,0,train
game2,Clip8,../Dataset/game2/Clip8/0610.jpg,../Dataset/game2/Clip8/Label.csv,0610.jpg,1,713.0,119.0,0,train
game2,Clip8,../Dataset/game2/Clip8/0611.jpg,../Dataset/game2/Clip8/Label.csv,0611.jpg,1,709.0,106.0,0,train
game2,Clip8,../Dataset/game2/Clip8/0612.jpg,../Dataset/game2/Clip8/Label.csv,0612.jpg,1,705.0,94.0,0,train
game2,Clip8,../Dataset/game2/Clip8/0613.jpg,../Dataset/game2/Clip8/Label.csv,0613.jpg,1,702.0,83.0,0,train
game2,Clip8,../Dataset/game2/Clip8/0614.jpg,../Dataset/game2/Clip8/Label.csv,0614.jpg,1,699.0,78.0,0,train
game2,Clip8,../Dataset/game2/Clip8/0615.jpg,../Dataset/game2/Clip8/Label.csv,0615.jpg,1,696.0,71.0,0,train
game2,Clip8,../Dataset/game2/Clip8/0616.jpg,../Dataset/game2/Clip8/Label.csv,0616.jpg,1,694.0,62.0,0,train
game2,Clip8,../Dataset/game2/Clip8/0617.jpg,../Dataset/game2/Clip8/Label.csv,0617.jpg,1,691.0,59.0,0,train
game2,Clip8,../Dataset/game2/Clip8/0618.jpg,../Dataset/game2/Clip8/Label.csv,0618.jpg,1,689.0,54.0,0,train
game2,Clip8,../Dataset/game2/Clip8/0619.jpg,../Dataset/game2/Clip8/Label.csv,0619.jpg,1,685.0,51.0,1,train
game2,Clip8,../Dataset/game2/Clip8/0620.jpg,../Dataset/game2/Clip8/Label.csv,0620.jpg,1,673.0,63.0,0,train
game2,Clip8,../Dataset/game2/Clip8/0621.jpg,../Dataset/game2/Clip8/Label.csv,0621.jpg,1,666.0,75.0,0,train
game2,Clip8,../Dataset/game2/Clip8/0622.jpg,../Dataset/game2/Clip8/Label.csv,0622.jpg,1,653.0,86.0,0,train
game2,Clip8,../Dataset/game2/Clip8/0623.jpg,../Dataset/game2/Clip8/Label.csv,0623.jpg,1,642.0,105.0,0,train
game2,Clip8,../Dataset/game2/Clip8/0624.jpg,../Dataset/game2/Clip8/Label.csv,0624.jpg,1,630.0,119.0,0,train
game2,Clip8,../Dataset/game2/Clip8/0625.jpg,../Dataset/game2/Clip8/Label.csv,0625.jpg,1,618.0,140.0,0,train
game2,Clip8,../Dataset/game2/Clip8/0626.jpg,../Dataset/game2/Clip8/Label.csv,0626.jpg,1,604.0,155.0,0,train
game2,Clip8,../Dataset/game2/Clip8/0627.jpg,../Dataset/game2/Clip8/Label.csv,0627.jpg,1,591.0,179.0,0,train
game2,Clip8,../Dataset/game2/Clip8/0628.jpg,../Dataset/game2/Clip8/Label.csv,0628.jpg,1,574.0,202.0,0,train
game2,Clip8,../Dataset/game2/Clip8/0629.jpg,../Dataset/game2/Clip8/Label.csv,0629.jpg,1,559.0,224.0,0,train
game2,Clip8,../Dataset/game2/Clip8/0630.jpg,../Dataset/game2/Clip8/Label.csv,0630.jpg,1,544.0,253.0,0,train
game2,Clip8,../Dataset/game2/Clip8/0631.jpg,../Dataset/game2/Clip8/Label.csv,0631.jpg,1,528.0,283.0,0,train
game2,Clip8,../Dataset/game2/Clip8/0632.jpg,../Dataset/game2/Clip8/Label.csv,0632.jpg,1,510.0,314.0,0,train
game2,Clip8,../Dataset/game2/Clip8/0633.jpg,../Dataset/game2/Clip8/Label.csv,0633.jpg,1,492.0,347.0,0,train
game2,Clip8,../Dataset/game2/Clip8/0634.jpg,../Dataset/game2/Clip8/Label.csv,0634.jpg,1,474.0,382.0,0,train
game2,Clip8,../Dataset/game2/Clip8/0635.jpg,../Dataset/game2/Clip8/Label.csv,0635.jpg,1,451.0,421.0,0,train
game2,Clip8,../Dataset/game2/Clip8/0636.jpg,../Dataset/game2/Clip8/Label.csv,0636.jpg,1,429.0,464.0,0,train
game2,Clip8,../Dataset/game2/Clip8/0637.jpg,../Dataset/game2/Clip8/Label.csv,0637.jpg,1,406.0,509.0,0,train
game2,Clip8,../Dataset/game2/Clip8/0638.jpg,../Dataset/game2/Clip8/Label.csv,0638.jpg,1,388.0,541.0,2,train
game2,Clip8,../Dataset/game2/Clip8/0639.jpg,../Dataset/game2/Clip8/Label.csv,0639.jpg,1,370.0,547.0,0,train
game2,Clip8,../Dataset/game2/Clip8/0640.jpg,../Dataset/game2/Clip8/Label.csv,0640.jpg,1,350.0,558.0,0,train
game2,Clip8,../Dataset/game2/Clip8/0641.jpg,../Dataset/game2/Clip8/Label.csv,0641.jpg,1,334.0,570.0,0,train
game2,Clip8,../Dataset/game2/Clip8/0642.jpg,../Dataset/game2/Clip8/Label.csv,0642.jpg,1,311.0,585.0,0,train
game2,Clip8,../Dataset/game2/Clip8/0643.jpg,../Dataset/game2/Clip8/Label.csv,0643.jpg,1,290.0,602.0,0,train
game2,Clip8,../Dataset/game2/Clip8/0644.jpg,../Dataset/game2/Clip8/Label.csv,0644.jpg,1,270.0,621.0,0,train
game2,Clip3,../Dataset/game2/Clip3/0000.jpg,../Dataset/game2/Clip3/Label.csv,0000.jpg,1,776.0,249.0,0,train
game2,Clip3,../Dataset/game2/Clip3/0001.jpg,../Dataset/game2/Clip3/Label.csv,0001.jpg,1,775.0,246.0,0,train
game2,Clip3,../Dataset/game2/Clip3/0002.jpg,../Dataset/game2/Clip3/Label.csv,0002.jpg,1,772.0,252.0,0,train
game2,Clip3,../Dataset/game2/Clip3/0003.jpg,../Dataset/game2/Clip3/Label.csv,0003.jpg,1,772.0,254.0,0,train
game2,Clip3,../Dataset/game2/Clip3/0004.jpg,../Dataset/game2/Clip3/Label.csv,0004.jpg,1,767.0,257.0,0,train
game2,Clip3,../Dataset/game2/Clip3/0005.jpg,../Dataset/game2/Clip3/Label.csv,0005.jpg,1,768.0,264.0,0,train
game2,Clip3,../Dataset/game2/Clip3/0006.jpg,../Dataset/game2/Clip3/Label.csv,0006.jpg,1,765.0,270.0,0,train
game2,Clip3,../Dataset/game2/Clip3/0007.jpg,../Dataset/game2/Clip3/Label.csv,0007.jpg,1,763.0,279.0,0,train
game2,Clip3,../Dataset/game2/Clip3/0008.jpg,../Dataset/game2/Clip3/Label.csv,0008.jpg,1,761.0,290.0,0,train
game2,Clip3,../Dataset/game2/Clip3/0009.jpg,../Dataset/game2/Clip3/Label.csv,0009.jpg,1,759.0,298.0,0,train
game2,Clip3,../Dataset/game2/Clip3/0010.jpg,../Dataset/game2/Clip3/Label.csv,0010.jpg,1,759.0,311.0,0,train
game2,Clip3,../Dataset/game2/Clip3/0011.jpg,../Dataset/game2/Clip3/Label.csv,0011.jpg,1,757.0,321.0,1,train
game2,Clip3,../Dataset/game2/Clip3/0012.jpg,../Dataset/game2/Clip3/Label.csv,0012.jpg,1,737.0,292.0,0,train
game2,Clip3,../Dataset/game2/Clip3/0013.jpg,../Dataset/game2/Clip3/Label.csv,0013.jpg,1,717.0,269.0,0,train
game2,Clip3,../Dataset/game2/Clip3/0014.jpg,../Dataset/game2/Clip3/Label.csv,0014.jpg,1,703.0,253.0,0,train
game2,Clip3,../Dataset/game2/Clip3/0015.jpg,../Dataset/game2/Clip3/Label.csv,0015.jpg,1,697.0,242.0,0,train
game2,Clip3,../Dataset/game2/Clip3/0016.jpg,../Dataset/game2/Clip3/Label.csv,0016.jpg,1,683.0,230.0,0,train
game2,Clip3,../Dataset/game2/Clip3/0017.jpg,../Dataset/game2/Clip3/Label.csv,0017.jpg,1,673.0,219.0,0,train
game2,Clip3,../Dataset/game2/Clip3/0018.jpg,../Dataset/game2/Clip3/Label.csv,0018.jpg,1,660.0,213.0,0,train
game2,Clip3,../Dataset/game2/Clip3/0019.jpg,../Dataset/game2/Clip3/Label.csv,0019.jpg,1,656.0,211.0,0,train
game2,Clip3,../Dataset/game2/Clip3/0020.jpg,../Dataset/game2/Clip3/Label.csv,0020.jpg,1,648.0,207.0,2,train
game2,Clip3,../Dataset/game2/Clip3/0021.jpg,../Dataset/game2/Clip3/Label.csv,0021.jpg,1,643.0,194.0,0,train
game2,Clip3,../Dataset/game2/Clip3/0022.jpg,../Dataset/game2/Clip3/Label.csv,0022.jpg,1,636.0,166.0,0,train
game2,Clip3,../Dataset/game2/Clip3/0023.jpg,../Dataset/game2/Clip3/Label.csv,0023.jpg,1,631.0,149.0,0,train
game2,Clip3,../Dataset/game2/Clip3/0024.jpg,../Dataset/game2/Clip3/Label.csv,0024.jpg,1,624.0,128.0,0,train
game2,Clip3,../Dataset/game2/Clip3/0025.jpg,../Dataset/game2/Clip3/Label.csv,0025.jpg,1,620.0,108.0,0,train
game2,Clip3,../Dataset/game2/Clip3/0026.jpg,../Dataset/game2/Clip3/Label.csv,0026.jpg,1,615.0,93.0,0,train
game2,Clip3,../Dataset/game2/Clip3/0027.jpg,../Dataset/game2/Clip3/Label.csv,0027.jpg,1,612.0,79.0,0,train
game2,Clip3,../Dataset/game2/Clip3/0028.jpg,../Dataset/game2/Clip3/Label.csv,0028.jpg,1,605.0,67.0,0,train
game2,Clip3,../Dataset/game2/Clip3/0029.jpg,../Dataset/game2/Clip3/Label.csv,0029.jpg,1,603.0,61.0,0,train
game2,Clip3,../Dataset/game2/Clip3/0030.jpg,../Dataset/game2/Clip3/Label.csv,0030.jpg,1,596.0,47.0,0,train
game2,Clip3,../Dataset/game2/Clip3/0031.jpg,../Dataset/game2/Clip3/Label.csv,0031.jpg,1,591.0,42.0,0,train
game2,Clip3,../Dataset/game2/Clip3/0032.jpg,../Dataset/game2/Clip3/Label.csv,0032.jpg,1,585.0,37.0,0,train
game2,Clip3,../Dataset/game2/Clip3/0033.jpg,../Dataset/game2/Clip3/Label.csv,0033.jpg,1,582.0,32.0,0,train
game2,Clip3,../Dataset/game2/Clip3/0034.jpg,../Dataset/game2/Clip3/Label.csv,0034.jpg,1,580.0,28.0,0,train
game2,Clip3,../Dataset/game2/Clip3/0035.jpg,../Dataset/game2/Clip3/Label.csv,0035.jpg,1,576.0,25.0,0,train
game2,Clip6,../Dataset/game2/Clip6/0000.jpg,../Dataset/game2/Clip6/Label.csv,0000.jpg,1,574.0,304.0,0,val
game2,Clip6,../Dataset/game2/Clip6/0001.jpg,../Dataset/game2/Clip6/Label.csv,0001.jpg,1,568.0,295.0,0,val
game2,Clip6,../Dataset/game2/Clip6/0002.jpg,../Dataset/game2/Clip6/Label.csv,0002.jpg,1,567.0,290.0,0,val
game2,Clip6,../Dataset/game2/Clip6/0003.jpg,../Dataset/game2/Clip6/Label.csv,0003.jpg,1,569.0,282.0,0,val
game2,Clip6,../Dataset/game2/Clip6/0004.jpg,../Dataset/game2/Clip6/Label.csv,0004.jpg,1,566.0,278.0,0,val
game2,Clip6,../Dataset/game2/Clip6/0005.jpg,../Dataset/game2/Clip6/Label.csv,0005.jpg,1,564.0,276.0,0,val
game2,Clip6,../Dataset/game2/Clip6/0006.jpg,../Dataset/game2/Clip6/Label.csv,0006.jpg,1,562.0,274.0,0,val
game2,Clip6,../Dataset/game2/Clip6/0007.jpg,../Dataset/game2/Clip6/Label.csv,0007.jpg,1,560.0,271.0,0,val
game2,Clip6,../Dataset/game2/Clip6/0008.jpg,../Dataset/game2/Clip6/Label.csv,0008.jpg,1,559.0,275.0,0,val
game2,Clip6,../Dataset/game2/Clip6/0009.jpg,../Dataset/game2/Clip6/Label.csv,0009.jpg,1,556.0,274.0,0,val
game2,Clip6,../Dataset/game2/Clip6/0010.jpg,../Dataset/game2/Clip6/Label.csv,0010.jpg,1,556.0,278.0,0,val
game2,Clip6,../Dataset/game2/Clip6/0011.jpg,../Dataset/game2/Clip6/Label.csv,0011.jpg,1,555.0,283.0,0,val
game2,Clip6,../Dataset/game2/Clip6/0012.jpg,../Dataset/game2/Clip6/Label.csv,0012.jpg,1,551.0,290.0,0,val
game2,Clip6,../Dataset/game2/Clip6/0013.jpg,../Dataset/game2/Clip6/Label.csv,0013.jpg,1,549.0,295.0,0,val
game2,Clip6,../Dataset/game2/Clip6/0014.jpg,../Dataset/game2/Clip6/Label.csv,0014.jpg,1,549.0,303.0,0,val
game2,Clip6,../Dataset/game2/Clip6/0015.jpg,../Dataset/game2/Clip6/Label.csv,0015.jpg,1,547.0,314.0,0,val
game2,Clip6,../Dataset/game2/Clip6/0016.jpg,../Dataset/game2/Clip6/Label.csv,0016.jpg,1,546.0,325.0,1,val
game2,Clip6,../Dataset/game2/Clip6/0017.jpg,../Dataset/game2/Clip6/Label.csv,0017.jpg,1,578.0,299.0,0,val
game2,Clip6,../Dataset/game2/Clip6/0018.jpg,../Dataset/game2/Clip6/Label.csv,0018.jpg,1,608.0,274.0,0,val
game2,Clip6,../Dataset/game2/Clip6/0019.jpg,../Dataset/game2/Clip6/Label.csv,0019.jpg,1,633.0,257.0,0,val
game2,Clip6,../Dataset/game2/Clip6/0020.jpg,../Dataset/game2/Clip6/Label.csv,0020.jpg,1,656.0,241.0,0,val
game2,Clip6,../Dataset/game2/Clip6/0021.jpg,../Dataset/game2/Clip6/Label.csv,0021.jpg,1,672.0,228.0,0,val
game2,Clip6,../Dataset/game2/Clip6/0022.jpg,../Dataset/game2/Clip6/Label.csv,0022.jpg,1,687.0,219.0,0,val
game2,Clip6,../Dataset/game2/Clip6/0023.jpg,../Dataset/game2/Clip6/Label.csv,0023.jpg,1,702.0,212.0,0,val
game2,Clip6,../Dataset/game2/Clip6/0024.jpg,../Dataset/game2/Clip6/Label.csv,0024.jpg,1,714.0,207.0,0,val
game2,Clip6,../Dataset/game2/Clip6/0025.jpg,../Dataset/game2/Clip6/Label.csv,0025.jpg,1,725.0,202.0,0,val
game2,Clip6,../Dataset/game2/Clip6/0026.jpg,../Dataset/game2/Clip6/Label.csv,0026.jpg,1,730.0,202.0,0,val
game2,Clip6,../Dataset/game2/Clip6/0027.jpg,../Dataset/game2/Clip6/Label.csv,0027.jpg,1,740.0,202.0,0,val
game2,Clip6,../Dataset/game2/Clip6/0028.jpg,../Dataset/game2/Clip6/Label.csv,0028.jpg,1,744.0,205.0,0,val
game2,Clip6,../Dataset/game2/Clip6/0029.jpg,../Dataset/game2/Clip6/Label.csv,0029.jpg,1,747.0,205.0,0,val
game2,Clip6,../Dataset/game2/Clip6/0030.jpg,../Dataset/game2/Clip6/Label.csv,0030.jpg,1,752.0,207.0,2,val
game2,Clip6,../Dataset/game2/Clip6/0031.jpg,../Dataset/game2/Clip6/Label.csv,0031.jpg,1,760.0,194.0,0,val
game2,Clip6,../Dataset/game2/Clip6/0032.jpg,../Dataset/game2/Clip6/Label.csv,0032.jpg,1,766.0,172.0,0,val
game2,Clip6,../Dataset/game2/Clip6/0033.jpg,../Dataset/game2/Clip6/Label.csv,0033.jpg,1,771.0,154.0,0,val
game2,Clip6,../Dataset/game2/Clip6/0034.jpg,../Dataset/game2/Clip6/Label.csv,0034.jpg,1,775.0,135.0,0,val
game2,Clip6,../Dataset/game2/Clip6/0035.jpg,../Dataset/game2/Clip6/Label.csv,0035.jpg,1,781.0,121.0,0,val
game2,Clip6,../Dataset/game2/Clip6/0036.jpg,../Dataset/game2/Clip6/Label.csv,0036.jpg,1,785.0,107.0,0,val
game2,Clip6,../Dataset/game2/Clip6/0037.jpg,../Dataset/game2/Clip6/Label.csv,0037.jpg,1,793.0,93.0,0,val
game2,Clip6,../Dataset/game2/Clip6/0038.jpg,../Dataset/game2/Clip6/Label.csv,0038.jpg,1,795.0,80.0,0,val
game2,Clip6,../Dataset/game2/Clip6/0039.jpg,../Dataset/game2/Clip6/Label.csv,0039.jpg,1,799.0,73.0,0,val
game2,Clip6,../Dataset/game2/Clip6/0040.jpg,../Dataset/game2/Clip6/Label.csv,0040.jpg,1,802.0,65.0,0,val
game2,Clip6,../Dataset/game2/Clip6/0041.jpg,../Dataset/game2/Clip6/Label.csv,0041.jpg,1,805.0,57.0,0,val
game2,Clip6,../Dataset/game2/Clip6/0042.jpg,../Dataset/game2/Clip6/Label.csv,0042.jpg,1,808.0,51.0,0,val
game2,Clip6,../Dataset/game2/Clip6/0043.jpg,../Dataset/game2/Clip6/Label.csv,0043.jpg,2,811.0,47.0,0,val
game2,Clip6,../Dataset/game2/Clip6/0044.jpg,../Dataset/game2/Clip6/Label.csv,0044.jpg,1,815.0,39.0,0,val
game2,Clip6,../Dataset/game2/Clip6/0045.jpg,../Dataset/game2/Clip6/Label.csv,0045.jpg,1,818.0,37.0,0,val
game2,Clip6,../Dataset/game2/Clip6/0046.jpg,../Dataset/game2/Clip6/Label.csv,0046.jpg,1,821.0,37.0,0,val
game2,Clip6,../Dataset/game2/Clip6/0047.jpg,../Dataset/game2/Clip6/Label.csv,0047.jpg,1,813.0,37.0,0,val
game2,Clip6,../Dataset/game2/Clip6/0048.jpg,../Dataset/game2/Clip6/Label.csv,0048.jpg,1,796.0,44.0,1,val
game2,Clip6,../Dataset/game2/Clip6/0049.jpg,../Dataset/game2/Clip6/Label.csv,0049.jpg,1,781.0,49.0,0,val
game2,Clip6,../Dataset/game2/Clip6/0050.jpg,../Dataset/game2/Clip6/Label.csv,0050.jpg,1,767.0,58.0,0,val
game2,Clip6,../Dataset/game2/Clip6/0051.jpg,../Dataset/game2/Clip6/Label.csv,0051.jpg,1,754.0,68.0,0,val
game2,Clip6,../Dataset/game2/Clip6/0052.jpg,../Dataset/game2/Clip6/Label.csv,0052.jpg,1,738.0,78.0,0,val
game2,Clip6,../Dataset/game2/Clip6/0053.jpg,../Dataset/game2/Clip6/Label.csv,0053.jpg,1,726.0,87.0,0,val
game2,Clip6,../Dataset/game2/Clip6/0054.jpg,../Dataset/game2/Clip6/Label.csv,0054.jpg,1,710.0,102.0,0,val
game2,Clip6,../Dataset/game2/Clip6/0055.jpg,../Dataset/game2/Clip6/Label.csv,0055.jpg,1,698.0,116.0,0,val
game2,Clip6,../Dataset/game2/Clip6/0056.jpg,../Dataset/game2/Clip6/Label.csv,0056.jpg,1,683.0,135.0,0,val
game2,Clip6,../Dataset/game2/Clip6/0057.jpg,../Dataset/game2/Clip6/Label.csv,0057.jpg,1,667.0,150.0,0,val
game2,Clip6,../Dataset/game2/Clip6/0058.jpg,../Dataset/game2/Clip6/Label.csv,0058.jpg,1,653.0,168.0,0,val
game2,Clip6,../Dataset/game2/Clip6/0059.jpg,../Dataset/game2/Clip6/Label.csv,0059.jpg,1,638.0,186.0,0,val
game2,Clip6,../Dataset/game2/Clip6/0060.jpg,../Dataset/game2/Clip6/Label.csv,0060.jpg,1,622.0,210.0,0,val
game2,Clip6,../Dataset/game2/Clip6/0061.jpg,../Dataset/game2/Clip6/Label.csv,0061.jpg,1,608.0,232.0,0,val
game2,Clip6,../Dataset/game2/Clip6/0062.jpg,../Dataset/game2/Clip6/Label.csv,0062.jpg,1,592.0,258.0,0,val
game2,Clip6,../Dataset/game2/Clip6/0063.jpg,../Dataset/game2/Clip6/Label.csv,0063.jpg,1,576.0,283.0,0,val
game2,Clip6,../Dataset/game2/Clip6/0064.jpg,../Dataset/game2/Clip6/Label.csv,0064.jpg,1,561.0,311.0,0,val
game2,Clip6,../Dataset/game2/Clip6/0065.jpg,../Dataset/game2/Clip6/Label.csv,0065.jpg,1,544.0,341.0,0,val
game2,Clip6,../Dataset/game2/Clip6/0066.jpg,../Dataset/game2/Clip6/Label.csv,0066.jpg,1,528.0,373.0,0,val
game2,Clip6,../Dataset/game2/Clip6/0067.jpg,../Dataset/game2/Clip6/Label.csv,0067.jpg,1,510.0,407.0,0,val
game2,Clip6,../Dataset/game2/Clip6/0068.jpg,../Dataset/game2/Clip6/Label.csv,0068.jpg,1,496.0,442.0,0,val
game2,Clip6,../Dataset/game2/Clip6/0069.jpg,../Dataset/game2/Clip6/Label.csv,0069.jpg,1,486.0,449.0,2,val
game2,Clip6,../Dataset/game2/Clip6/0070.jpg,../Dataset/game2/Clip6/Label.csv,0070.jpg,1,469.0,446.0,0,val
game2,Clip6,../Dataset/game2/Clip6/0071.jpg,../Dataset/game2/Clip6/Label.csv,0071.jpg,1,458.0,447.0,0,val
game2,Clip6,../Dataset/game2/Clip6/0072.jpg,../Dataset/game2/Clip6/Label.csv,0072.jpg,1,446.0,446.0,0,val
game2,Clip6,../Dataset/game2/Clip6/0073.jpg,../Dataset/game2/Clip6/Label.csv,0073.jpg,1,436.0,450.0,0,val
game2,Clip6,../Dataset/game2/Clip6/0074.jpg,../Dataset/game2/Clip6/Label.csv,0074.jpg,1,422.0,453.0,0,val
game2,Clip6,../Dataset/game2/Clip6/0075.jpg,../Dataset/game2/Clip6/Label.csv,0075.jpg,1,408.0,460.0,0,val
game2,Clip6,../Dataset/game2/Clip6/0076.jpg,../Dataset/game2/Clip6/Label.csv,0076.jpg,1,396.0,465.0,0,val
game2,Clip6,../Dataset/game2/Clip6/0077.jpg,../Dataset/game2/Clip6/Label.csv,0077.jpg,1,384.0,475.0,0,val
game2,Clip6,../Dataset/game2/Clip6/0078.jpg,../Dataset/game2/Clip6/Label.csv,0078.jpg,1,406.0,437.0,1,val
game2,Clip6,../Dataset/game2/Clip6/0079.jpg,../Dataset/game2/Clip6/Label.csv,0079.jpg,1,439.0,395.0,0,val
game2,Clip6,../Dataset/game2/Clip6/0080.jpg,../Dataset/game2/Clip6/Label.csv,0080.jpg,1,466.0,356.0,0,val
game2,Clip6,../Dataset/game2/Clip6/0081.jpg,../Dataset/game2/Clip6/Label.csv,0081.jpg,1,492.0,321.0,0,val
game2,Clip6,../Dataset/game2/Clip6/0082.jpg,../Dataset/game2/Clip6/Label.csv,0082.jpg,1,517.0,290.0,0,val
game2,Clip6,../Dataset/game2/Clip6/0083.jpg,../Dataset/game2/Clip6/Label.csv,0083.jpg,1,538.0,261.0,0,val
game2,Clip6,../Dataset/game2/Clip6/0084.jpg,../Dataset/game2/Clip6/Label.csv,0084.jpg,1,559.0,236.0,0,val
game2,Clip6,../Dataset/game2/Clip6/0085.jpg,../Dataset/game2/Clip6/Label.csv,0085.jpg,1,575.0,219.0,0,val
game2,Clip6,../Dataset/game2/Clip6/0086.jpg,../Dataset/game2/Clip6/Label.csv,0086.jpg,1,593.0,202.0,0,val
game2,Clip6,../Dataset/game2/Clip6/0087.jpg,../Dataset/game2/Clip6/Label.csv,0087.jpg,1,607.0,186.0,0,val
game2,Clip6,../Dataset/game2/Clip6/0088.jpg,../Dataset/game2/Clip6/Label.csv,0088.jpg,1,622.0,173.0,0,val
game2,Clip6,../Dataset/game2/Clip6/0089.jpg,../Dataset/game2/Clip6/Label.csv,0089.jpg,1,636.0,163.0,0,val
game2,Clip6,../Dataset/game2/Clip6/0090.jpg,../Dataset/game2/Clip6/Label.csv,0090.jpg,1,645.0,154.0,0,val
game2,Clip6,../Dataset/game2/Clip6/0091.jpg,../Dataset/game2/Clip6/Label.csv,0091.jpg,1,656.0,147.0,0,val
game2,Clip6,../Dataset/game2/Clip6/0092.jpg,../Dataset/game2/Clip6/Label.csv,0092.jpg,1,668.0,142.0,0,val
game2,Clip6,../Dataset/game2/Clip6/0093.jpg,../Dataset/game2/Clip6/Label.csv,0093.jpg,1,679.0,137.0,0,val
game2,Clip6,../Dataset/game2/Clip6/0094.jpg,../Dataset/game2/Clip6/Label.csv,0094.jpg,1,689.0,133.0,0,val
game2,Clip6,../Dataset/game2/Clip6/0095.jpg,../Dataset/game2/Clip6/Label.csv,0095.jpg,2,699.0,129.0,0,val
game2,Clip6,../Dataset/game2/Clip6/0096.jpg,../Dataset/game2/Clip6/Label.csv,0096.jpg,2,708.0,130.0,0,val
game2,Clip6,../Dataset/game2/Clip6/0097.jpg,../Dataset/game2/Clip6/Label.csv,0097.jpg,2,717.0,130.0,0,val
game2,Clip6,../Dataset/game2/Clip6/0098.jpg,../Dataset/game2/Clip6/Label.csv,0098.jpg,1,723.0,131.0,0,val
game2,Clip6,../Dataset/game2/Clip6/0099.jpg,../Dataset/game2/Clip6/Label.csv,0099.jpg,1,730.0,132.0,0,val
game2,Clip6,../Dataset/game2/Clip6/0100.jpg,../Dataset/game2/Clip6/Label.csv,0100.jpg,1,737.0,135.0,0,val
game2,Clip6,../Dataset/game2/Clip6/0101.jpg,../Dataset/game2/Clip6/Label.csv,0101.jpg,1,744.0,139.0,2,val
game2,Clip6,../Dataset/game2/Clip6/0102.jpg,../Dataset/game2/Clip6/Label.csv,0102.jpg,1,748.0,131.0,0,val
game2,Clip6,../Dataset/game2/Clip6/0103.jpg,../Dataset/game2/Clip6/Label.csv,0103.jpg,1,752.0,119.0,0,val
game2,Clip6,../Dataset/game2/Clip6/0104.jpg,../Dataset/game2/Clip6/Label.csv,0104.jpg,1,755.0,106.0,0,val
game2,Clip6,../Dataset/game2/Clip6/0105.jpg,../Dataset/game2/Clip6/Label.csv,0105.jpg,1,759.0,92.0,0,val
game2,Clip6,../Dataset/game2/Clip6/0106.jpg,../Dataset/game2/Clip6/Label.csv,0106.jpg,1,765.0,85.0,0,val
game2,Clip6,../Dataset/game2/Clip6/0107.jpg,../Dataset/game2/Clip6/Label.csv,0107.jpg,1,767.0,74.0,0,val
game2,Clip6,../Dataset/game2/Clip6/0108.jpg,../Dataset/game2/Clip6/Label.csv,0108.jpg,1,772.0,67.0,0,val
game2,Clip6,../Dataset/game2/Clip6/0109.jpg,../Dataset/game2/Clip6/Label.csv,0109.jpg,1,776.0,59.0,0,val
game2,Clip6,../Dataset/game2/Clip6/0110.jpg,../Dataset/game2/Clip6/Label.csv,0110.jpg,1,779.0,52.0,0,val
game2,Clip6,../Dataset/game2/Clip6/0111.jpg,../Dataset/game2/Clip6/Label.csv,0111.jpg,1,783.0,47.0,0,val
game2,Clip6,../Dataset/game2/Clip6/0112.jpg,../Dataset/game2/Clip6/Label.csv,0112.jpg,1,779.0,46.0,0,val
game2,Clip6,../Dataset/game2/Clip6/0113.jpg,../Dataset/game2/Clip6/Label.csv,0113.jpg,1,768.0,49.0,1,val
game2,Clip6,../Dataset/game2/Clip6/0114.jpg,../Dataset/game2/Clip6/Label.csv,0114.jpg,1,754.0,55.0,0,val
game2,Clip6,../Dataset/game2/Clip6/0115.jpg,../Dataset/game2/Clip6/Label.csv,0115.jpg,1,740.0,58.0,0,val
game2,Clip6,../Dataset/game2/Clip6/0116.jpg,../Dataset/game2/Clip6/Label.csv,0116.jpg,1,726.0,68.0,0,val
game2,Clip6,../Dataset/game2/Clip6/0117.jpg,../Dataset/game2/Clip6/Label.csv,0117.jpg,1,713.0,74.0,0,val
game2,Clip6,../Dataset/game2/Clip6/0118.jpg,../Dataset/game2/Clip6/Label.csv,0118.jpg,1,701.0,86.0,0,val
game2,Clip6,../Dataset/game2/Clip6/0119.jpg,../Dataset/game2/Clip6/Label.csv,0119.jpg,1,688.0,100.0,0,val
game2,Clip6,../Dataset/game2/Clip6/0120.jpg,../Dataset/game2/Clip6/Label.csv,0120.jpg,1,672.0,113.0,0,val
game2,Clip6,../Dataset/game2/Clip6/0121.jpg,../Dataset/game2/Clip6/Label.csv,0121.jpg,1,660.0,126.0,0,val
game2,Clip6,../Dataset/game2/Clip6/0122.jpg,../Dataset/game2/Clip6/Label.csv,0122.jpg,1,648.0,139.0,0,val
game2,Clip6,../Dataset/game2/Clip6/0123.jpg,../Dataset/game2/Clip6/Label.csv,0123.jpg,1,634.0,156.0,0,val
game2,Clip6,../Dataset/game2/Clip6/0124.jpg,../Dataset/game2/Clip6/Label.csv,0124.jpg,1,620.0,175.0,0,val
game2,Clip6,../Dataset/game2/Clip6/0125.jpg,../Dataset/game2/Clip6/Label.csv,0125.jpg,1,606.0,196.0,0,val
game2,Clip6,../Dataset/game2/Clip6/0126.jpg,../Dataset/game2/Clip6/Label.csv,0126.jpg,1,594.0,219.0,0,val
game2,Clip6,../Dataset/game2/Clip6/0127.jpg,../Dataset/game2/Clip6/Label.csv,0127.jpg,1,578.0,243.0,0,val
game2,Clip6,../Dataset/game2/Clip6/0128.jpg,../Dataset/game2/Clip6/Label.csv,0128.jpg,1,564.0,268.0,0,val
game2,Clip6,../Dataset/game2/Clip6/0129.jpg,../Dataset/game2/Clip6/Label.csv,0129.jpg,1,548.0,296.0,0,val
game2,Clip6,../Dataset/game2/Clip6/0130.jpg,../Dataset/game2/Clip6/Label.csv,0130.jpg,1,531.0,330.0,0,val
game2,Clip6,../Dataset/game2/Clip6/0131.jpg,../Dataset/game2/Clip6/Label.csv,0131.jpg,1,516.0,359.0,0,val
game2,Clip6,../Dataset/game2/Clip6/0132.jpg,../Dataset/game2/Clip6/Label.csv,0132.jpg,1,501.0,394.0,0,val
game2,Clip6,../Dataset/game2/Clip6/0133.jpg,../Dataset/game2/Clip6/Label.csv,0133.jpg,1,487.0,429.0,0,val
game2,Clip6,../Dataset/game2/Clip6/0134.jpg,../Dataset/game2/Clip6/Label.csv,0134.jpg,1,470.0,468.0,0,val
game2,Clip6,../Dataset/game2/Clip6/0135.jpg,../Dataset/game2/Clip6/Label.csv,0135.jpg,1,458.0,475.0,2,val
game2,Clip6,../Dataset/game2/Clip6/0136.jpg,../Dataset/game2/Clip6/Label.csv,0136.jpg,1,444.0,475.0,0,val
game2,Clip6,../Dataset/game2/Clip6/0137.jpg,../Dataset/game2/Clip6/Label.csv,0137.jpg,1,432.0,474.0,0,val
game2,Clip6,../Dataset/game2/Clip6/0138.jpg,../Dataset/game2/Clip6/Label.csv,0138.jpg,1,422.0,473.0,0,val
game2,Clip6,../Dataset/game2/Clip6/0139.jpg,../Dataset/game2/Clip6/Label.csv,0139.jpg,1,406.0,478.0,0,val
game2,Clip6,../Dataset/game2/Clip6/0140.jpg,../Dataset/game2/Clip6/Label.csv,0140.jpg,1,394.0,484.0,0,val
game2,Clip6,../Dataset/game2/Clip6/0141.jpg,../Dataset/game2/Clip6/Label.csv,0141.jpg,1,381.0,490.0,0,val
game2,Clip6,../Dataset/game2/Clip6/0142.jpg,../Dataset/game2/Clip6/Label.csv,0142.jpg,1,366.0,498.0,0,val
game2,Clip6,../Dataset/game2/Clip6/0143.jpg,../Dataset/game2/Clip6/Label.csv,0143.jpg,1,355.0,505.0,1,val
game2,Clip6,../Dataset/game2/Clip6/0144.jpg,../Dataset/game2/Clip6/Label.csv,0144.jpg,1,409.0,446.0,0,val
game2,Clip6,../Dataset/game2/Clip6/0145.jpg,../Dataset/game2/Clip6/Label.csv,0145.jpg,1,445.0,403.0,0,val
game2,Clip6,../Dataset/game2/Clip6/0146.jpg,../Dataset/game2/Clip6/Label.csv,0146.jpg,1,476.0,370.0,0,val
game2,Clip6,../Dataset/game2/Clip6/0147.jpg,../Dataset/game2/Clip6/Label.csv,0147.jpg,1,510.0,339.0,0,val
game2,Clip6,../Dataset/game2/Clip6/0148.jpg,../Dataset/game2/Clip6/Label.csv,0148.jpg,1,534.0,313.0,0,val
game2,Clip6,../Dataset/game2/Clip6/0149.jpg,../Dataset/game2/Clip6/Label.csv,0149.jpg,1,561.0,287.0,0,val
game2,Clip6,../Dataset/game2/Clip6/0150.jpg,../Dataset/game2/Clip6/Label.csv,0150.jpg,1,582.0,271.0,0,val
game2,Clip6,../Dataset/game2/Clip6/0151.jpg,../Dataset/game2/Clip6/Label.csv,0151.jpg,1,601.0,252.0,0,val
game2,Clip6,../Dataset/game2/Clip6/0152.jpg,../Dataset/game2/Clip6/Label.csv,0152.jpg,1,618.0,238.0,0,val
game2,Clip6,../Dataset/game2/Clip6/0153.jpg,../Dataset/game2/Clip6/Label.csv,0153.jpg,1,637.0,226.0,0,val
game2,Clip6,../Dataset/game2/Clip6/0154.jpg,../Dataset/game2/Clip6/Label.csv,0154.jpg,1,654.0,213.0,0,val
game2,Clip6,../Dataset/game2/Clip6/0155.jpg,../Dataset/game2/Clip6/Label.csv,0155.jpg,1,668.0,205.0,0,val
game2,Clip6,../Dataset/game2/Clip6/0156.jpg,../Dataset/game2/Clip6/Label.csv,0156.jpg,1,684.0,198.0,0,val
game2,Clip6,../Dataset/game2/Clip6/0157.jpg,../Dataset/game2/Clip6/Label.csv,0157.jpg,2,695.0,193.0,0,val
game2,Clip6,../Dataset/game2/Clip6/0158.jpg,../Dataset/game2/Clip6/Label.csv,0158.jpg,1,708.0,190.0,0,val
game2,Clip6,../Dataset/game2/Clip6/0159.jpg,../Dataset/game2/Clip6/Label.csv,0159.jpg,1,718.0,186.0,0,val
game2,Clip6,../Dataset/game2/Clip6/0160.jpg,../Dataset/game2/Clip6/Label.csv,0160.jpg,1,730.0,186.0,0,val
game2,Clip6,../Dataset/game2/Clip6/0161.jpg,../Dataset/game2/Clip6/Label.csv,0161.jpg,1,737.0,186.0,0,val
game2,Clip6,../Dataset/game2/Clip6/0162.jpg,../Dataset/game2/Clip6/Label.csv,0162.jpg,1,749.0,179.0,2,val
game2,Clip6,../Dataset/game2/Clip6/0163.jpg,../Dataset/game2/Clip6/Label.csv,0163.jpg,1,756.0,163.0,0,val
game2,Clip6,../Dataset/game2/Clip6/0164.jpg,../Dataset/game2/Clip6/Label.csv,0164.jpg,1,761.0,150.0,0,val
game2,Clip6,../Dataset/game2/Clip6/0165.jpg,../Dataset/game2/Clip6/Label.csv,0165.jpg,1,768.0,136.0,0,val
game2,Clip6,../Dataset/game2/Clip6/0166.jpg,../Dataset/game2/Clip6/Label.csv,0166.jpg,1,775.0,128.0,0,val
game2,Clip6,../Dataset/game2/Clip6/0167.jpg,../Dataset/game2/Clip6/Label.csv,0167.jpg,1,781.0,119.0,0,val
game2,Clip6,../Dataset/game2/Clip6/0168.jpg,../Dataset/game2/Clip6/Label.csv,0168.jpg,1,787.0,112.0,0,val
game2,Clip6,../Dataset/game2/Clip6/0169.jpg,../Dataset/game2/Clip6/Label.csv,0169.jpg,1,793.0,104.0,0,val
game2,Clip6,../Dataset/game2/Clip6/0170.jpg,../Dataset/game2/Clip6/Label.csv,0170.jpg,1,800.0,100.0,0,val
game2,Clip6,../Dataset/game2/Clip6/0171.jpg,../Dataset/game2/Clip6/Label.csv,0171.jpg,1,804.0,96.0,0,val
game2,Clip6,../Dataset/game2/Clip6/0172.jpg,../Dataset/game2/Clip6/Label.csv,0172.jpg,1,807.0,92.0,0,val
game2,Clip6,../Dataset/game2/Clip6/0173.jpg,../Dataset/game2/Clip6/Label.csv,0173.jpg,1,812.0,91.0,0,val
game2,Clip6,../Dataset/game2/Clip6/0174.jpg,../Dataset/game2/Clip6/Label.csv,0174.jpg,1,810.0,90.0,1,val
game2,Clip6,../Dataset/game2/Clip6/0175.jpg,../Dataset/game2/Clip6/Label.csv,0175.jpg,1,802.0,84.0,0,val
game2,Clip6,../Dataset/game2/Clip6/0176.jpg,../Dataset/game2/Clip6/Label.csv,0176.jpg,1,789.0,80.0,0,val
game2,Clip6,../Dataset/game2/Clip6/0177.jpg,../Dataset/game2/Clip6/Label.csv,0177.jpg,1,781.0,77.0,0,val
game2,Clip6,../Dataset/game2/Clip6/0178.jpg,../Dataset/game2/Clip6/Label.csv,0178.jpg,1,769.0,74.0,0,val
game2,Clip6,../Dataset/game2/Clip6/0179.jpg,../Dataset/game2/Clip6/Label.csv,0179.jpg,1,758.0,75.0,0,val
game2,Clip6,../Dataset/game2/Clip6/0180.jpg,../Dataset/game2/Clip6/Label.csv,0180.jpg,1,749.0,75.0,0,val
game2,Clip6,../Dataset/game2/Clip6/0181.jpg,../Dataset/game2/Clip6/Label.csv,0181.jpg,1,738.0,78.0,0,val
game2,Clip6,../Dataset/game2/Clip6/0182.jpg,../Dataset/game2/Clip6/Label.csv,0182.jpg,1,727.0,83.0,0,val
game2,Clip6,../Dataset/game2/Clip6/0183.jpg,../Dataset/game2/Clip6/Label.csv,0183.jpg,1,715.0,86.0,0,val
game2,Clip6,../Dataset/game2/Clip6/0184.jpg,../Dataset/game2/Clip6/Label.csv,0184.jpg,1,707.0,92.0,0,val
game2,Clip6,../Dataset/game2/Clip6/0185.jpg,../Dataset/game2/Clip6/Label.csv,0185.jpg,1,692.0,98.0,0,val
game2,Clip6,../Dataset/game2/Clip6/0186.jpg,../Dataset/game2/Clip6/Label.csv,0186.jpg,1,682.0,108.0,0,val
game2,Clip6,../Dataset/game2/Clip6/0187.jpg,../Dataset/game2/Clip6/Label.csv,0187.jpg,1,671.0,119.0,0,val
game2,Clip6,../Dataset/game2/Clip6/0188.jpg,../Dataset/game2/Clip6/Label.csv,0188.jpg,1,659.0,129.0,0,val
game2,Clip6,../Dataset/game2/Clip6/0189.jpg,../Dataset/game2/Clip6/Label.csv,0189.jpg,1,647.0,142.0,0,val
game2,Clip6,../Dataset/game2/Clip6/0190.jpg,../Dataset/game2/Clip6/Label.csv,0190.jpg,1,631.0,160.0,0,val
game2,Clip6,../Dataset/game2/Clip6/0191.jpg,../Dataset/game2/Clip6/Label.csv,0191.jpg,1,619.0,174.0,0,val
game2,Clip6,../Dataset/game2/Clip6/0192.jpg,../Dataset/game2/Clip6/Label.csv,0192.jpg,1,607.0,190.0,0,val
game2,Clip6,../Dataset/game2/Clip6/0193.jpg,../Dataset/game2/Clip6/Label.csv,0193.jpg,1,594.0,210.0,0,val
game2,Clip6,../Dataset/game2/Clip6/0194.jpg,../Dataset/game2/Clip6/Label.csv,0194.jpg,1,580.0,228.0,0,val
game2,Clip6,../Dataset/game2/Clip6/0195.jpg,../Dataset/game2/Clip6/Label.csv,0195.jpg,1,567.0,252.0,0,val
game2,Clip6,../Dataset/game2/Clip6/0196.jpg,../Dataset/game2/Clip6/Label.csv,0196.jpg,1,555.0,277.0,0,val
game2,Clip6,../Dataset/game2/Clip6/0197.jpg,../Dataset/game2/Clip6/Label.csv,0197.jpg,1,543.0,301.0,0,val
game2,Clip6,../Dataset/game2/Clip6/0198.jpg,../Dataset/game2/Clip6/Label.csv,0198.jpg,1,526.0,330.0,0,val
game2,Clip6,../Dataset/game2/Clip6/0199.jpg,../Dataset/game2/Clip6/Label.csv,0199.jpg,1,510.0,360.0,0,val
game2,Clip6,../Dataset/game2/Clip6/0200.jpg,../Dataset/game2/Clip6/Label.csv,0200.jpg,1,496.0,393.0,0,val
game2,Clip6,../Dataset/game2/Clip6/0201.jpg,../Dataset/game2/Clip6/Label.csv,0201.jpg,1,482.0,420.0,0,val
game2,Clip6,../Dataset/game2/Clip6/0202.jpg,../Dataset/game2/Clip6/Label.csv,0202.jpg,1,467.0,455.0,0,val
game2,Clip6,../Dataset/game2/Clip6/0203.jpg,../Dataset/game2/Clip6/Label.csv,0203.jpg,1,456.0,484.0,2,val
game2,Clip6,../Dataset/game2/Clip6/0204.jpg,../Dataset/game2/Clip6/Label.csv,0204.jpg,1,442.0,478.0,0,val
game2,Clip6,../Dataset/game2/Clip6/0205.jpg,../Dataset/game2/Clip6/Label.csv,0205.jpg,1,429.0,475.0,0,val
game2,Clip6,../Dataset/game2/Clip6/0206.jpg,../Dataset/game2/Clip6/Label.csv,0206.jpg,1,419.0,474.0,0,val
game2,Clip6,../Dataset/game2/Clip6/0207.jpg,../Dataset/game2/Clip6/Label.csv,0207.jpg,1,408.0,474.0,0,val
game2,Clip6,../Dataset/game2/Clip6/0208.jpg,../Dataset/game2/Clip6/Label.csv,0208.jpg,1,396.0,473.0,0,val
game2,Clip6,../Dataset/game2/Clip6/0209.jpg,../Dataset/game2/Clip6/Label.csv,0209.jpg,1,383.0,475.0,0,val
game2,Clip6,../Dataset/game2/Clip6/0210.jpg,../Dataset/game2/Clip6/Label.csv,0210.jpg,1,371.0,478.0,0,val
game2,Clip6,../Dataset/game2/Clip6/0211.jpg,../Dataset/game2/Clip6/Label.csv,0211.jpg,1,358.0,485.0,0,val
game2,Clip6,../Dataset/game2/Clip6/0212.jpg,../Dataset/game2/Clip6/Label.csv,0212.jpg,1,343.0,490.0,0,val
game2,Clip6,../Dataset/game2/Clip6/0213.jpg,../Dataset/game2/Clip6/Label.csv,0213.jpg,1,357.0,461.0,1,val
game2,Clip6,../Dataset/game2/Clip6/0214.jpg,../Dataset/game2/Clip6/Label.csv,0214.jpg,1,387.0,416.0,0,val
game2,Clip6,../Dataset/game2/Clip6/0215.jpg,../Dataset/game2/Clip6/Label.csv,0215.jpg,1,412.0,376.0,0,val
game2,Clip6,../Dataset/game2/Clip6/0216.jpg,../Dataset/game2/Clip6/Label.csv,0216.jpg,1,433.0,340.0,0,val
game2,Clip6,../Dataset/game2/Clip6/0217.jpg,../Dataset/game2/Clip6/Label.csv,0217.jpg,1,454.0,309.0,0,val
game2,Clip6,../Dataset/game2/Clip6/0218.jpg,../Dataset/game2/Clip6/Label.csv,0218.jpg,1,471.0,284.0,0,val
game2,Clip6,../Dataset/game2/Clip6/0219.jpg,../Dataset/game2/Clip6/Label.csv,0219.jpg,1,488.0,264.0,0,val
game2,Clip6,../Dataset/game2/Clip6/0220.jpg,../Dataset/game2/Clip6/Label.csv,0220.jpg,1,504.0,241.0,0,val
game2,Clip6,../Dataset/game2/Clip6/0221.jpg,../Dataset/game2/Clip6/Label.csv,0221.jpg,1,521.0,221.0,0,val
game2,Clip6,../Dataset/game2/Clip6/0222.jpg,../Dataset/game2/Clip6/Label.csv,0222.jpg,1,536.0,207.0,0,val
game2,Clip6,../Dataset/game2/Clip6/0223.jpg,../Dataset/game2/Clip6/Label.csv,0223.jpg,1,544.0,191.0,0,val
game2,Clip6,../Dataset/game2/Clip6/0224.jpg,../Dataset/game2/Clip6/Label.csv,0224.jpg,1,557.0,178.0,0,val
game2,Clip6,../Dataset/game2/Clip6/0225.jpg,../Dataset/game2/Clip6/Label.csv,0225.jpg,1,571.0,171.0,0,val
game2,Clip6,../Dataset/game2/Clip6/0226.jpg,../Dataset/game2/Clip6/Label.csv,0226.jpg,1,581.0,162.0,0,val
game2,Clip6,../Dataset/game2/Clip6/0227.jpg,../Dataset/game2/Clip6/Label.csv,0227.jpg,1,589.0,154.0,0,val
game2,Clip6,../Dataset/game2/Clip6/0228.jpg,../Dataset/game2/Clip6/Label.csv,0228.jpg,1,598.0,151.0,0,val
game2,Clip6,../Dataset/game2/Clip6/0229.jpg,../Dataset/game2/Clip6/Label.csv,0229.jpg,1,608.0,148.0,0,val
game2,Clip6,../Dataset/game2/Clip6/0230.jpg,../Dataset/game2/Clip6/Label.csv,0230.jpg,1,616.0,144.0,0,val
game2,Clip6,../Dataset/game2/Clip6/0231.jpg,../Dataset/game2/Clip6/Label.csv,0231.jpg,1,627.0,143.0,0,val
game2,Clip6,../Dataset/game2/Clip6/0232.jpg,../Dataset/game2/Clip6/Label.csv,0232.jpg,1,632.0,142.0,0,val
game2,Clip6,../Dataset/game2/Clip6/0233.jpg,../Dataset/game2/Clip6/Label.csv,0233.jpg,1,640.0,142.0,0,val
game2,Clip6,../Dataset/game2/Clip6/0234.jpg,../Dataset/game2/Clip6/Label.csv,0234.jpg,1,645.0,144.0,0,val
game2,Clip6,../Dataset/game2/Clip6/0235.jpg,../Dataset/game2/Clip6/Label.csv,0235.jpg,1,651.0,144.0,0,val
game2,Clip6,../Dataset/game2/Clip6/0236.jpg,../Dataset/game2/Clip6/Label.csv,0236.jpg,1,659.0,149.0,0,val
game2,Clip6,../Dataset/game2/Clip6/0237.jpg,../Dataset/game2/Clip6/Label.csv,0237.jpg,1,666.0,152.0,0,val
game2,Clip6,../Dataset/game2/Clip6/0238.jpg,../Dataset/game2/Clip6/Label.csv,0238.jpg,1,672.0,155.0,0,val
game2,Clip6,../Dataset/game2/Clip6/0239.jpg,../Dataset/game2/Clip6/Label.csv,0239.jpg,1,676.0,153.0,2,val
game2,Clip6,../Dataset/game2/Clip6/0240.jpg,../Dataset/game2/Clip6/Label.csv,0240.jpg,1,680.0,139.0,0,val
game2,Clip6,../Dataset/game2/Clip6/0241.jpg,../Dataset/game2/Clip6/Label.csv,0241.jpg,1,683.0,126.0,0,val
game2,Clip6,../Dataset/game2/Clip6/0242.jpg,../Dataset/game2/Clip6/Label.csv,0242.jpg,1,687.0,116.0,0,val
game2,Clip6,../Dataset/game2/Clip6/0243.jpg,../Dataset/game2/Clip6/Label.csv,0243.jpg,1,694.0,102.0,0,val
game2,Clip6,../Dataset/game2/Clip6/0244.jpg,../Dataset/game2/Clip6/Label.csv,0244.jpg,1,697.0,94.0,0,val
game2,Clip6,../Dataset/game2/Clip6/0245.jpg,../Dataset/game2/Clip6/Label.csv,0245.jpg,1,699.0,83.0,0,val
game2,Clip6,../Dataset/game2/Clip6/0246.jpg,../Dataset/game2/Clip6/Label.csv,0246.jpg,1,706.0,77.0,0,val
game2,Clip6,../Dataset/game2/Clip6/0247.jpg,../Dataset/game2/Clip6/Label.csv,0247.jpg,1,707.0,69.0,0,val
game2,Clip6,../Dataset/game2/Clip6/0248.jpg,../Dataset/game2/Clip6/Label.csv,0248.jpg,1,711.0,65.0,0,val
game2,Clip6,../Dataset/game2/Clip6/0249.jpg,../Dataset/game2/Clip6/Label.csv,0249.jpg,1,713.0,56.0,0,val
game2,Clip6,../Dataset/game2/Clip6/0250.jpg,../Dataset/game2/Clip6/Label.csv,0250.jpg,1,718.0,54.0,0,val
game2,Clip6,../Dataset/game2/Clip6/0251.jpg,../Dataset/game2/Clip6/Label.csv,0251.jpg,1,721.0,50.0,0,val
game2,Clip6,../Dataset/game2/Clip6/0252.jpg,../Dataset/game2/Clip6/Label.csv,0252.jpg,1,724.0,48.0,0,val
game2,Clip6,../Dataset/game2/Clip6/0253.jpg,../Dataset/game2/Clip6/Label.csv,0253.jpg,1,727.0,45.0,0,val
game2,Clip6,../Dataset/game2/Clip6/0254.jpg,../Dataset/game2/Clip6/Label.csv,0254.jpg,1,730.0,45.0,0,val
game2,Clip6,../Dataset/game2/Clip6/0255.jpg,../Dataset/game2/Clip6/Label.csv,0255.jpg,1,733.0,48.0,0,val
game2,Clip6,../Dataset/game2/Clip6/0256.jpg,../Dataset/game2/Clip6/Label.csv,0256.jpg,1,729.0,50.0,1,val
game2,Clip6,../Dataset/game2/Clip6/0257.jpg,../Dataset/game2/Clip6/Label.csv,0257.jpg,1,714.0,62.0,0,val
game2,Clip6,../Dataset/game2/Clip6/0258.jpg,../Dataset/game2/Clip6/Label.csv,0258.jpg,1,700.0,78.0,0,val
game2,Clip6,../Dataset/game2/Clip6/0259.jpg,../Dataset/game2/Clip6/Label.csv,0259.jpg,1,685.0,90.0,0,val
game2,Clip6,../Dataset/game2/Clip6/0260.jpg,../Dataset/game2/Clip6/Label.csv,0260.jpg,1,669.0,105.0,0,val
game2,Clip6,../Dataset/game2/Clip6/0261.jpg,../Dataset/game2/Clip6/Label.csv,0261.jpg,1,656.0,124.0,0,val
game2,Clip6,../Dataset/game2/Clip6/0262.jpg,../Dataset/game2/Clip6/Label.csv,0262.jpg,1,637.0,142.0,0,val
game2,Clip6,../Dataset/game2/Clip6/0263.jpg,../Dataset/game2/Clip6/Label.csv,0263.jpg,1,620.0,163.0,0,val
game2,Clip6,../Dataset/game2/Clip6/0264.jpg,../Dataset/game2/Clip6/Label.csv,0264.jpg,1,603.0,186.0,0,val
game2,Clip6,../Dataset/game2/Clip6/0265.jpg,../Dataset/game2/Clip6/Label.csv,0265.jpg,1,586.0,211.0,0,val
game2,Clip6,../Dataset/game2/Clip6/0266.jpg,../Dataset/game2/Clip6/Label.csv,0266.jpg,1,572.0,231.0,0,val
game2,Clip6,../Dataset/game2/Clip6/0267.jpg,../Dataset/game2/Clip6/Label.csv,0267.jpg,1,550.0,267.0,0,val
game2,Clip6,../Dataset/game2/Clip6/0268.jpg,../Dataset/game2/Clip6/Label.csv,0268.jpg,1,532.0,298.0,0,val
game2,Clip6,../Dataset/game2/Clip6/0269.jpg,../Dataset/game2/Clip6/Label.csv,0269.jpg,1,513.0,329.0,0,val
game2,Clip6,../Dataset/game2/Clip6/0270.jpg,../Dataset/game2/Clip6/Label.csv,0270.jpg,1,492.0,370.0,0,val
game2,Clip6,../Dataset/game2/Clip6/0271.jpg,../Dataset/game2/Clip6/Label.csv,0271.jpg,1,467.0,405.0,0,val
game2,Clip6,../Dataset/game2/Clip6/0272.jpg,../Dataset/game2/Clip6/Label.csv,0272.jpg,1,455.0,420.0,2,val
game2,Clip6,../Dataset/game2/Clip6/0273.jpg,../Dataset/game2/Clip6/Label.csv,0273.jpg,1,436.0,423.0,0,val
game2,Clip6,../Dataset/game2/Clip6/0274.jpg,../Dataset/game2/Clip6/Label.csv,0274.jpg,1,420.0,432.0,0,val
game2,Clip6,../Dataset/game2/Clip6/0275.jpg,../Dataset/game2/Clip6/Label.csv,0275.jpg,1,403.0,441.0,0,val
game2,Clip6,../Dataset/game2/Clip6/0276.jpg,../Dataset/game2/Clip6/Label.csv,0276.jpg,1,383.0,452.0,0,val
game2,Clip6,../Dataset/game2/Clip6/0277.jpg,../Dataset/game2/Clip6/Label.csv,0277.jpg,1,364.0,466.0,0,val
game2,Clip6,../Dataset/game2/Clip6/0278.jpg,../Dataset/game2/Clip6/Label.csv,0278.jpg,1,346.0,480.0,0,val
game2,Clip6,../Dataset/game2/Clip6/0279.jpg,../Dataset/game2/Clip6/Label.csv,0279.jpg,1,324.0,498.0,0,val
game2,Clip6,../Dataset/game2/Clip6/0280.jpg,../Dataset/game2/Clip6/Label.csv,0280.jpg,1,306.0,516.0,0,val
game2,Clip6,../Dataset/game2/Clip6/0281.jpg,../Dataset/game2/Clip6/Label.csv,0281.jpg,1,285.0,539.0,0,val
game2,Clip6,../Dataset/game2/Clip6/0282.jpg,../Dataset/game2/Clip6/Label.csv,0282.jpg,1,264.0,565.0,0,val
game2,Clip6,../Dataset/game2/Clip6/0283.jpg,../Dataset/game2/Clip6/Label.csv,0283.jpg,1,284.0,538.0,1,val
game2,Clip6,../Dataset/game2/Clip6/0284.jpg,../Dataset/game2/Clip6/Label.csv,0284.jpg,1,329.0,487.0,0,val
game2,Clip6,../Dataset/game2/Clip6/0285.jpg,../Dataset/game2/Clip6/Label.csv,0285.jpg,1,367.0,435.0,0,val
game2,Clip6,../Dataset/game2/Clip6/0286.jpg,../Dataset/game2/Clip6/Label.csv,0286.jpg,1,400.0,396.0,0,val
game2,Clip6,../Dataset/game2/Clip6/0287.jpg,../Dataset/game2/Clip6/Label.csv,0287.jpg,1,434.0,361.0,0,val
game2,Clip6,../Dataset/game2/Clip6/0288.jpg,../Dataset/game2/Clip6/Label.csv,0288.jpg,1,458.0,330.0,0,val
game2,Clip6,../Dataset/game2/Clip6/0289.jpg,../Dataset/game2/Clip6/Label.csv,0289.jpg,1,488.0,301.0,0,val
game2,Clip6,../Dataset/game2/Clip6/0290.jpg,../Dataset/game2/Clip6/Label.csv,0290.jpg,1,509.0,279.0,0,val
game2,Clip6,../Dataset/game2/Clip6/0291.jpg,../Dataset/game2/Clip6/Label.csv,0291.jpg,1,533.0,258.0,0,val
game2,Clip6,../Dataset/game2/Clip6/0292.jpg,../Dataset/game2/Clip6/Label.csv,0292.jpg,1,554.0,237.0,0,val
game2,Clip6,../Dataset/game2/Clip6/0293.jpg,../Dataset/game2/Clip6/Label.csv,0293.jpg,1,573.0,221.0,0,val
game2,Clip6,../Dataset/game2/Clip6/0294.jpg,../Dataset/game2/Clip6/Label.csv,0294.jpg,1,592.0,207.0,0,val
game2,Clip6,../Dataset/game2/Clip6/0295.jpg,../Dataset/game2/Clip6/Label.csv,0295.jpg,1,609.0,196.0,0,val
game2,Clip6,../Dataset/game2/Clip6/0296.jpg,../Dataset/game2/Clip6/Label.csv,0296.jpg,1,625.0,186.0,0,val
game2,Clip6,../Dataset/game2/Clip6/0297.jpg,../Dataset/game2/Clip6/Label.csv,0297.jpg,1,637.0,179.0,0,val
game2,Clip6,../Dataset/game2/Clip6/0298.jpg,../Dataset/game2/Clip6/Label.csv,0298.jpg,1,649.0,171.0,0,val
game2,Clip6,../Dataset/game2/Clip6/0299.jpg,../Dataset/game2/Clip6/Label.csv,0299.jpg,1,666.0,166.0,0,val
game2,Clip6,../Dataset/game2/Clip6/0300.jpg,../Dataset/game2/Clip6/Label.csv,0300.jpg,1,678.0,164.0,0,val
game2,Clip6,../Dataset/game2/Clip6/0301.jpg,../Dataset/game2/Clip6/Label.csv,0301.jpg,1,690.0,159.0,0,val
game2,Clip6,../Dataset/game2/Clip6/0302.jpg,../Dataset/game2/Clip6/Label.csv,0302.jpg,1,702.0,156.0,0,val
game2,Clip6,../Dataset/game2/Clip6/0303.jpg,../Dataset/game2/Clip6/Label.csv,0303.jpg,1,711.0,153.0,0,val
game2,Clip6,../Dataset/game2/Clip6/0304.jpg,../Dataset/game2/Clip6/Label.csv,0304.jpg,1,723.0,154.0,0,val
game2,Clip6,../Dataset/game2/Clip6/0305.jpg,../Dataset/game2/Clip6/Label.csv,0305.jpg,1,732.0,155.0,0,val
game2,Clip6,../Dataset/game2/Clip6/0306.jpg,../Dataset/game2/Clip6/Label.csv,0306.jpg,1,740.0,154.0,2,val
game2,Clip6,../Dataset/game2/Clip6/0307.jpg,../Dataset/game2/Clip6/Label.csv,0307.jpg,1,750.0,151.0,0,val
game2,Clip6,../Dataset/game2/Clip6/0308.jpg,../Dataset/game2/Clip6/Label.csv,0308.jpg,1,756.0,136.0,0,val
game2,Clip6,../Dataset/game2/Clip6/0309.jpg,../Dataset/game2/Clip6/Label.csv,0309.jpg,2,760.0,126.0,0,val
game2,Clip6,../Dataset/game2/Clip6/0310.jpg,../Dataset/game2/Clip6/Label.csv,0310.jpg,1,767.0,112.0,0,val
game2,Clip6,../Dataset/game2/Clip6/0311.jpg,../Dataset/game2/Clip6/Label.csv,0311.jpg,1,773.0,103.0,0,val
game2,Clip6,../Dataset/game2/Clip6/0312.jpg,../Dataset/game2/Clip6/Label.csv,0312.jpg,1,779.0,96.0,0,val
game2,Clip6,../Dataset/game2/Clip6/0313.jpg,../Dataset/game2/Clip6/Label.csv,0313.jpg,1,787.0,86.0,0,val
game2,Clip6,../Dataset/game2/Clip6/0314.jpg,../Dataset/game2/Clip6/Label.csv,0314.jpg,1,788.0,79.0,0,val
game2,Clip6,../Dataset/game2/Clip6/0315.jpg,../Dataset/game2/Clip6/Label.csv,0315.jpg,1,791.0,75.0,1,val
game2,Clip6,../Dataset/game2/Clip6/0316.jpg,../Dataset/game2/Clip6/Label.csv,0316.jpg,1,793.0,86.0,0,val
game2,Clip6,../Dataset/game2/Clip6/0317.jpg,../Dataset/game2/Clip6/Label.csv,0317.jpg,1,792.0,98.0,0,val
game2,Clip6,../Dataset/game2/Clip6/0318.jpg,../Dataset/game2/Clip6/Label.csv,0318.jpg,1,791.0,115.0,0,val
game2,Clip6,../Dataset/game2/Clip6/0319.jpg,../Dataset/game2/Clip6/Label.csv,0319.jpg,1,788.0,129.0,0,val
game2,Clip6,../Dataset/game2/Clip6/0320.jpg,../Dataset/game2/Clip6/Label.csv,0320.jpg,1,788.0,147.0,0,val
game2,Clip6,../Dataset/game2/Clip6/0321.jpg,../Dataset/game2/Clip6/Label.csv,0321.jpg,1,788.0,166.0,0,val
game2,Clip6,../Dataset/game2/Clip6/0322.jpg,../Dataset/game2/Clip6/Label.csv,0322.jpg,1,784.0,190.0,0,val
game2,Clip6,../Dataset/game2/Clip6/0323.jpg,../Dataset/game2/Clip6/Label.csv,0323.jpg,1,783.0,213.0,0,val
game2,Clip6,../Dataset/game2/Clip6/0324.jpg,../Dataset/game2/Clip6/Label.csv,0324.jpg,1,785.0,238.0,0,val
game2,Clip6,../Dataset/game2/Clip6/0325.jpg,../Dataset/game2/Clip6/Label.csv,0325.jpg,1,784.0,267.0,0,val
game2,Clip6,../Dataset/game2/Clip6/0326.jpg,../Dataset/game2/Clip6/Label.csv,0326.jpg,1,782.0,301.0,0,val
game2,Clip6,../Dataset/game2/Clip6/0327.jpg,../Dataset/game2/Clip6/Label.csv,0327.jpg,1,783.0,338.0,0,val
game2,Clip6,../Dataset/game2/Clip6/0328.jpg,../Dataset/game2/Clip6/Label.csv,0328.jpg,1,782.0,367.0,0,val
game2,Clip6,../Dataset/game2/Clip6/0329.jpg,../Dataset/game2/Clip6/Label.csv,0329.jpg,1,781.0,407.0,0,val
game2,Clip6,../Dataset/game2/Clip6/0330.jpg,../Dataset/game2/Clip6/Label.csv,0330.jpg,1,783.0,451.0,0,val
game2,Clip6,../Dataset/game2/Clip6/0331.jpg,../Dataset/game2/Clip6/Label.csv,0331.jpg,1,782.0,496.0,0,val
game2,Clip6,../Dataset/game2/Clip6/0332.jpg,../Dataset/game2/Clip6/Label.csv,0332.jpg,1,782.0,518.0,0,val
game2,Clip6,../Dataset/game2/Clip6/0333.jpg,../Dataset/game2/Clip6/Label.csv,0333.jpg,1,783.0,528.0,2,val
game2,Clip6,../Dataset/game2/Clip6/0334.jpg,../Dataset/game2/Clip6/Label.csv,0334.jpg,1,783.0,543.0,0,val
game2,Clip6,../Dataset/game2/Clip6/0335.jpg,../Dataset/game2/Clip6/Label.csv,0335.jpg,1,784.0,556.0,0,val
game2,Clip6,../Dataset/game2/Clip6/0336.jpg,../Dataset/game2/Clip6/Label.csv,0336.jpg,2,788.0,574.0,0,val
game2,Clip6,../Dataset/game2/Clip6/0337.jpg,../Dataset/game2/Clip6/Label.csv,0337.jpg,1,785.0,595.0,0,val
game2,Clip6,../Dataset/game2/Clip6/0338.jpg,../Dataset/game2/Clip6/Label.csv,0338.jpg,1,785.0,615.0,0,val
game2,Clip6,../Dataset/game2/Clip6/0339.jpg,../Dataset/game2/Clip6/Label.csv,0339.jpg,1,789.0,632.0,1,val
game2,Clip6,../Dataset/game2/Clip6/0340.jpg,../Dataset/game2/Clip6/Label.csv,0340.jpg,1,777.0,572.0,0,val
game2,Clip6,../Dataset/game2/Clip6/0341.jpg,../Dataset/game2/Clip6/Label.csv,0341.jpg,1,768.0,522.0,0,val
game2,Clip6,../Dataset/game2/Clip6/0342.jpg,../Dataset/game2/Clip6/Label.csv,0342.jpg,1,760.0,475.0,0,val
game2,Clip6,../Dataset/game2/Clip6/0343.jpg,../Dataset/game2/Clip6/Label.csv,0343.jpg,1,753.0,434.0,0,val
game2,Clip6,../Dataset/game2/Clip6/0344.jpg,../Dataset/game2/Clip6/Label.csv,0344.jpg,1,745.0,400.0,0,val
game2,Clip6,../Dataset/game2/Clip6/0345.jpg,../Dataset/game2/Clip6/Label.csv,0345.jpg,1,741.0,368.0,0,val
game2,Clip6,../Dataset/game2/Clip6/0346.jpg,../Dataset/game2/Clip6/Label.csv,0346.jpg,1,733.0,341.0,0,val
game2,Clip6,../Dataset/game2/Clip6/0347.jpg,../Dataset/game2/Clip6/Label.csv,0347.jpg,1,729.0,315.0,0,val
game2,Clip6,../Dataset/game2/Clip6/0348.jpg,../Dataset/game2/Clip6/Label.csv,0348.jpg,1,722.0,290.0,0,val
game2,Clip6,../Dataset/game2/Clip6/0349.jpg,../Dataset/game2/Clip6/Label.csv,0349.jpg,1,717.0,268.0,0,val
game2,Clip6,../Dataset/game2/Clip6/0350.jpg,../Dataset/game2/Clip6/Label.csv,0350.jpg,1,713.0,253.0,0,val
game2,Clip6,../Dataset/game2/Clip6/0351.jpg,../Dataset/game2/Clip6/Label.csv,0351.jpg,2,709.0,238.0,0,val
game2,Clip6,../Dataset/game2/Clip6/0352.jpg,../Dataset/game2/Clip6/Label.csv,0352.jpg,1,703.0,221.0,0,val
game2,Clip6,../Dataset/game2/Clip6/0353.jpg,../Dataset/game2/Clip6/Label.csv,0353.jpg,1,700.0,210.0,0,val
game2,Clip6,../Dataset/game2/Clip6/0354.jpg,../Dataset/game2/Clip6/Label.csv,0354.jpg,1,697.0,198.0,0,val
game2,Clip6,../Dataset/game2/Clip6/0355.jpg,../Dataset/game2/Clip6/Label.csv,0355.jpg,1,691.0,190.0,0,val
game2,Clip6,../Dataset/game2/Clip6/0356.jpg,../Dataset/game2/Clip6/Label.csv,0356.jpg,1,690.0,179.0,0,val
game2,Clip6,../Dataset/game2/Clip6/0357.jpg,../Dataset/game2/Clip6/Label.csv,0357.jpg,1,686.0,173.0,0,val
game2,Clip6,../Dataset/game2/Clip6/0358.jpg,../Dataset/game2/Clip6/Label.csv,0358.jpg,1,684.0,168.0,0,val
game2,Clip6,../Dataset/game2/Clip6/0359.jpg,../Dataset/game2/Clip6/Label.csv,0359.jpg,1,680.0,163.0,0,val
game2,Clip6,../Dataset/game2/Clip6/0360.jpg,../Dataset/game2/Clip6/Label.csv,0360.jpg,1,677.0,160.0,0,val
game2,Clip6,../Dataset/game2/Clip6/0361.jpg,../Dataset/game2/Clip6/Label.csv,0361.jpg,1,674.0,158.0,0,val
game2,Clip6,../Dataset/game2/Clip6/0362.jpg,../Dataset/game2/Clip6/Label.csv,0362.jpg,1,672.0,156.0,0,val
game2,Clip6,../Dataset/game2/Clip6/0363.jpg,../Dataset/game2/Clip6/Label.csv,0363.jpg,1,666.0,158.0,0,val
game2,Clip6,../Dataset/game2/Clip6/0364.jpg,../Dataset/game2/Clip6/Label.csv,0364.jpg,1,667.0,156.0,0,val
game2,Clip6,../Dataset/game2/Clip6/0365.jpg,../Dataset/game2/Clip6/Label.csv,0365.jpg,1,662.0,158.0,0,val
game2,Clip6,../Dataset/game2/Clip6/0366.jpg,../Dataset/game2/Clip6/Label.csv,0366.jpg,1,661.0,158.0,0,val
game2,Clip6,../Dataset/game2/Clip6/0367.jpg,../Dataset/game2/Clip6/Label.csv,0367.jpg,1,660.0,162.0,0,val
game2,Clip6,../Dataset/game2/Clip6/0368.jpg,../Dataset/game2/Clip6/Label.csv,0368.jpg,1,657.0,164.0,0,val
game2,Clip6,../Dataset/game2/Clip6/0369.jpg,../Dataset/game2/Clip6/Label.csv,0369.jpg,1,656.0,170.0,0,val
game2,Clip6,../Dataset/game2/Clip6/0370.jpg,../Dataset/game2/Clip6/Label.csv,0370.jpg,1,653.0,170.0,2,val
game2,Clip6,../Dataset/game2/Clip6/0371.jpg,../Dataset/game2/Clip6/Label.csv,0371.jpg,1,652.0,159.0,0,val
game2,Clip6,../Dataset/game2/Clip6/0372.jpg,../Dataset/game2/Clip6/Label.csv,0372.jpg,1,651.0,143.0,0,val
game2,Clip6,../Dataset/game2/Clip6/0373.jpg,../Dataset/game2/Clip6/Label.csv,0373.jpg,1,650.0,135.0,0,val
game2,Clip6,../Dataset/game2/Clip6/0374.jpg,../Dataset/game2/Clip6/Label.csv,0374.jpg,1,650.0,123.0,0,val
game2,Clip6,../Dataset/game2/Clip6/0375.jpg,../Dataset/game2/Clip6/Label.csv,0375.jpg,1,647.0,115.0,0,val
game2,Clip6,../Dataset/game2/Clip6/0376.jpg,../Dataset/game2/Clip6/Label.csv,0376.jpg,1,647.0,105.0,0,val
game2,Clip6,../Dataset/game2/Clip6/0377.jpg,../Dataset/game2/Clip6/Label.csv,0377.jpg,1,647.0,100.0,0,val
game2,Clip6,../Dataset/game2/Clip6/0378.jpg,../Dataset/game2/Clip6/Label.csv,0378.jpg,1,644.0,96.0,0,val
game2,Clip6,../Dataset/game2/Clip6/0379.jpg,../Dataset/game2/Clip6/Label.csv,0379.jpg,1,644.0,89.0,0,val
game2,Clip6,../Dataset/game2/Clip6/0380.jpg,../Dataset/game2/Clip6/Label.csv,0380.jpg,1,643.0,87.0,0,val
game2,Clip6,../Dataset/game2/Clip6/0381.jpg,../Dataset/game2/Clip6/Label.csv,0381.jpg,1,642.0,85.0,0,val
game2,Clip6,../Dataset/game2/Clip6/0382.jpg,../Dataset/game2/Clip6/Label.csv,0382.jpg,1,640.0,81.0,0,val
game2,Clip6,../Dataset/game2/Clip6/0383.jpg,../Dataset/game2/Clip6/Label.csv,0383.jpg,1,639.0,81.0,0,val
game2,Clip6,../Dataset/game2/Clip6/0384.jpg,../Dataset/game2/Clip6/Label.csv,0384.jpg,1,637.0,82.0,1,val
game2,Clip6,../Dataset/game2/Clip6/0385.jpg,../Dataset/game2/Clip6/Label.csv,0385.jpg,1,632.0,87.0,0,val
game2,Clip6,../Dataset/game2/Clip6/0386.jpg,../Dataset/game2/Clip6/Label.csv,0386.jpg,1,620.0,102.0,0,val
game2,Clip6,../Dataset/game2/Clip6/0387.jpg,../Dataset/game2/Clip6/Label.csv,0387.jpg,1,612.0,115.0,0,val
game2,Clip6,../Dataset/game2/Clip6/0388.jpg,../Dataset/game2/Clip6/Label.csv,0388.jpg,1,601.0,130.0,0,val
game2,Clip6,../Dataset/game2/Clip6/0389.jpg,../Dataset/game2/Clip6/Label.csv,0389.jpg,1,592.0,145.0,0,val
game2,Clip6,../Dataset/game2/Clip6/0390.jpg,../Dataset/game2/Clip6/Label.csv,0390.jpg,1,581.0,167.0,0,val
game2,Clip6,../Dataset/game2/Clip6/0391.jpg,../Dataset/game2/Clip6/Label.csv,0391.jpg,1,569.0,186.0,0,val
game2,Clip6,../Dataset/game2/Clip6/0392.jpg,../Dataset/game2/Clip6/Label.csv,0392.jpg,1,557.0,210.0,0,val
game2,Clip6,../Dataset/game2/Clip6/0393.jpg,../Dataset/game2/Clip6/Label.csv,0393.jpg,1,547.0,233.0,0,val
game2,Clip6,../Dataset/game2/Clip6/0394.jpg,../Dataset/game2/Clip6/Label.csv,0394.jpg,1,535.0,260.0,0,val
game2,Clip6,../Dataset/game2/Clip6/0395.jpg,../Dataset/game2/Clip6/Label.csv,0395.jpg,1,522.0,291.0,0,val
game2,Clip6,../Dataset/game2/Clip6/0396.jpg,../Dataset/game2/Clip6/Label.csv,0396.jpg,1,510.0,325.0,0,val
game2,Clip6,../Dataset/game2/Clip6/0397.jpg,../Dataset/game2/Clip6/Label.csv,0397.jpg,1,497.0,358.0,0,val
game2,Clip6,../Dataset/game2/Clip6/0398.jpg,../Dataset/game2/Clip6/Label.csv,0398.jpg,1,485.0,392.0,0,val
game2,Clip6,../Dataset/game2/Clip6/0399.jpg,../Dataset/game2/Clip6/Label.csv,0399.jpg,1,469.0,432.0,0,val
game2,Clip6,../Dataset/game2/Clip6/0400.jpg,../Dataset/game2/Clip6/Label.csv,0400.jpg,1,459.0,452.0,0,val
game2,Clip6,../Dataset/game2/Clip6/0401.jpg,../Dataset/game2/Clip6/Label.csv,0401.jpg,1,451.0,461.0,2,val
game2,Clip6,../Dataset/game2/Clip6/0402.jpg,../Dataset/game2/Clip6/Label.csv,0402.jpg,1,436.0,469.0,0,val
game2,Clip6,../Dataset/game2/Clip6/0403.jpg,../Dataset/game2/Clip6/Label.csv,0403.jpg,1,427.0,484.0,0,val
game2,Clip6,../Dataset/game2/Clip6/0404.jpg,../Dataset/game2/Clip6/Label.csv,0404.jpg,1,413.0,496.0,0,val
game2,Clip6,../Dataset/game2/Clip6/0405.jpg,../Dataset/game2/Clip6/Label.csv,0405.jpg,1,404.0,514.0,0,val
game2,Clip6,../Dataset/game2/Clip6/0406.jpg,../Dataset/game2/Clip6/Label.csv,0406.jpg,1,389.0,533.0,0,val
game2,Clip6,../Dataset/game2/Clip6/0407.jpg,../Dataset/game2/Clip6/Label.csv,0407.jpg,1,377.0,553.0,0,val
game2,Clip6,../Dataset/game2/Clip6/0408.jpg,../Dataset/game2/Clip6/Label.csv,0408.jpg,1,363.0,576.0,0,val
game2,Clip6,../Dataset/game2/Clip6/0409.jpg,../Dataset/game2/Clip6/Label.csv,0409.jpg,1,352.0,602.0,0,val
game2,Clip6,../Dataset/game2/Clip6/0410.jpg,../Dataset/game2/Clip6/Label.csv,0410.jpg,1,336.0,630.0,0,val
game2,Clip6,../Dataset/game2/Clip6/0411.jpg,../Dataset/game2/Clip6/Label.csv,0411.jpg,0,-1.0,-1.0,0,val
game2,Clip6,../Dataset/game2/Clip6/0412.jpg,../Dataset/game2/Clip6/Label.csv,0412.jpg,0,-1.0,-1.0,0,val
game2,Clip6,../Dataset/game2/Clip6/0413.jpg,../Dataset/game2/Clip6/Label.csv,0413.jpg,0,-1.0,-1.0,0,val
game2,Clip6,../Dataset/game2/Clip6/0414.jpg,../Dataset/game2/Clip6/Label.csv,0414.jpg,1,343.0,619.0,0,val
game2,Clip6,../Dataset/game2/Clip6/0415.jpg,../Dataset/game2/Clip6/Label.csv,0415.jpg,1,371.0,561.0,0,val
game2,Clip6,../Dataset/game2/Clip6/0416.jpg,../Dataset/game2/Clip6/Label.csv,0416.jpg,1,395.0,503.0,0,val
game2,Clip6,../Dataset/game2/Clip6/0417.jpg,../Dataset/game2/Clip6/Label.csv,0417.jpg,1,418.0,454.0,0,val
game2,Clip6,../Dataset/game2/Clip6/0418.jpg,../Dataset/game2/Clip6/Label.csv,0418.jpg,1,440.0,411.0,0,val
game2,Clip6,../Dataset/game2/Clip6/0419.jpg,../Dataset/game2/Clip6/Label.csv,0419.jpg,1,457.0,374.0,0,val
game2,Clip6,../Dataset/game2/Clip6/0420.jpg,../Dataset/game2/Clip6/Label.csv,0420.jpg,1,474.0,342.0,0,val
game2,Clip6,../Dataset/game2/Clip6/0421.jpg,../Dataset/game2/Clip6/Label.csv,0421.jpg,1,491.0,312.0,0,val
game2,Clip6,../Dataset/game2/Clip6/0422.jpg,../Dataset/game2/Clip6/Label.csv,0422.jpg,1,506.0,286.0,0,val
game2,Clip6,../Dataset/game2/Clip6/0423.jpg,../Dataset/game2/Clip6/Label.csv,0423.jpg,1,521.0,264.0,0,val
game2,Clip6,../Dataset/game2/Clip6/0424.jpg,../Dataset/game2/Clip6/Label.csv,0424.jpg,1,534.0,241.0,0,val
game2,Clip6,../Dataset/game2/Clip6/0425.jpg,../Dataset/game2/Clip6/Label.csv,0425.jpg,1,546.0,224.0,0,val
game2,Clip6,../Dataset/game2/Clip6/0426.jpg,../Dataset/game2/Clip6/Label.csv,0426.jpg,1,557.0,205.0,0,val
game2,Clip6,../Dataset/game2/Clip6/0427.jpg,../Dataset/game2/Clip6/Label.csv,0427.jpg,1,567.0,194.0,0,val
game2,Clip6,../Dataset/game2/Clip6/0428.jpg,../Dataset/game2/Clip6/Label.csv,0428.jpg,1,576.0,184.0,0,val
game2,Clip6,../Dataset/game2/Clip6/0429.jpg,../Dataset/game2/Clip6/Label.csv,0429.jpg,1,589.0,170.0,0,val
game2,Clip6,../Dataset/game2/Clip6/0430.jpg,../Dataset/game2/Clip6/Label.csv,0430.jpg,1,595.0,162.0,0,val
game2,Clip6,../Dataset/game2/Clip6/0431.jpg,../Dataset/game2/Clip6/Label.csv,0431.jpg,1,604.0,154.0,0,val
game2,Clip6,../Dataset/game2/Clip6/0432.jpg,../Dataset/game2/Clip6/Label.csv,0432.jpg,1,610.0,149.0,0,val
game2,Clip6,../Dataset/game2/Clip6/0433.jpg,../Dataset/game2/Clip6/Label.csv,0433.jpg,1,621.0,144.0,0,val
game2,Clip6,../Dataset/game2/Clip6/0434.jpg,../Dataset/game2/Clip6/Label.csv,0434.jpg,1,625.0,140.0,0,val
game2,Clip6,../Dataset/game2/Clip6/0435.jpg,../Dataset/game2/Clip6/Label.csv,0435.jpg,1,633.0,139.0,0,val
game2,Clip6,../Dataset/game2/Clip6/0436.jpg,../Dataset/game2/Clip6/Label.csv,0436.jpg,1,642.0,138.0,0,val
game2,Clip6,../Dataset/game2/Clip6/0437.jpg,../Dataset/game2/Clip6/Label.csv,0437.jpg,1,645.0,136.0,0,val
game2,Clip6,../Dataset/game2/Clip6/0438.jpg,../Dataset/game2/Clip6/Label.csv,0438.jpg,1,651.0,137.0,0,val
game2,Clip6,../Dataset/game2/Clip6/0439.jpg,../Dataset/game2/Clip6/Label.csv,0439.jpg,1,656.0,138.0,0,val
game2,Clip6,../Dataset/game2/Clip6/0440.jpg,../Dataset/game2/Clip6/Label.csv,0440.jpg,1,661.0,140.0,0,val
game2,Clip6,../Dataset/game2/Clip6/0441.jpg,../Dataset/game2/Clip6/Label.csv,0441.jpg,1,667.0,143.0,0,val
game2,Clip6,../Dataset/game2/Clip6/0442.jpg,../Dataset/game2/Clip6/Label.csv,0442.jpg,1,673.0,148.0,2,val
game2,Clip6,../Dataset/game2/Clip6/0443.jpg,../Dataset/game2/Clip6/Label.csv,0443.jpg,1,676.0,132.0,0,val
game2,Clip6,../Dataset/game2/Clip6/0444.jpg,../Dataset/game2/Clip6/Label.csv,0444.jpg,1,679.0,118.0,0,val
game2,Clip6,../Dataset/game2/Clip6/0445.jpg,../Dataset/game2/Clip6/Label.csv,0445.jpg,1,683.0,106.0,0,val
game2,Clip6,../Dataset/game2/Clip6/0446.jpg,../Dataset/game2/Clip6/Label.csv,0446.jpg,1,684.0,95.0,0,val
game2,Clip6,../Dataset/game2/Clip6/0447.jpg,../Dataset/game2/Clip6/Label.csv,0447.jpg,1,689.0,87.0,0,val
game2,Clip6,../Dataset/game2/Clip6/0448.jpg,../Dataset/game2/Clip6/Label.csv,0448.jpg,1,692.0,78.0,0,val
game2,Clip6,../Dataset/game2/Clip6/0449.jpg,../Dataset/game2/Clip6/Label.csv,0449.jpg,1,696.0,70.0,0,val
game2,Clip6,../Dataset/game2/Clip6/0450.jpg,../Dataset/game2/Clip6/Label.csv,0450.jpg,1,696.0,63.0,0,val
game2,Clip6,../Dataset/game2/Clip6/0451.jpg,../Dataset/game2/Clip6/Label.csv,0451.jpg,1,699.0,57.0,0,val
game2,Clip6,../Dataset/game2/Clip6/0452.jpg,../Dataset/game2/Clip6/Label.csv,0452.jpg,1,703.0,54.0,1,val
game2,Clip6,../Dataset/game2/Clip6/0453.jpg,../Dataset/game2/Clip6/Label.csv,0453.jpg,1,711.0,68.0,0,val
game2,Clip6,../Dataset/game2/Clip6/0454.jpg,../Dataset/game2/Clip6/Label.csv,0454.jpg,1,719.0,84.0,0,val
game2,Clip6,../Dataset/game2/Clip6/0455.jpg,../Dataset/game2/Clip6/Label.csv,0455.jpg,1,725.0,98.0,0,val
game2,Clip6,../Dataset/game2/Clip6/0456.jpg,../Dataset/game2/Clip6/Label.csv,0456.jpg,1,734.0,117.0,0,val
game2,Clip6,../Dataset/game2/Clip6/0457.jpg,../Dataset/game2/Clip6/Label.csv,0457.jpg,1,742.0,137.0,0,val
game2,Clip6,../Dataset/game2/Clip6/0458.jpg,../Dataset/game2/Clip6/Label.csv,0458.jpg,1,748.0,158.0,0,val
game2,Clip6,../Dataset/game2/Clip6/0459.jpg,../Dataset/game2/Clip6/Label.csv,0459.jpg,1,757.0,182.0,0,val
game2,Clip6,../Dataset/game2/Clip6/0460.jpg,../Dataset/game2/Clip6/Label.csv,0460.jpg,1,765.0,207.0,0,val
game2,Clip6,../Dataset/game2/Clip6/0461.jpg,../Dataset/game2/Clip6/Label.csv,0461.jpg,1,775.0,232.0,0,val
game2,Clip6,../Dataset/game2/Clip6/0462.jpg,../Dataset/game2/Clip6/Label.csv,0462.jpg,1,782.0,263.0,0,val
game2,Clip6,../Dataset/game2/Clip6/0463.jpg,../Dataset/game2/Clip6/Label.csv,0463.jpg,1,791.0,294.0,0,val
game2,Clip6,../Dataset/game2/Clip6/0464.jpg,../Dataset/game2/Clip6/Label.csv,0464.jpg,1,800.0,328.0,0,val
game2,Clip6,../Dataset/game2/Clip6/0465.jpg,../Dataset/game2/Clip6/Label.csv,0465.jpg,1,811.0,364.0,0,val
game2,Clip6,../Dataset/game2/Clip6/0466.jpg,../Dataset/game2/Clip6/Label.csv,0466.jpg,1,819.0,403.0,0,val
game2,Clip6,../Dataset/game2/Clip6/0467.jpg,../Dataset/game2/Clip6/Label.csv,0467.jpg,1,829.0,445.0,0,val
game2,Clip6,../Dataset/game2/Clip6/0468.jpg,../Dataset/game2/Clip6/Label.csv,0468.jpg,1,841.0,490.0,0,val
game2,Clip6,../Dataset/game2/Clip6/0469.jpg,../Dataset/game2/Clip6/Label.csv,0469.jpg,1,847.0,504.0,2,val
game2,Clip6,../Dataset/game2/Clip6/0470.jpg,../Dataset/game2/Clip6/Label.csv,0470.jpg,1,857.0,514.0,0,val
game2,Clip6,../Dataset/game2/Clip6/0471.jpg,../Dataset/game2/Clip6/Label.csv,0471.jpg,1,866.0,527.0,0,val
game2,Clip6,../Dataset/game2/Clip6/0472.jpg,../Dataset/game2/Clip6/Label.csv,0472.jpg,1,880.0,545.0,0,val
game2,Clip6,../Dataset/game2/Clip6/0473.jpg,../Dataset/game2/Clip6/Label.csv,0473.jpg,1,887.0,560.0,0,val
game2,Clip6,../Dataset/game2/Clip6/0474.jpg,../Dataset/game2/Clip6/Label.csv,0474.jpg,1,898.0,581.0,0,val
game2,Clip6,../Dataset/game2/Clip6/0475.jpg,../Dataset/game2/Clip6/Label.csv,0475.jpg,1,907.0,603.0,0,val
game2,Clip6,../Dataset/game2/Clip6/0476.jpg,../Dataset/game2/Clip6/Label.csv,0476.jpg,1,920.0,628.0,0,val
game2,Clip6,../Dataset/game2/Clip6/0477.jpg,../Dataset/game2/Clip6/Label.csv,0477.jpg,1,931.0,659.0,0,val
game2,Clip6,../Dataset/game2/Clip6/0478.jpg,../Dataset/game2/Clip6/Label.csv,0478.jpg,1,941.0,681.0,1,val
game2,Clip6,../Dataset/game2/Clip6/0479.jpg,../Dataset/game2/Clip6/Label.csv,0479.jpg,1,923.0,639.0,0,val
game2,Clip6,../Dataset/game2/Clip6/0480.jpg,../Dataset/game2/Clip6/Label.csv,0480.jpg,1,901.0,591.0,0,val
game2,Clip6,../Dataset/game2/Clip6/0481.jpg,../Dataset/game2/Clip6/Label.csv,0481.jpg,1,883.0,541.0,0,val
game2,Clip6,../Dataset/game2/Clip6/0482.jpg,../Dataset/game2/Clip6/Label.csv,0482.jpg,1,870.0,505.0,0,val
game2,Clip6,../Dataset/game2/Clip6/0483.jpg,../Dataset/game2/Clip6/Label.csv,0483.jpg,1,850.0,467.0,0,val
game2,Clip6,../Dataset/game2/Clip6/0484.jpg,../Dataset/game2/Clip6/Label.csv,0484.jpg,1,838.0,435.0,0,val
game2,Clip6,../Dataset/game2/Clip6/0485.jpg,../Dataset/game2/Clip6/Label.csv,0485.jpg,1,823.0,406.0,0,val
game2,Clip6,../Dataset/game2/Clip6/0486.jpg,../Dataset/game2/Clip6/Label.csv,0486.jpg,1,812.0,377.0,0,val
game2,Clip6,../Dataset/game2/Clip6/0487.jpg,../Dataset/game2/Clip6/Label.csv,0487.jpg,1,800.0,356.0,0,val
game2,Clip6,../Dataset/game2/Clip6/0488.jpg,../Dataset/game2/Clip6/Label.csv,0488.jpg,1,790.0,334.0,0,val
game2,Clip6,../Dataset/game2/Clip6/0489.jpg,../Dataset/game2/Clip6/Label.csv,0489.jpg,1,780.0,314.0,0,val
game2,Clip6,../Dataset/game2/Clip6/0490.jpg,../Dataset/game2/Clip6/Label.csv,0490.jpg,1,770.0,299.0,0,val
game2,Clip6,../Dataset/game2/Clip6/0491.jpg,../Dataset/game2/Clip6/Label.csv,0491.jpg,1,760.0,280.0,0,val
game2,Clip6,../Dataset/game2/Clip6/0492.jpg,../Dataset/game2/Clip6/Label.csv,0492.jpg,1,753.0,265.0,0,val
game2,Clip6,../Dataset/game2/Clip6/0493.jpg,../Dataset/game2/Clip6/Label.csv,0493.jpg,1,745.0,255.0,0,val
game2,Clip6,../Dataset/game2/Clip6/0494.jpg,../Dataset/game2/Clip6/Label.csv,0494.jpg,1,735.0,244.0,0,val
game2,Clip6,../Dataset/game2/Clip6/0495.jpg,../Dataset/game2/Clip6/Label.csv,0495.jpg,2,730.0,236.0,0,val
game2,Clip6,../Dataset/game2/Clip6/0496.jpg,../Dataset/game2/Clip6/Label.csv,0496.jpg,1,722.0,224.0,0,val
game2,Clip6,../Dataset/game2/Clip6/0497.jpg,../Dataset/game2/Clip6/Label.csv,0497.jpg,1,715.0,220.0,0,val
game2,Clip6,../Dataset/game2/Clip6/0498.jpg,../Dataset/game2/Clip6/Label.csv,0498.jpg,1,708.0,211.0,0,val
game2,Clip6,../Dataset/game2/Clip6/0499.jpg,../Dataset/game2/Clip6/Label.csv,0499.jpg,1,705.0,207.0,0,val
game2,Clip6,../Dataset/game2/Clip6/0500.jpg,../Dataset/game2/Clip6/Label.csv,0500.jpg,1,697.0,205.0,0,val
game2,Clip6,../Dataset/game2/Clip6/0501.jpg,../Dataset/game2/Clip6/Label.csv,0501.jpg,1,694.0,202.0,0,val
game2,Clip6,../Dataset/game2/Clip6/0502.jpg,../Dataset/game2/Clip6/Label.csv,0502.jpg,1,687.0,198.0,0,val
game2,Clip6,../Dataset/game2/Clip6/0503.jpg,../Dataset/game2/Clip6/Label.csv,0503.jpg,1,683.0,195.0,0,val
game2,Clip6,../Dataset/game2/Clip6/0504.jpg,../Dataset/game2/Clip6/Label.csv,0504.jpg,1,676.0,195.0,0,val
game2,Clip6,../Dataset/game2/Clip6/0505.jpg,../Dataset/game2/Clip6/Label.csv,0505.jpg,1,671.0,196.0,0,val
game2,Clip6,../Dataset/game2/Clip6/0506.jpg,../Dataset/game2/Clip6/Label.csv,0506.jpg,1,669.0,195.0,0,val
game2,Clip6,../Dataset/game2/Clip6/0507.jpg,../Dataset/game2/Clip6/Label.csv,0507.jpg,1,663.0,197.0,0,val
game2,Clip6,../Dataset/game2/Clip6/0508.jpg,../Dataset/game2/Clip6/Label.csv,0508.jpg,1,660.0,200.0,0,val
game2,Clip6,../Dataset/game2/Clip6/0509.jpg,../Dataset/game2/Clip6/Label.csv,0509.jpg,1,656.0,202.0,2,val
game2,Clip6,../Dataset/game2/Clip6/0510.jpg,../Dataset/game2/Clip6/Label.csv,0510.jpg,1,651.0,186.0,0,val
game2,Clip6,../Dataset/game2/Clip6/0511.jpg,../Dataset/game2/Clip6/Label.csv,0511.jpg,1,647.0,177.0,0,val
game2,Clip6,../Dataset/game2/Clip6/0512.jpg,../Dataset/game2/Clip6/Label.csv,0512.jpg,1,644.0,168.0,0,val
game2,Clip6,../Dataset/game2/Clip6/0513.jpg,../Dataset/game2/Clip6/Label.csv,0513.jpg,1,640.0,158.0,0,val
game2,Clip6,../Dataset/game2/Clip6/0514.jpg,../Dataset/game2/Clip6/Label.csv,0514.jpg,1,636.0,151.0,0,val
game2,Clip6,../Dataset/game2/Clip6/0515.jpg,../Dataset/game2/Clip6/Label.csv,0515.jpg,1,634.0,145.0,0,val
game2,Clip6,../Dataset/game2/Clip6/0516.jpg,../Dataset/game2/Clip6/Label.csv,0516.jpg,1,631.0,139.0,0,val
game2,Clip6,../Dataset/game2/Clip6/0517.jpg,../Dataset/game2/Clip6/Label.csv,0517.jpg,1,629.0,131.0,0,val
game2,Clip6,../Dataset/game2/Clip6/0518.jpg,../Dataset/game2/Clip6/Label.csv,0518.jpg,2,622.0,129.0,0,val
game2,Clip6,../Dataset/game2/Clip6/0519.jpg,../Dataset/game2/Clip6/Label.csv,0519.jpg,2,622.0,127.0,0,val
game2,Clip6,../Dataset/game2/Clip6/0520.jpg,../Dataset/game2/Clip6/Label.csv,0520.jpg,1,620.0,125.0,0,val
game2,Clip6,../Dataset/game2/Clip6/0521.jpg,../Dataset/game2/Clip6/Label.csv,0521.jpg,1,616.0,121.0,0,val
game2,Clip6,../Dataset/game2/Clip6/0522.jpg,../Dataset/game2/Clip6/Label.csv,0522.jpg,1,614.0,123.0,1,val
game2,Clip6,../Dataset/game2/Clip6/0523.jpg,../Dataset/game2/Clip6/Label.csv,0523.jpg,1,625.0,125.0,0,val
game2,Clip6,../Dataset/game2/Clip6/0524.jpg,../Dataset/game2/Clip6/Label.csv,0524.jpg,1,640.0,129.0,0,val
game2,Clip6,../Dataset/game2/Clip6/0525.jpg,../Dataset/game2/Clip6/Label.csv,0525.jpg,1,655.0,137.0,0,val
game2,Clip6,../Dataset/game2/Clip6/0526.jpg,../Dataset/game2/Clip6/Label.csv,0526.jpg,1,668.0,145.0,0,val
game2,Clip6,../Dataset/game2/Clip6/0527.jpg,../Dataset/game2/Clip6/Label.csv,0527.jpg,1,687.0,155.0,0,val
game2,Clip6,../Dataset/game2/Clip6/0528.jpg,../Dataset/game2/Clip6/Label.csv,0528.jpg,1,705.0,168.0,0,val
game2,Clip6,../Dataset/game2/Clip6/0529.jpg,../Dataset/game2/Clip6/Label.csv,0529.jpg,1,721.0,184.0,0,val
game2,Clip6,../Dataset/game2/Clip6/0530.jpg,../Dataset/game2/Clip6/Label.csv,0530.jpg,1,742.0,198.0,0,val
game2,Clip6,../Dataset/game2/Clip6/0531.jpg,../Dataset/game2/Clip6/Label.csv,0531.jpg,1,760.0,220.0,0,val
game2,Clip6,../Dataset/game2/Clip6/0532.jpg,../Dataset/game2/Clip6/Label.csv,0532.jpg,1,777.0,236.0,0,val
game2,Clip6,../Dataset/game2/Clip6/0533.jpg,../Dataset/game2/Clip6/Label.csv,0533.jpg,1,799.0,260.0,0,val
game2,Clip6,../Dataset/game2/Clip6/0534.jpg,../Dataset/game2/Clip6/Label.csv,0534.jpg,1,819.0,284.0,0,val
game2,Clip6,../Dataset/game2/Clip6/0535.jpg,../Dataset/game2/Clip6/Label.csv,0535.jpg,1,840.0,312.0,0,val
game2,Clip6,../Dataset/game2/Clip6/0536.jpg,../Dataset/game2/Clip6/Label.csv,0536.jpg,1,861.0,341.0,0,val
game2,Clip6,../Dataset/game2/Clip6/0537.jpg,../Dataset/game2/Clip6/Label.csv,0537.jpg,1,884.0,375.0,0,val
game2,Clip6,../Dataset/game2/Clip6/0538.jpg,../Dataset/game2/Clip6/Label.csv,0538.jpg,1,906.0,408.0,0,val
game2,Clip6,../Dataset/game2/Clip6/0539.jpg,../Dataset/game2/Clip6/Label.csv,0539.jpg,1,930.0,444.0,0,val
game2,Clip6,../Dataset/game2/Clip6/0540.jpg,../Dataset/game2/Clip6/Label.csv,0540.jpg,2,955.0,484.0,2,val
game2,Clip6,../Dataset/game2/Clip6/0541.jpg,../Dataset/game2/Clip6/Label.csv,0541.jpg,1,969.0,485.0,0,val
game2,Clip6,../Dataset/game2/Clip6/0542.jpg,../Dataset/game2/Clip6/Label.csv,0542.jpg,1,993.0,488.0,0,val
game2,Clip6,../Dataset/game2/Clip6/0543.jpg,../Dataset/game2/Clip6/Label.csv,0543.jpg,1,1010.0,495.0,0,val
game2,Clip6,../Dataset/game2/Clip6/0544.jpg,../Dataset/game2/Clip6/Label.csv,0544.jpg,1,1029.0,502.0,0,val
game2,Clip6,../Dataset/game2/Clip6/0545.jpg,../Dataset/game2/Clip6/Label.csv,0545.jpg,1,1048.0,509.0,0,val
game2,Clip6,../Dataset/game2/Clip6/0546.jpg,../Dataset/game2/Clip6/Label.csv,0546.jpg,1,1070.0,519.0,0,val
game2,Clip6,../Dataset/game2/Clip6/0547.jpg,../Dataset/game2/Clip6/Label.csv,0547.jpg,1,1094.0,534.0,0,val
game2,Clip6,../Dataset/game2/Clip6/0548.jpg,../Dataset/game2/Clip6/Label.csv,0548.jpg,1,1117.0,549.0,0,val
game2,Clip6,../Dataset/game2/Clip6/0549.jpg,../Dataset/game2/Clip6/Label.csv,0549.jpg,1,1139.0,566.0,0,val
game2,Clip6,../Dataset/game2/Clip6/0550.jpg,../Dataset/game2/Clip6/Label.csv,0550.jpg,1,1164.0,584.0,0,val
game2,Clip1,../Dataset/game2/Clip1/0000.jpg,../Dataset/game2/Clip1/Label.csv,0000.jpg,1,628.0,73.0,0,test
game2,Clip1,../Dataset/game2/Clip1/0001.jpg,../Dataset/game2/Clip1/Label.csv,0001.jpg,1,599.0,104.0,0,test
game2,Clip1,../Dataset/game2/Clip1/0002.jpg,../Dataset/game2/Clip1/Label.csv,0002.jpg,1,569.0,144.0,0,test
game2,Clip1,../Dataset/game2/Clip1/0003.jpg,../Dataset/game2/Clip1/Label.csv,0003.jpg,1,546.0,174.0,0,test
game2,Clip1,../Dataset/game2/Clip1/0004.jpg,../Dataset/game2/Clip1/Label.csv,0004.jpg,1,516.0,213.0,0,test
game2,Clip1,../Dataset/game2/Clip1/0005.jpg,../Dataset/game2/Clip1/Label.csv,0005.jpg,1,491.0,255.0,0,test
game2,Clip1,../Dataset/game2/Clip1/0006.jpg,../Dataset/game2/Clip1/Label.csv,0006.jpg,1,459.0,299.0,0,test
game2,Clip1,../Dataset/game2/Clip1/0007.jpg,../Dataset/game2/Clip1/Label.csv,0007.jpg,1,435.0,344.0,0,test
game2,Clip1,../Dataset/game2/Clip1/0008.jpg,../Dataset/game2/Clip1/Label.csv,0008.jpg,1,405.0,393.0,0,test
game2,Clip1,../Dataset/game2/Clip1/0009.jpg,../Dataset/game2/Clip1/Label.csv,0009.jpg,1,382.0,408.0,2,test
game2,Clip1,../Dataset/game2/Clip1/0010.jpg,../Dataset/game2/Clip1/Label.csv,0010.jpg,1,357.0,412.0,0,test
game2,Clip1,../Dataset/game2/Clip1/0011.jpg,../Dataset/game2/Clip1/Label.csv,0011.jpg,1,334.0,416.0,0,test
game2,Clip1,../Dataset/game2/Clip1/0012.jpg,../Dataset/game2/Clip1/Label.csv,0012.jpg,1,311.0,423.0,0,test
game2,Clip1,../Dataset/game2/Clip1/0013.jpg,../Dataset/game2/Clip1/Label.csv,0013.jpg,1,287.0,433.0,0,test
game2,Clip1,../Dataset/game2/Clip1/0014.jpg,../Dataset/game2/Clip1/Label.csv,0014.jpg,1,261.0,444.0,0,test
game2,Clip1,../Dataset/game2/Clip1/0015.jpg,../Dataset/game2/Clip1/Label.csv,0015.jpg,1,236.0,461.0,0,test
game2,Clip1,../Dataset/game2/Clip1/0016.jpg,../Dataset/game2/Clip1/Label.csv,0016.jpg,1,208.0,479.0,0,test
game2,Clip1,../Dataset/game2/Clip1/0017.jpg,../Dataset/game2/Clip1/Label.csv,0017.jpg,1,198.0,479.0,1,test
game2,Clip1,../Dataset/game2/Clip1/0018.jpg,../Dataset/game2/Clip1/Label.csv,0018.jpg,1,224.0,435.0,0,test
game2,Clip1,../Dataset/game2/Clip1/0019.jpg,../Dataset/game2/Clip1/Label.csv,0019.jpg,1,248.0,398.0,0,test
game2,Clip1,../Dataset/game2/Clip1/0020.jpg,../Dataset/game2/Clip1/Label.csv,0020.jpg,1,272.0,360.0,0,test
game2,Clip1,../Dataset/game2/Clip1/0021.jpg,../Dataset/game2/Clip1/Label.csv,0021.jpg,2,292.0,330.0,0,test
game2,Clip1,../Dataset/game2/Clip1/0022.jpg,../Dataset/game2/Clip1/Label.csv,0022.jpg,1,316.0,295.0,0,test
game2,Clip1,../Dataset/game2/Clip1/0023.jpg,../Dataset/game2/Clip1/Label.csv,0023.jpg,1,336.0,267.0,0,test
game2,Clip1,../Dataset/game2/Clip1/0024.jpg,../Dataset/game2/Clip1/Label.csv,0024.jpg,1,354.0,242.0,0,test
game2,Clip1,../Dataset/game2/Clip1/0025.jpg,../Dataset/game2/Clip1/Label.csv,0025.jpg,1,373.0,217.0,0,test
game2,Clip1,../Dataset/game2/Clip1/0026.jpg,../Dataset/game2/Clip1/Label.csv,0026.jpg,1,389.0,194.0,0,test
game2,Clip1,../Dataset/game2/Clip1/0027.jpg,../Dataset/game2/Clip1/Label.csv,0027.jpg,1,406.0,174.0,0,test
game2,Clip1,../Dataset/game2/Clip1/0028.jpg,../Dataset/game2/Clip1/Label.csv,0028.jpg,1,421.0,154.0,0,test
game2,Clip1,../Dataset/game2/Clip1/0029.jpg,../Dataset/game2/Clip1/Label.csv,0029.jpg,1,436.0,137.0,0,test
game2,Clip1,../Dataset/game2/Clip1/0030.jpg,../Dataset/game2/Clip1/Label.csv,0030.jpg,1,451.0,121.0,0,test
game2,Clip1,../Dataset/game2/Clip1/0031.jpg,../Dataset/game2/Clip1/Label.csv,0031.jpg,1,465.0,108.0,0,test
game2,Clip1,../Dataset/game2/Clip1/0032.jpg,../Dataset/game2/Clip1/Label.csv,0032.jpg,1,478.0,95.0,0,test
game2,Clip1,../Dataset/game2/Clip1/0033.jpg,../Dataset/game2/Clip1/Label.csv,0033.jpg,1,491.0,82.0,0,test
game2,Clip1,../Dataset/game2/Clip1/0034.jpg,../Dataset/game2/Clip1/Label.csv,0034.jpg,1,503.0,72.0,0,test
game2,Clip1,../Dataset/game2/Clip1/0035.jpg,../Dataset/game2/Clip1/Label.csv,0035.jpg,1,514.0,66.0,0,test
game2,Clip1,../Dataset/game2/Clip1/0036.jpg,../Dataset/game2/Clip1/Label.csv,0036.jpg,1,525.0,57.0,0,test
game2,Clip1,../Dataset/game2/Clip1/0037.jpg,../Dataset/game2/Clip1/Label.csv,0037.jpg,1,538.0,50.0,0,test
game2,Clip1,../Dataset/game2/Clip1/0038.jpg,../Dataset/game2/Clip1/Label.csv,0038.jpg,1,549.0,42.0,0,test
game2,Clip1,../Dataset/game2/Clip1/0039.jpg,../Dataset/game2/Clip1/Label.csv,0039.jpg,1,558.0,39.0,0,test
game2,Clip1,../Dataset/game2/Clip1/0040.jpg,../Dataset/game2/Clip1/Label.csv,0040.jpg,1,569.0,35.0,0,test
game2,Clip1,../Dataset/game2/Clip1/0041.jpg,../Dataset/game2/Clip1/Label.csv,0041.jpg,1,579.0,33.0,0,test
game2,Clip1,../Dataset/game2/Clip1/0042.jpg,../Dataset/game2/Clip1/Label.csv,0042.jpg,1,589.0,31.0,0,test
game2,Clip1,../Dataset/game2/Clip1/0043.jpg,../Dataset/game2/Clip1/Label.csv,0043.jpg,1,596.0,31.0,0,test
game2,Clip1,../Dataset/game2/Clip1/0044.jpg,../Dataset/game2/Clip1/Label.csv,0044.jpg,1,607.0,29.0,0,test
game2,Clip1,../Dataset/game2/Clip1/0045.jpg,../Dataset/game2/Clip1/Label.csv,0045.jpg,1,616.0,29.0,0,test
game2,Clip1,../Dataset/game2/Clip1/0046.jpg,../Dataset/game2/Clip1/Label.csv,0046.jpg,1,624.0,32.0,0,test
game2,Clip1,../Dataset/game2/Clip1/0047.jpg,../Dataset/game2/Clip1/Label.csv,0047.jpg,2,631.0,34.0,0,test
game2,Clip1,../Dataset/game2/Clip1/0048.jpg,../Dataset/game2/Clip1/Label.csv,0048.jpg,1,639.0,37.0,0,test
game2,Clip1,../Dataset/game2/Clip1/0049.jpg,../Dataset/game2/Clip1/Label.csv,0049.jpg,1,644.0,39.0,0,test
game2,Clip1,../Dataset/game2/Clip1/0050.jpg,../Dataset/game2/Clip1/Label.csv,0050.jpg,2,654.0,44.0,0,test
game2,Clip1,../Dataset/game2/Clip1/0051.jpg,../Dataset/game2/Clip1/Label.csv,0051.jpg,1,662.0,49.0,0,test
game2,Clip1,../Dataset/game2/Clip1/0052.jpg,../Dataset/game2/Clip1/Label.csv,0052.jpg,1,668.0,54.0,0,test
game2,Clip1,../Dataset/game2/Clip1/0053.jpg,../Dataset/game2/Clip1/Label.csv,0053.jpg,1,675.0,61.0,0,test
game2,Clip1,../Dataset/game2/Clip1/0054.jpg,../Dataset/game2/Clip1/Label.csv,0054.jpg,1,682.0,66.0,0,test
game2,Clip1,../Dataset/game2/Clip1/0055.jpg,../Dataset/game2/Clip1/Label.csv,0055.jpg,1,689.0,73.0,0,test
game2,Clip1,../Dataset/game2/Clip1/0056.jpg,../Dataset/game2/Clip1/Label.csv,0056.jpg,1,696.0,81.0,0,test
game2,Clip1,../Dataset/game2/Clip1/0057.jpg,../Dataset/game2/Clip1/Label.csv,0057.jpg,1,702.0,90.0,0,test
game2,Clip1,../Dataset/game2/Clip1/0058.jpg,../Dataset/game2/Clip1/Label.csv,0058.jpg,1,707.0,96.0,0,test
game2,Clip1,../Dataset/game2/Clip1/0059.jpg,../Dataset/game2/Clip1/Label.csv,0059.jpg,1,713.0,105.0,0,test
game2,Clip1,../Dataset/game2/Clip1/0060.jpg,../Dataset/game2/Clip1/Label.csv,0060.jpg,1,719.0,115.0,0,test
game2,Clip1,../Dataset/game2/Clip1/0061.jpg,../Dataset/game2/Clip1/Label.csv,0061.jpg,1,724.0,126.0,0,test
game2,Clip1,../Dataset/game2/Clip1/0062.jpg,../Dataset/game2/Clip1/Label.csv,0062.jpg,1,731.0,136.0,0,test
game2,Clip1,../Dataset/game2/Clip1/0063.jpg,../Dataset/game2/Clip1/Label.csv,0063.jpg,1,735.0,145.0,0,test
game2,Clip1,../Dataset/game2/Clip1/0064.jpg,../Dataset/game2/Clip1/Label.csv,0064.jpg,1,738.0,150.0,2,test
game2,Clip1,../Dataset/game2/Clip1/0065.jpg,../Dataset/game2/Clip1/Label.csv,0065.jpg,1,742.0,137.0,0,test
game2,Clip1,../Dataset/game2/Clip1/0066.jpg,../Dataset/game2/Clip1/Label.csv,0066.jpg,1,744.0,127.0,0,test
game2,Clip1,../Dataset/game2/Clip1/0067.jpg,../Dataset/game2/Clip1/Label.csv,0067.jpg,1,747.0,116.0,0,test
game2,Clip1,../Dataset/game2/Clip1/0068.jpg,../Dataset/game2/Clip1/Label.csv,0068.jpg,1,748.0,108.0,0,test
game2,Clip1,../Dataset/game2/Clip1/0069.jpg,../Dataset/game2/Clip1/Label.csv,0069.jpg,1,752.0,102.0,0,test
game2,Clip1,../Dataset/game2/Clip1/0070.jpg,../Dataset/game2/Clip1/Label.csv,0070.jpg,1,752.0,95.0,0,test
game2,Clip1,../Dataset/game2/Clip1/0071.jpg,../Dataset/game2/Clip1/Label.csv,0071.jpg,1,754.0,90.0,0,test
game2,Clip1,../Dataset/game2/Clip1/0072.jpg,../Dataset/game2/Clip1/Label.csv,0072.jpg,1,757.0,84.0,0,test
game2,Clip1,../Dataset/game2/Clip1/0073.jpg,../Dataset/game2/Clip1/Label.csv,0073.jpg,1,758.0,81.0,0,test
game2,Clip1,../Dataset/game2/Clip1/0074.jpg,../Dataset/game2/Clip1/Label.csv,0074.jpg,1,763.0,77.0,0,test
game2,Clip1,../Dataset/game2/Clip1/0075.jpg,../Dataset/game2/Clip1/Label.csv,0075.jpg,1,765.0,73.0,0,test
game2,Clip1,../Dataset/game2/Clip1/0076.jpg,../Dataset/game2/Clip1/Label.csv,0076.jpg,1,766.0,74.0,0,test
game2,Clip1,../Dataset/game2/Clip1/0077.jpg,../Dataset/game2/Clip1/Label.csv,0077.jpg,1,768.0,71.0,0,test
game2,Clip1,../Dataset/game2/Clip1/0078.jpg,../Dataset/game2/Clip1/Label.csv,0078.jpg,1,770.0,71.0,0,test
game2,Clip1,../Dataset/game2/Clip1/0079.jpg,../Dataset/game2/Clip1/Label.csv,0079.jpg,1,771.0,72.0,0,test
game2,Clip1,../Dataset/game2/Clip1/0080.jpg,../Dataset/game2/Clip1/Label.csv,0080.jpg,1,772.0,75.0,0,test
game2,Clip1,../Dataset/game2/Clip1/0081.jpg,../Dataset/game2/Clip1/Label.csv,0081.jpg,1,775.0,77.0,0,test
game2,Clip1,../Dataset/game2/Clip1/0082.jpg,../Dataset/game2/Clip1/Label.csv,0082.jpg,1,777.0,79.0,0,test
game2,Clip1,../Dataset/game2/Clip1/0083.jpg,../Dataset/game2/Clip1/Label.csv,0083.jpg,1,777.0,83.0,0,test
game2,Clip1,../Dataset/game2/Clip1/0084.jpg,../Dataset/game2/Clip1/Label.csv,0084.jpg,1,780.0,89.0,0,test
game2,Clip1,../Dataset/game2/Clip1/0085.jpg,../Dataset/game2/Clip1/Label.csv,0085.jpg,1,781.0,92.0,1,test
game2,Clip1,../Dataset/game2/Clip1/0086.jpg,../Dataset/game2/Clip1/Label.csv,0086.jpg,1,787.0,98.0,0,test
game2,Clip1,../Dataset/game2/Clip1/0087.jpg,../Dataset/game2/Clip1/Label.csv,0087.jpg,1,791.0,112.0,0,test
game2,Clip1,../Dataset/game2/Clip1/0088.jpg,../Dataset/game2/Clip1/Label.csv,0088.jpg,1,796.0,123.0,0,test
game2,Clip1,../Dataset/game2/Clip1/0089.jpg,../Dataset/game2/Clip1/Label.csv,0089.jpg,1,800.0,135.0,0,test
game2,Clip1,../Dataset/game2/Clip1/0090.jpg,../Dataset/game2/Clip1/Label.csv,0090.jpg,1,804.0,152.0,0,test
game2,Clip1,../Dataset/game2/Clip1/0091.jpg,../Dataset/game2/Clip1/Label.csv,0091.jpg,1,810.0,170.0,0,test
game2,Clip1,../Dataset/game2/Clip1/0092.jpg,../Dataset/game2/Clip1/Label.csv,0092.jpg,1,813.0,188.0,0,test
game2,Clip1,../Dataset/game2/Clip1/0093.jpg,../Dataset/game2/Clip1/Label.csv,0093.jpg,1,817.0,212.0,0,test
game2,Clip1,../Dataset/game2/Clip1/0094.jpg,../Dataset/game2/Clip1/Label.csv,0094.jpg,1,823.0,233.0,0,test
game2,Clip1,../Dataset/game2/Clip1/0095.jpg,../Dataset/game2/Clip1/Label.csv,0095.jpg,1,826.0,264.0,0,test
game2,Clip1,../Dataset/game2/Clip1/0096.jpg,../Dataset/game2/Clip1/Label.csv,0096.jpg,1,831.0,294.0,0,test
game2,Clip1,../Dataset/game2/Clip1/0097.jpg,../Dataset/game2/Clip1/Label.csv,0097.jpg,1,836.0,325.0,0,test
game2,Clip1,../Dataset/game2/Clip1/0098.jpg,../Dataset/game2/Clip1/Label.csv,0098.jpg,1,841.0,358.0,0,test
game2,Clip1,../Dataset/game2/Clip1/0099.jpg,../Dataset/game2/Clip1/Label.csv,0099.jpg,1,847.0,396.0,0,test
game2,Clip1,../Dataset/game2/Clip1/0100.jpg,../Dataset/game2/Clip1/Label.csv,0100.jpg,1,852.0,437.0,0,test
game2,Clip1,../Dataset/game2/Clip1/0101.jpg,../Dataset/game2/Clip1/Label.csv,0101.jpg,1,857.0,479.0,0,test
game2,Clip1,../Dataset/game2/Clip1/0102.jpg,../Dataset/game2/Clip1/Label.csv,0102.jpg,1,861.0,513.0,2,test
game2,Clip1,../Dataset/game2/Clip1/0103.jpg,../Dataset/game2/Clip1/Label.csv,0103.jpg,1,865.0,514.0,0,test
game2,Clip1,../Dataset/game2/Clip1/0104.jpg,../Dataset/game2/Clip1/Label.csv,0104.jpg,1,873.0,522.0,0,test
game2,Clip1,../Dataset/game2/Clip1/0105.jpg,../Dataset/game2/Clip1/Label.csv,0105.jpg,1,876.0,528.0,0,test
game2,Clip1,../Dataset/game2/Clip1/0106.jpg,../Dataset/game2/Clip1/Label.csv,0106.jpg,1,882.0,536.0,0,test
game2,Clip1,../Dataset/game2/Clip1/0107.jpg,../Dataset/game2/Clip1/Label.csv,0107.jpg,1,887.0,548.0,0,test
game2,Clip1,../Dataset/game2/Clip1/0108.jpg,../Dataset/game2/Clip1/Label.csv,0108.jpg,1,894.0,563.0,0,test
game2,Clip1,../Dataset/game2/Clip1/0109.jpg,../Dataset/game2/Clip1/Label.csv,0109.jpg,1,899.0,580.0,0,test
game2,Clip1,../Dataset/game2/Clip1/0110.jpg,../Dataset/game2/Clip1/Label.csv,0110.jpg,1,903.0,596.0,0,test
game2,Clip1,../Dataset/game2/Clip1/0111.jpg,../Dataset/game2/Clip1/Label.csv,0111.jpg,1,911.0,617.0,0,test
game2,Clip1,../Dataset/game2/Clip1/0112.jpg,../Dataset/game2/Clip1/Label.csv,0112.jpg,1,916.0,638.0,0,test
game2,Clip1,../Dataset/game2/Clip1/0113.jpg,../Dataset/game2/Clip1/Label.csv,0113.jpg,1,923.0,663.0,0,test
game2,Clip1,../Dataset/game2/Clip1/0114.jpg,../Dataset/game2/Clip1/Label.csv,0114.jpg,1,930.0,694.0,0,test
game2,Clip1,../Dataset/game2/Clip1/0115.jpg,../Dataset/game2/Clip1/Label.csv,0115.jpg,1,917.0,681.0,1,test
game2,Clip1,../Dataset/game2/Clip1/0116.jpg,../Dataset/game2/Clip1/Label.csv,0116.jpg,1,885.0,627.0,0,test
game2,Clip1,../Dataset/game2/Clip1/0117.jpg,../Dataset/game2/Clip1/Label.csv,0117.jpg,1,854.0,578.0,0,test
game2,Clip1,../Dataset/game2/Clip1/0118.jpg,../Dataset/game2/Clip1/Label.csv,0118.jpg,1,831.0,538.0,0,test
game2,Clip1,../Dataset/game2/Clip1/0119.jpg,../Dataset/game2/Clip1/Label.csv,0119.jpg,1,805.0,498.0,0,test
game2,Clip1,../Dataset/game2/Clip1/0120.jpg,../Dataset/game2/Clip1/Label.csv,0120.jpg,1,783.0,466.0,0,test
game2,Clip1,../Dataset/game2/Clip1/0121.jpg,../Dataset/game2/Clip1/Label.csv,0121.jpg,1,763.0,437.0,0,test
game2,Clip1,../Dataset/game2/Clip1/0122.jpg,../Dataset/game2/Clip1/Label.csv,0122.jpg,1,742.0,407.0,0,test
game2,Clip1,../Dataset/game2/Clip1/0123.jpg,../Dataset/game2/Clip1/Label.csv,0123.jpg,1,722.0,383.0,0,test
game2,Clip1,../Dataset/game2/Clip1/0124.jpg,../Dataset/game2/Clip1/Label.csv,0124.jpg,1,705.0,361.0,0,test
game2,Clip1,../Dataset/game2/Clip1/0125.jpg,../Dataset/game2/Clip1/Label.csv,0125.jpg,1,688.0,339.0,0,test
game2,Clip1,../Dataset/game2/Clip1/0126.jpg,../Dataset/game2/Clip1/Label.csv,0126.jpg,1,674.0,323.0,0,test
game2,Clip1,../Dataset/game2/Clip1/0127.jpg,../Dataset/game2/Clip1/Label.csv,0127.jpg,1,657.0,306.0,0,test
game2,Clip1,../Dataset/game2/Clip1/0128.jpg,../Dataset/game2/Clip1/Label.csv,0128.jpg,1,640.0,287.0,0,test
game2,Clip1,../Dataset/game2/Clip1/0129.jpg,../Dataset/game2/Clip1/Label.csv,0129.jpg,1,628.0,276.0,0,test
game2,Clip1,../Dataset/game2/Clip1/0130.jpg,../Dataset/game2/Clip1/Label.csv,0130.jpg,1,615.0,267.0,0,test
game2,Clip1,../Dataset/game2/Clip1/0131.jpg,../Dataset/game2/Clip1/Label.csv,0131.jpg,1,601.0,257.0,0,test
game2,Clip1,../Dataset/game2/Clip1/0132.jpg,../Dataset/game2/Clip1/Label.csv,0132.jpg,1,591.0,248.0,0,test
game2,Clip1,../Dataset/game2/Clip1/0133.jpg,../Dataset/game2/Clip1/Label.csv,0133.jpg,1,580.0,242.0,0,test
game2,Clip1,../Dataset/game2/Clip1/0134.jpg,../Dataset/game2/Clip1/Label.csv,0134.jpg,1,567.0,236.0,0,test
game2,Clip1,../Dataset/game2/Clip1/0135.jpg,../Dataset/game2/Clip1/Label.csv,0135.jpg,1,555.0,230.0,0,test
game2,Clip1,../Dataset/game2/Clip1/0136.jpg,../Dataset/game2/Clip1/Label.csv,0136.jpg,1,544.0,224.0,0,test
game2,Clip1,../Dataset/game2/Clip1/0137.jpg,../Dataset/game2/Clip1/Label.csv,0137.jpg,1,536.0,222.0,0,test
game2,Clip1,../Dataset/game2/Clip1/0138.jpg,../Dataset/game2/Clip1/Label.csv,0138.jpg,1,524.0,220.0,0,test
game2,Clip1,../Dataset/game2/Clip1/0139.jpg,../Dataset/game2/Clip1/Label.csv,0139.jpg,1,515.0,219.0,0,test
game2,Clip1,../Dataset/game2/Clip1/0140.jpg,../Dataset/game2/Clip1/Label.csv,0140.jpg,1,508.0,217.0,0,test
game2,Clip1,../Dataset/game2/Clip1/0141.jpg,../Dataset/game2/Clip1/Label.csv,0141.jpg,1,498.0,217.0,0,test
game2,Clip1,../Dataset/game2/Clip1/0142.jpg,../Dataset/game2/Clip1/Label.csv,0142.jpg,1,489.0,218.0,0,test
game2,Clip1,../Dataset/game2/Clip1/0143.jpg,../Dataset/game2/Clip1/Label.csv,0143.jpg,1,482.0,218.0,0,test
game2,Clip1,../Dataset/game2/Clip1/0144.jpg,../Dataset/game2/Clip1/Label.csv,0144.jpg,1,474.0,220.0,0,test
game2,Clip1,../Dataset/game2/Clip1/0145.jpg,../Dataset/game2/Clip1/Label.csv,0145.jpg,1,464.0,224.0,2,test
game2,Clip1,../Dataset/game2/Clip1/0146.jpg,../Dataset/game2/Clip1/Label.csv,0146.jpg,1,459.0,217.0,0,test
game2,Clip1,../Dataset/game2/Clip1/0147.jpg,../Dataset/game2/Clip1/Label.csv,0147.jpg,1,454.0,207.0,0,test
game2,Clip1,../Dataset/game2/Clip1/0148.jpg,../Dataset/game2/Clip1/Label.csv,0148.jpg,1,448.0,194.0,0,test
game2,Clip1,../Dataset/game2/Clip1/0149.jpg,../Dataset/game2/Clip1/Label.csv,0149.jpg,1,442.0,184.0,0,test
game2,Clip1,../Dataset/game2/Clip1/0150.jpg,../Dataset/game2/Clip1/Label.csv,0150.jpg,1,434.0,175.0,0,test
game2,Clip1,../Dataset/game2/Clip1/0151.jpg,../Dataset/game2/Clip1/Label.csv,0151.jpg,1,429.0,166.0,0,test
game2,Clip1,../Dataset/game2/Clip1/0152.jpg,../Dataset/game2/Clip1/Label.csv,0152.jpg,1,425.0,161.0,0,test
game2,Clip1,../Dataset/game2/Clip1/0153.jpg,../Dataset/game2/Clip1/Label.csv,0153.jpg,1,421.0,156.0,0,test
game2,Clip1,../Dataset/game2/Clip1/0154.jpg,../Dataset/game2/Clip1/Label.csv,0154.jpg,1,415.0,150.0,0,test
game2,Clip1,../Dataset/game2/Clip1/0155.jpg,../Dataset/game2/Clip1/Label.csv,0155.jpg,1,410.0,148.0,0,test
game2,Clip1,../Dataset/game2/Clip1/0156.jpg,../Dataset/game2/Clip1/Label.csv,0156.jpg,1,405.0,145.0,0,test
game2,Clip1,../Dataset/game2/Clip1/0157.jpg,../Dataset/game2/Clip1/Label.csv,0157.jpg,1,400.0,142.0,0,test
game2,Clip1,../Dataset/game2/Clip1/0158.jpg,../Dataset/game2/Clip1/Label.csv,0158.jpg,1,394.0,141.0,0,test
game2,Clip1,../Dataset/game2/Clip1/0159.jpg,../Dataset/game2/Clip1/Label.csv,0159.jpg,1,392.0,139.0,0,test
game2,Clip1,../Dataset/game2/Clip1/0160.jpg,../Dataset/game2/Clip1/Label.csv,0160.jpg,1,386.0,142.0,0,test
game2,Clip1,../Dataset/game2/Clip1/0161.jpg,../Dataset/game2/Clip1/Label.csv,0161.jpg,1,382.0,143.0,1,test
game2,Clip1,../Dataset/game2/Clip1/0162.jpg,../Dataset/game2/Clip1/Label.csv,0162.jpg,1,393.0,145.0,0,test
game2,Clip1,../Dataset/game2/Clip1/0163.jpg,../Dataset/game2/Clip1/Label.csv,0163.jpg,1,411.0,150.0,0,test
game2,Clip1,../Dataset/game2/Clip1/0164.jpg,../Dataset/game2/Clip1/Label.csv,0164.jpg,1,428.0,155.0,0,test
game2,Clip1,../Dataset/game2/Clip1/0165.jpg,../Dataset/game2/Clip1/Label.csv,0165.jpg,1,450.0,164.0,0,test
game2,Clip1,../Dataset/game2/Clip1/0166.jpg,../Dataset/game2/Clip1/Label.csv,0166.jpg,1,467.0,173.0,0,test
game2,Clip1,../Dataset/game2/Clip1/0167.jpg,../Dataset/game2/Clip1/Label.csv,0167.jpg,1,488.0,184.0,0,test
game2,Clip1,../Dataset/game2/Clip1/0168.jpg,../Dataset/game2/Clip1/Label.csv,0168.jpg,1,509.0,196.0,0,test
game2,Clip1,../Dataset/game2/Clip1/0169.jpg,../Dataset/game2/Clip1/Label.csv,0169.jpg,1,529.0,208.0,0,test
game2,Clip1,../Dataset/game2/Clip1/0170.jpg,../Dataset/game2/Clip1/Label.csv,0170.jpg,1,549.0,222.0,0,test
game2,Clip1,../Dataset/game2/Clip1/0171.jpg,../Dataset/game2/Clip1/Label.csv,0171.jpg,1,570.0,241.0,0,test
game2,Clip1,../Dataset/game2/Clip1/0172.jpg,../Dataset/game2/Clip1/Label.csv,0172.jpg,1,595.0,257.0,0,test
game2,Clip1,../Dataset/game2/Clip1/0173.jpg,../Dataset/game2/Clip1/Label.csv,0173.jpg,1,617.0,275.0,0,test
game2,Clip1,../Dataset/game2/Clip1/0174.jpg,../Dataset/game2/Clip1/Label.csv,0174.jpg,1,638.0,296.0,0,test
game2,Clip1,../Dataset/game2/Clip1/0175.jpg,../Dataset/game2/Clip1/Label.csv,0175.jpg,1,663.0,322.0,0,test
game2,Clip1,../Dataset/game2/Clip1/0176.jpg,../Dataset/game2/Clip1/Label.csv,0176.jpg,1,687.0,348.0,0,test
game2,Clip1,../Dataset/game2/Clip1/0177.jpg,../Dataset/game2/Clip1/Label.csv,0177.jpg,1,714.0,373.0,0,test
game2,Clip1,../Dataset/game2/Clip1/0178.jpg,../Dataset/game2/Clip1/Label.csv,0178.jpg,1,734.0,398.0,0,test
game2,Clip1,../Dataset/game2/Clip1/0179.jpg,../Dataset/game2/Clip1/Label.csv,0179.jpg,1,755.0,411.0,2,test
game2,Clip1,../Dataset/game2/Clip1/0180.jpg,../Dataset/game2/Clip1/Label.csv,0180.jpg,1,773.0,414.0,0,test
game2,Clip1,../Dataset/game2/Clip1/0181.jpg,../Dataset/game2/Clip1/Label.csv,0181.jpg,1,793.0,417.0,0,test
game2,Clip1,../Dataset/game2/Clip1/0182.jpg,../Dataset/game2/Clip1/Label.csv,0182.jpg,1,813.0,422.0,0,test
game2,Clip1,../Dataset/game2/Clip1/0183.jpg,../Dataset/game2/Clip1/Label.csv,0183.jpg,1,830.0,429.0,0,test
game2,Clip1,../Dataset/game2/Clip1/0184.jpg,../Dataset/game2/Clip1/Label.csv,0184.jpg,1,849.0,435.0,0,test
game2,Clip1,../Dataset/game2/Clip1/0185.jpg,../Dataset/game2/Clip1/Label.csv,0185.jpg,1,869.0,445.0,0,test
game2,Clip1,../Dataset/game2/Clip1/0186.jpg,../Dataset/game2/Clip1/Label.csv,0186.jpg,1,889.0,458.0,0,test
game2,Clip1,../Dataset/game2/Clip1/0187.jpg,../Dataset/game2/Clip1/Label.csv,0187.jpg,1,909.0,473.0,0,test
game2,Clip1,../Dataset/game2/Clip1/0188.jpg,../Dataset/game2/Clip1/Label.csv,0188.jpg,1,927.0,484.0,0,test
game2,Clip1,../Dataset/game2/Clip1/0189.jpg,../Dataset/game2/Clip1/Label.csv,0189.jpg,1,946.0,498.0,0,test
game2,Clip1,../Dataset/game2/Clip1/0190.jpg,../Dataset/game2/Clip1/Label.csv,0190.jpg,1,967.0,520.0,0,test
game2,Clip1,../Dataset/game2/Clip1/0191.jpg,../Dataset/game2/Clip1/Label.csv,0191.jpg,1,988.0,537.0,0,test
game2,Clip1,../Dataset/game2/Clip1/0192.jpg,../Dataset/game2/Clip1/Label.csv,0192.jpg,1,1009.0,558.0,0,test
game2,Clip1,../Dataset/game2/Clip1/0193.jpg,../Dataset/game2/Clip1/Label.csv,0193.jpg,1,996.0,530.0,1,test
game2,Clip1,../Dataset/game2/Clip1/0194.jpg,../Dataset/game2/Clip1/Label.csv,0194.jpg,1,970.0,488.0,0,test
game2,Clip1,../Dataset/game2/Clip1/0195.jpg,../Dataset/game2/Clip1/Label.csv,0195.jpg,1,941.0,440.0,0,test
game2,Clip1,../Dataset/game2/Clip1/0196.jpg,../Dataset/game2/Clip1/Label.csv,0196.jpg,1,911.0,399.0,0,test
game2,Clip1,../Dataset/game2/Clip1/0197.jpg,../Dataset/game2/Clip1/Label.csv,0197.jpg,1,885.0,358.0,0,test
game2,Clip1,../Dataset/game2/Clip1/0198.jpg,../Dataset/game2/Clip1/Label.csv,0198.jpg,1,860.0,325.0,0,test
game2,Clip1,../Dataset/game2/Clip1/0199.jpg,../Dataset/game2/Clip1/Label.csv,0199.jpg,1,835.0,294.0,0,test
game2,Clip1,../Dataset/game2/Clip1/0200.jpg,../Dataset/game2/Clip1/Label.csv,0200.jpg,1,814.0,269.0,0,test
game2,Clip1,../Dataset/game2/Clip1/0201.jpg,../Dataset/game2/Clip1/Label.csv,0201.jpg,1,793.0,245.0,0,test
game2,Clip1,../Dataset/game2/Clip1/0202.jpg,../Dataset/game2/Clip1/Label.csv,0202.jpg,1,773.0,229.0,0,test
game2,Clip1,../Dataset/game2/Clip1/0203.jpg,../Dataset/game2/Clip1/Label.csv,0203.jpg,1,752.0,209.0,0,test
game2,Clip1,../Dataset/game2/Clip1/0204.jpg,../Dataset/game2/Clip1/Label.csv,0204.jpg,1,736.0,191.0,0,test
game2,Clip1,../Dataset/game2/Clip1/0205.jpg,../Dataset/game2/Clip1/Label.csv,0205.jpg,1,715.0,182.0,0,test
game2,Clip1,../Dataset/game2/Clip1/0206.jpg,../Dataset/game2/Clip1/Label.csv,0206.jpg,1,701.0,172.0,0,test
game2,Clip1,../Dataset/game2/Clip1/0207.jpg,../Dataset/game2/Clip1/Label.csv,0207.jpg,1,684.0,163.0,0,test
game2,Clip1,../Dataset/game2/Clip1/0208.jpg,../Dataset/game2/Clip1/Label.csv,0208.jpg,1,672.0,155.0,0,test
game2,Clip1,../Dataset/game2/Clip1/0209.jpg,../Dataset/game2/Clip1/Label.csv,0209.jpg,1,655.0,149.0,0,test
game2,Clip1,../Dataset/game2/Clip1/0210.jpg,../Dataset/game2/Clip1/Label.csv,0210.jpg,1,641.0,144.0,0,test
game2,Clip1,../Dataset/game2/Clip1/0211.jpg,../Dataset/game2/Clip1/Label.csv,0211.jpg,1,626.0,142.0,0,test
game2,Clip1,../Dataset/game2/Clip1/0212.jpg,../Dataset/game2/Clip1/Label.csv,0212.jpg,1,613.0,138.0,0,test
game2,Clip1,../Dataset/game2/Clip1/0213.jpg,../Dataset/game2/Clip1/Label.csv,0213.jpg,1,601.0,138.0,0,test
game2,Clip1,../Dataset/game2/Clip1/0214.jpg,../Dataset/game2/Clip1/Label.csv,0214.jpg,1,591.0,140.0,0,test
game2,Clip1,../Dataset/game2/Clip1/0215.jpg,../Dataset/game2/Clip1/Label.csv,0215.jpg,1,580.0,139.0,0,test
game2,Clip1,../Dataset/game2/Clip1/0216.jpg,../Dataset/game2/Clip1/Label.csv,0216.jpg,1,567.0,141.0,0,test
game2,Clip1,../Dataset/game2/Clip1/0217.jpg,../Dataset/game2/Clip1/Label.csv,0217.jpg,1,557.0,145.0,0,test
game2,Clip1,../Dataset/game2/Clip1/0218.jpg,../Dataset/game2/Clip1/Label.csv,0218.jpg,1,543.0,150.0,0,test
game2,Clip1,../Dataset/game2/Clip1/0219.jpg,../Dataset/game2/Clip1/Label.csv,0219.jpg,1,534.0,154.0,2,test
game2,Clip1,../Dataset/game2/Clip1/0220.jpg,../Dataset/game2/Clip1/Label.csv,0220.jpg,1,526.0,140.0,0,test
game2,Clip1,../Dataset/game2/Clip1/0221.jpg,../Dataset/game2/Clip1/Label.csv,0221.jpg,1,522.0,130.0,0,test
game2,Clip1,../Dataset/game2/Clip1/0222.jpg,../Dataset/game2/Clip1/Label.csv,0222.jpg,1,516.0,116.0,0,test
game2,Clip1,../Dataset/game2/Clip1/0223.jpg,../Dataset/game2/Clip1/Label.csv,0223.jpg,1,510.0,105.0,0,test
game2,Clip1,../Dataset/game2/Clip1/0224.jpg,../Dataset/game2/Clip1/Label.csv,0224.jpg,1,504.0,94.0,0,test
game2,Clip1,../Dataset/game2/Clip1/0225.jpg,../Dataset/game2/Clip1/Label.csv,0225.jpg,1,499.0,84.0,0,test
game2,Clip1,../Dataset/game2/Clip1/0226.jpg,../Dataset/game2/Clip1/Label.csv,0226.jpg,1,493.0,78.0,0,test
game2,Clip1,../Dataset/game2/Clip1/0227.jpg,../Dataset/game2/Clip1/Label.csv,0227.jpg,1,488.0,69.0,0,test
game2,Clip1,../Dataset/game2/Clip1/0228.jpg,../Dataset/game2/Clip1/Label.csv,0228.jpg,1,485.0,67.0,0,test
game2,Clip1,../Dataset/game2/Clip1/0229.jpg,../Dataset/game2/Clip1/Label.csv,0229.jpg,1,497.0,71.0,1,test
game2,Clip1,../Dataset/game2/Clip1/0230.jpg,../Dataset/game2/Clip1/Label.csv,0230.jpg,1,506.0,77.0,0,test
game2,Clip1,../Dataset/game2/Clip1/0231.jpg,../Dataset/game2/Clip1/Label.csv,0231.jpg,1,518.0,84.0,0,test
game2,Clip1,../Dataset/game2/Clip1/0232.jpg,../Dataset/game2/Clip1/Label.csv,0232.jpg,1,531.0,91.0,0,test
game2,Clip1,../Dataset/game2/Clip1/0233.jpg,../Dataset/game2/Clip1/Label.csv,0233.jpg,1,541.0,95.0,0,test
game2,Clip1,../Dataset/game2/Clip1/0234.jpg,../Dataset/game2/Clip1/Label.csv,0234.jpg,2,552.0,105.0,0,test
game2,Clip1,../Dataset/game2/Clip1/0235.jpg,../Dataset/game2/Clip1/Label.csv,0235.jpg,1,564.0,114.0,0,test
game2,Clip1,../Dataset/game2/Clip1/0236.jpg,../Dataset/game2/Clip1/Label.csv,0236.jpg,1,575.0,125.0,0,test
game2,Clip1,../Dataset/game2/Clip1/0237.jpg,../Dataset/game2/Clip1/Label.csv,0237.jpg,2,584.0,131.0,0,test
game2,Clip1,../Dataset/game2/Clip1/0238.jpg,../Dataset/game2/Clip1/Label.csv,0238.jpg,1,598.0,143.0,0,test
game2,Clip1,../Dataset/game2/Clip1/0239.jpg,../Dataset/game2/Clip1/Label.csv,0239.jpg,1,609.0,154.0,0,test
game2,Clip1,../Dataset/game2/Clip1/0240.jpg,../Dataset/game2/Clip1/Label.csv,0240.jpg,1,621.0,167.0,0,test
game2,Clip1,../Dataset/game2/Clip1/0241.jpg,../Dataset/game2/Clip1/Label.csv,0241.jpg,1,631.0,179.0,0,test
game2,Clip1,../Dataset/game2/Clip1/0242.jpg,../Dataset/game2/Clip1/Label.csv,0242.jpg,1,642.0,193.0,0,test
game2,Clip1,../Dataset/game2/Clip1/0243.jpg,../Dataset/game2/Clip1/Label.csv,0243.jpg,1,655.0,208.0,0,test
game2,Clip1,../Dataset/game2/Clip1/0244.jpg,../Dataset/game2/Clip1/Label.csv,0244.jpg,1,667.0,222.0,0,test
game2,Clip1,../Dataset/game2/Clip1/0245.jpg,../Dataset/game2/Clip1/Label.csv,0245.jpg,1,679.0,238.0,0,test
game2,Clip1,../Dataset/game2/Clip1/0246.jpg,../Dataset/game2/Clip1/Label.csv,0246.jpg,1,691.0,258.0,0,test
game2,Clip1,../Dataset/game2/Clip1/0247.jpg,../Dataset/game2/Clip1/Label.csv,0247.jpg,1,705.0,277.0,0,test
game2,Clip1,../Dataset/game2/Clip1/0248.jpg,../Dataset/game2/Clip1/Label.csv,0248.jpg,1,714.0,298.0,0,test
game2,Clip1,../Dataset/game2/Clip1/0249.jpg,../Dataset/game2/Clip1/Label.csv,0249.jpg,1,726.0,314.0,0,test
game2,Clip1,../Dataset/game2/Clip1/0250.jpg,../Dataset/game2/Clip1/Label.csv,0250.jpg,1,741.0,339.0,0,test
game2,Clip1,../Dataset/game2/Clip1/0251.jpg,../Dataset/game2/Clip1/Label.csv,0251.jpg,1,752.0,359.0,0,test
game2,Clip1,../Dataset/game2/Clip1/0252.jpg,../Dataset/game2/Clip1/Label.csv,0252.jpg,1,766.0,385.0,0,test
game2,Clip1,../Dataset/game2/Clip1/0253.jpg,../Dataset/game2/Clip1/Label.csv,0253.jpg,1,780.0,410.0,0,test
game2,Clip1,../Dataset/game2/Clip1/0254.jpg,../Dataset/game2/Clip1/Label.csv,0254.jpg,1,788.0,427.0,0,test
game2,Clip1,../Dataset/game2/Clip1/0255.jpg,../Dataset/game2/Clip1/Label.csv,0255.jpg,1,798.0,427.0,2,test
game2,Clip1,../Dataset/game2/Clip1/0256.jpg,../Dataset/game2/Clip1/Label.csv,0256.jpg,1,805.0,429.0,0,test
game2,Clip1,../Dataset/game2/Clip1/0257.jpg,../Dataset/game2/Clip1/Label.csv,0257.jpg,1,813.0,431.0,0,test
game2,Clip1,../Dataset/game2/Clip1/0258.jpg,../Dataset/game2/Clip1/Label.csv,0258.jpg,1,821.0,434.0,0,test
game2,Clip1,../Dataset/game2/Clip1/0259.jpg,../Dataset/game2/Clip1/Label.csv,0259.jpg,1,828.0,440.0,0,test
game2,Clip1,../Dataset/game2/Clip1/0260.jpg,../Dataset/game2/Clip1/Label.csv,0260.jpg,1,837.0,445.0,0,test
game2,Clip1,../Dataset/game2/Clip1/0261.jpg,../Dataset/game2/Clip1/Label.csv,0261.jpg,1,845.0,453.0,0,test
game2,Clip1,../Dataset/game2/Clip1/0262.jpg,../Dataset/game2/Clip1/Label.csv,0262.jpg,1,853.0,465.0,0,test
game2,Clip1,../Dataset/game2/Clip1/0263.jpg,../Dataset/game2/Clip1/Label.csv,0263.jpg,1,861.0,474.0,0,test
game2,Clip1,../Dataset/game2/Clip1/0264.jpg,../Dataset/game2/Clip1/Label.csv,0264.jpg,1,870.0,487.0,0,test
game2,Clip1,../Dataset/game2/Clip1/0265.jpg,../Dataset/game2/Clip1/Label.csv,0265.jpg,1,865.0,479.0,1,test
game2,Clip1,../Dataset/game2/Clip1/0266.jpg,../Dataset/game2/Clip1/Label.csv,0266.jpg,3,837.0,429.0,1,test
game2,Clip1,../Dataset/game2/Clip1/0267.jpg,../Dataset/game2/Clip1/Label.csv,0267.jpg,1,803.0,386.0,0,test
game2,Clip1,../Dataset/game2/Clip1/0268.jpg,../Dataset/game2/Clip1/Label.csv,0268.jpg,1,776.0,351.0,0,test
game2,Clip1,../Dataset/game2/Clip1/0269.jpg,../Dataset/game2/Clip1/Label.csv,0269.jpg,1,749.0,318.0,0,test
game2,Clip1,../Dataset/game2/Clip1/0270.jpg,../Dataset/game2/Clip1/Label.csv,0270.jpg,1,723.0,290.0,0,test
game2,Clip1,../Dataset/game2/Clip1/0271.jpg,../Dataset/game2/Clip1/Label.csv,0271.jpg,1,701.0,264.0,0,test
game2,Clip1,../Dataset/game2/Clip1/0272.jpg,../Dataset/game2/Clip1/Label.csv,0272.jpg,1,682.0,245.0,0,test
game2,Clip1,../Dataset/game2/Clip1/0273.jpg,../Dataset/game2/Clip1/Label.csv,0273.jpg,1,662.0,224.0,0,test
game2,Clip1,../Dataset/game2/Clip1/0274.jpg,../Dataset/game2/Clip1/Label.csv,0274.jpg,1,643.0,213.0,0,test
game2,Clip1,../Dataset/game2/Clip1/0275.jpg,../Dataset/game2/Clip1/Label.csv,0275.jpg,1,625.0,202.0,0,test
game2,Clip1,../Dataset/game2/Clip1/0276.jpg,../Dataset/game2/Clip1/Label.csv,0276.jpg,1,606.0,188.0,0,test
game2,Clip1,../Dataset/game2/Clip1/0277.jpg,../Dataset/game2/Clip1/Label.csv,0277.jpg,1,595.0,184.0,0,test
game2,Clip1,../Dataset/game2/Clip1/0278.jpg,../Dataset/game2/Clip1/Label.csv,0278.jpg,1,581.0,176.0,0,test
game2,Clip1,../Dataset/game2/Clip1/0279.jpg,../Dataset/game2/Clip1/Label.csv,0279.jpg,1,569.0,174.0,0,test
game2,Clip1,../Dataset/game2/Clip1/0280.jpg,../Dataset/game2/Clip1/Label.csv,0280.jpg,1,557.0,171.0,0,test
game2,Clip1,../Dataset/game2/Clip1/0281.jpg,../Dataset/game2/Clip1/Label.csv,0281.jpg,1,543.0,167.0,0,test
game2,Clip1,../Dataset/game2/Clip1/0282.jpg,../Dataset/game2/Clip1/Label.csv,0282.jpg,1,533.0,167.0,0,test
game2,Clip1,../Dataset/game2/Clip1/0283.jpg,../Dataset/game2/Clip1/Label.csv,0283.jpg,1,522.0,167.0,0,test
game2,Clip1,../Dataset/game2/Clip1/0284.jpg,../Dataset/game2/Clip1/Label.csv,0284.jpg,1,512.0,170.0,2,test
game2,Clip1,../Dataset/game2/Clip1/0285.jpg,../Dataset/game2/Clip1/Label.csv,0285.jpg,1,505.0,158.0,0,test
game2,Clip1,../Dataset/game2/Clip1/0286.jpg,../Dataset/game2/Clip1/Label.csv,0286.jpg,1,498.0,144.0,0,test
game2,Clip1,../Dataset/game2/Clip1/0287.jpg,../Dataset/game2/Clip1/Label.csv,0287.jpg,2,490.0,131.0,0,test
game2,Clip1,../Dataset/game2/Clip1/0288.jpg,../Dataset/game2/Clip1/Label.csv,0288.jpg,1,485.0,119.0,0,test
game2,Clip1,../Dataset/game2/Clip1/0289.jpg,../Dataset/game2/Clip1/Label.csv,0289.jpg,1,477.0,109.0,0,test
game2,Clip1,../Dataset/game2/Clip1/0290.jpg,../Dataset/game2/Clip1/Label.csv,0290.jpg,1,473.0,98.0,0,test
game2,Clip1,../Dataset/game2/Clip1/0291.jpg,../Dataset/game2/Clip1/Label.csv,0291.jpg,1,465.0,91.0,0,test
game2,Clip1,../Dataset/game2/Clip1/0292.jpg,../Dataset/game2/Clip1/Label.csv,0292.jpg,1,459.0,83.0,0,test
game2,Clip1,../Dataset/game2/Clip1/0293.jpg,../Dataset/game2/Clip1/Label.csv,0293.jpg,1,454.0,75.0,0,test
game2,Clip1,../Dataset/game2/Clip1/0294.jpg,../Dataset/game2/Clip1/Label.csv,0294.jpg,1,450.0,72.0,0,test
game2,Clip1,../Dataset/game2/Clip1/0295.jpg,../Dataset/game2/Clip1/Label.csv,0295.jpg,1,443.0,68.0,0,test
game2,Clip1,../Dataset/game2/Clip1/0296.jpg,../Dataset/game2/Clip1/Label.csv,0296.jpg,1,439.0,66.0,1,test
game2,Clip1,../Dataset/game2/Clip1/0297.jpg,../Dataset/game2/Clip1/Label.csv,0297.jpg,1,454.0,68.0,0,test
game2,Clip1,../Dataset/game2/Clip1/0298.jpg,../Dataset/game2/Clip1/Label.csv,0298.jpg,1,470.0,71.0,0,test
game2,Clip1,../Dataset/game2/Clip1/0299.jpg,../Dataset/game2/Clip1/Label.csv,0299.jpg,1,483.0,77.0,0,test
game2,Clip1,../Dataset/game2/Clip1/0300.jpg,../Dataset/game2/Clip1/Label.csv,0300.jpg,1,500.0,82.0,0,test
game2,Clip1,../Dataset/game2/Clip1/0301.jpg,../Dataset/game2/Clip1/Label.csv,0301.jpg,1,513.0,91.0,0,test
game2,Clip1,../Dataset/game2/Clip1/0302.jpg,../Dataset/game2/Clip1/Label.csv,0302.jpg,1,525.0,100.0,0,test
game2,Clip1,../Dataset/game2/Clip1/0303.jpg,../Dataset/game2/Clip1/Label.csv,0303.jpg,1,544.0,110.0,0,test
game2,Clip1,../Dataset/game2/Clip1/0304.jpg,../Dataset/game2/Clip1/Label.csv,0304.jpg,1,561.0,121.0,0,test
game2,Clip1,../Dataset/game2/Clip1/0305.jpg,../Dataset/game2/Clip1/Label.csv,0305.jpg,1,579.0,136.0,0,test
game2,Clip1,../Dataset/game2/Clip1/0306.jpg,../Dataset/game2/Clip1/Label.csv,0306.jpg,1,592.0,149.0,0,test
game2,Clip1,../Dataset/game2/Clip1/0307.jpg,../Dataset/game2/Clip1/Label.csv,0307.jpg,1,610.0,166.0,0,test
game2,Clip1,../Dataset/game2/Clip1/0308.jpg,../Dataset/game2/Clip1/Label.csv,0308.jpg,1,626.0,182.0,0,test
game2,Clip1,../Dataset/game2/Clip1/0309.jpg,../Dataset/game2/Clip1/Label.csv,0309.jpg,1,641.0,200.0,0,test
game2,Clip1,../Dataset/game2/Clip1/0310.jpg,../Dataset/game2/Clip1/Label.csv,0310.jpg,1,661.0,225.0,0,test
game2,Clip1,../Dataset/game2/Clip1/0311.jpg,../Dataset/game2/Clip1/Label.csv,0311.jpg,1,677.0,248.0,0,test
game2,Clip1,../Dataset/game2/Clip1/0312.jpg,../Dataset/game2/Clip1/Label.csv,0312.jpg,1,695.0,269.0,0,test
game2,Clip1,../Dataset/game2/Clip1/0313.jpg,../Dataset/game2/Clip1/Label.csv,0313.jpg,1,714.0,299.0,0,test
game2,Clip1,../Dataset/game2/Clip1/0314.jpg,../Dataset/game2/Clip1/Label.csv,0314.jpg,1,734.0,325.0,0,test
game2,Clip1,../Dataset/game2/Clip1/0315.jpg,../Dataset/game2/Clip1/Label.csv,0315.jpg,1,753.0,354.0,0,test
game2,Clip1,../Dataset/game2/Clip1/0316.jpg,../Dataset/game2/Clip1/Label.csv,0316.jpg,1,773.0,386.0,0,test
game2,Clip1,../Dataset/game2/Clip1/0317.jpg,../Dataset/game2/Clip1/Label.csv,0317.jpg,1,783.0,399.0,2,test
game2,Clip1,../Dataset/game2/Clip1/0318.jpg,../Dataset/game2/Clip1/Label.csv,0318.jpg,1,800.0,395.0,0,test
game2,Clip1,../Dataset/game2/Clip1/0319.jpg,../Dataset/game2/Clip1/Label.csv,0319.jpg,1,813.0,394.0,0,test
game2,Clip1,../Dataset/game2/Clip1/0320.jpg,../Dataset/game2/Clip1/Label.csv,0320.jpg,1,825.0,392.0,0,test
game2,Clip1,../Dataset/game2/Clip1/0321.jpg,../Dataset/game2/Clip1/Label.csv,0321.jpg,1,840.0,393.0,0,test
game2,Clip1,../Dataset/game2/Clip1/0322.jpg,../Dataset/game2/Clip1/Label.csv,0322.jpg,1,852.0,393.0,0,test
game2,Clip1,../Dataset/game2/Clip1/0323.jpg,../Dataset/game2/Clip1/Label.csv,0323.jpg,1,864.0,398.0,0,test
game2,Clip1,../Dataset/game2/Clip1/0324.jpg,../Dataset/game2/Clip1/Label.csv,0324.jpg,1,880.0,402.0,0,test
game2,Clip1,../Dataset/game2/Clip1/0325.jpg,../Dataset/game2/Clip1/Label.csv,0325.jpg,1,895.0,407.0,0,test
game2,Clip1,../Dataset/game2/Clip1/0326.jpg,../Dataset/game2/Clip1/Label.csv,0326.jpg,1,906.0,414.0,0,test
game2,Clip1,../Dataset/game2/Clip1/0327.jpg,../Dataset/game2/Clip1/Label.csv,0327.jpg,1,920.0,420.0,0,test
game2,Clip1,../Dataset/game2/Clip1/0328.jpg,../Dataset/game2/Clip1/Label.csv,0328.jpg,2,934.0,434.0,0,test
game2,Clip1,../Dataset/game2/Clip1/0329.jpg,../Dataset/game2/Clip1/Label.csv,0329.jpg,1,951.0,446.0,0,test
game2,Clip1,../Dataset/game2/Clip1/0330.jpg,../Dataset/game2/Clip1/Label.csv,0330.jpg,1,964.0,460.0,0,test
game2,Clip1,../Dataset/game2/Clip1/0331.jpg,../Dataset/game2/Clip1/Label.csv,0331.jpg,1,979.0,476.0,0,test
game2,Clip1,../Dataset/game2/Clip1/0332.jpg,../Dataset/game2/Clip1/Label.csv,0332.jpg,1,993.0,491.0,0,test
game2,Clip1,../Dataset/game2/Clip1/0333.jpg,../Dataset/game2/Clip1/Label.csv,0333.jpg,1,934.0,446.0,1,test
game2,Clip1,../Dataset/game2/Clip1/0334.jpg,../Dataset/game2/Clip1/Label.csv,0334.jpg,1,897.0,416.0,0,test
game2,Clip1,../Dataset/game2/Clip1/0335.jpg,../Dataset/game2/Clip1/Label.csv,0335.jpg,1,858.0,386.0,0,test
game2,Clip1,../Dataset/game2/Clip1/0336.jpg,../Dataset/game2/Clip1/Label.csv,0336.jpg,1,818.0,362.0,0,test
game2,Clip1,../Dataset/game2/Clip1/0337.jpg,../Dataset/game2/Clip1/Label.csv,0337.jpg,1,784.0,339.0,0,test
game2,Clip1,../Dataset/game2/Clip1/0338.jpg,../Dataset/game2/Clip1/Label.csv,0338.jpg,1,753.0,322.0,0,test
game2,Clip1,../Dataset/game2/Clip1/0339.jpg,../Dataset/game2/Clip1/Label.csv,0339.jpg,1,720.0,306.0,0,test
game2,Clip1,../Dataset/game2/Clip1/0340.jpg,../Dataset/game2/Clip1/Label.csv,0340.jpg,1,689.0,292.0,0,test
game2,Clip1,../Dataset/game2/Clip1/0341.jpg,../Dataset/game2/Clip1/Label.csv,0341.jpg,1,665.0,282.0,0,test
game2,Clip1,../Dataset/game2/Clip1/0342.jpg,../Dataset/game2/Clip1/Label.csv,0342.jpg,1,639.0,274.0,0,test
game2,Clip1,../Dataset/game2/Clip1/0343.jpg,../Dataset/game2/Clip1/Label.csv,0343.jpg,1,617.0,268.0,0,test
game2,Clip1,../Dataset/game2/Clip1/0344.jpg,../Dataset/game2/Clip1/Label.csv,0344.jpg,1,594.0,265.0,0,test
game2,Clip1,../Dataset/game2/Clip1/0345.jpg,../Dataset/game2/Clip1/Label.csv,0345.jpg,1,576.0,263.0,0,test
game2,Clip1,../Dataset/game2/Clip1/0346.jpg,../Dataset/game2/Clip1/Label.csv,0346.jpg,1,555.0,260.0,0,test
game2,Clip1,../Dataset/game2/Clip1/0347.jpg,../Dataset/game2/Clip1/Label.csv,0347.jpg,1,537.0,259.0,0,test
game2,Clip1,../Dataset/game2/Clip1/0348.jpg,../Dataset/game2/Clip1/Label.csv,0348.jpg,1,534.0,258.0,0,test
game2,Clip1,../Dataset/game2/Clip1/0349.jpg,../Dataset/game2/Clip1/Label.csv,0349.jpg,1,529.0,258.0,0,test
game2,Clip1,../Dataset/game2/Clip1/0350.jpg,../Dataset/game2/Clip1/Label.csv,0350.jpg,1,523.0,260.0,0,test
game2,Clip1,../Dataset/game2/Clip1/0351.jpg,../Dataset/game2/Clip1/Label.csv,0351.jpg,1,520.0,263.0,0,test
game2,Clip1,../Dataset/game2/Clip1/0352.jpg,../Dataset/game2/Clip1/Label.csv,0352.jpg,1,514.0,266.0,0,test
game2,Clip1,../Dataset/game2/Clip1/0353.jpg,../Dataset/game2/Clip1/Label.csv,0353.jpg,1,510.0,269.0,0,test
game2,Clip1,../Dataset/game2/Clip1/0354.jpg,../Dataset/game2/Clip1/Label.csv,0354.jpg,1,506.0,274.0,0,test
game2,Clip1,../Dataset/game2/Clip1/0355.jpg,../Dataset/game2/Clip1/Label.csv,0355.jpg,1,500.0,281.0,0,test
game2,Clip1,../Dataset/game2/Clip1/0356.jpg,../Dataset/game2/Clip1/Label.csv,0356.jpg,1,496.0,288.0,0,test
game2,Clip1,../Dataset/game2/Clip1/0357.jpg,../Dataset/game2/Clip1/Label.csv,0357.jpg,1,493.0,298.0,0,test
game2,Clip1,../Dataset/game2/Clip1/0358.jpg,../Dataset/game2/Clip1/Label.csv,0358.jpg,1,490.0,292.0,0,test
game2,Clip1,../Dataset/game2/Clip1/0359.jpg,../Dataset/game2/Clip1/Label.csv,0359.jpg,1,488.0,290.0,0,test
game2,Clip1,../Dataset/game2/Clip1/0360.jpg,../Dataset/game2/Clip1/Label.csv,0360.jpg,1,487.0,287.0,0,test
game2,Clip2,../Dataset/game2/Clip2/0000.jpg,../Dataset/game2/Clip2/Label.csv,0000.jpg,1,667.0,67.0,0,test
game2,Clip2,../Dataset/game2/Clip2/0001.jpg,../Dataset/game2/Clip2/Label.csv,0001.jpg,1,694.0,101.0,0,test
game2,Clip2,../Dataset/game2/Clip2/0002.jpg,../Dataset/game2/Clip2/Label.csv,0002.jpg,2,709.0,123.0,0,test
game2,Clip2,../Dataset/game2/Clip2/0003.jpg,../Dataset/game2/Clip2/Label.csv,0003.jpg,1,749.0,172.0,0,test
game2,Clip2,../Dataset/game2/Clip2/0004.jpg,../Dataset/game2/Clip2/Label.csv,0004.jpg,1,777.0,211.0,0,test
game2,Clip2,../Dataset/game2/Clip2/0005.jpg,../Dataset/game2/Clip2/Label.csv,0005.jpg,1,810.0,253.0,0,test
game2,Clip2,../Dataset/game2/Clip2/0006.jpg,../Dataset/game2/Clip2/Label.csv,0006.jpg,1,842.0,296.0,0,test
game2,Clip2,../Dataset/game2/Clip2/0007.jpg,../Dataset/game2/Clip2/Label.csv,0007.jpg,1,873.0,342.0,0,test
game2,Clip2,../Dataset/game2/Clip2/0008.jpg,../Dataset/game2/Clip2/Label.csv,0008.jpg,1,910.0,382.0,2,test
game2,Clip2,../Dataset/game2/Clip2/0009.jpg,../Dataset/game2/Clip2/Label.csv,0009.jpg,1,936.0,386.0,0,test
game2,Clip2,../Dataset/game2/Clip2/0010.jpg,../Dataset/game2/Clip2/Label.csv,0010.jpg,1,966.0,393.0,0,test
game2,Clip2,../Dataset/game2/Clip2/0011.jpg,../Dataset/game2/Clip2/Label.csv,0011.jpg,1,993.0,398.0,0,test
game2,Clip2,../Dataset/game2/Clip2/0012.jpg,../Dataset/game2/Clip2/Label.csv,0012.jpg,1,1021.0,409.0,0,test
game2,Clip2,../Dataset/game2/Clip2/0013.jpg,../Dataset/game2/Clip2/Label.csv,0013.jpg,1,1057.0,422.0,0,test
game2,Clip2,../Dataset/game2/Clip2/0014.jpg,../Dataset/game2/Clip2/Label.csv,0014.jpg,1,1090.0,438.0,0,test
game2,Clip2,../Dataset/game2/Clip2/0015.jpg,../Dataset/game2/Clip2/Label.csv,0015.jpg,1,1124.0,452.0,0,test
game2,Clip2,../Dataset/game2/Clip2/0016.jpg,../Dataset/game2/Clip2/Label.csv,0016.jpg,1,1160.0,474.0,0,test
game2,Clip2,../Dataset/game2/Clip2/0017.jpg,../Dataset/game2/Clip2/Label.csv,0017.jpg,1,1196.0,495.0,0,test
game2,Clip2,../Dataset/game2/Clip2/0018.jpg,../Dataset/game2/Clip2/Label.csv,0018.jpg,1,1185.0,474.0,1,test
game2,Clip2,../Dataset/game2/Clip2/0019.jpg,../Dataset/game2/Clip2/Label.csv,0019.jpg,1,1149.0,434.0,0,test
game2,Clip2,../Dataset/game2/Clip2/0020.jpg,../Dataset/game2/Clip2/Label.csv,0020.jpg,1,1115.0,398.0,0,test
game2,Clip2,../Dataset/game2/Clip2/0021.jpg,../Dataset/game2/Clip2/Label.csv,0021.jpg,1,1084.0,367.0,0,test
game2,Clip2,../Dataset/game2/Clip2/0022.jpg,../Dataset/game2/Clip2/Label.csv,0022.jpg,1,1055.0,338.0,0,test
game2,Clip2,../Dataset/game2/Clip2/0023.jpg,../Dataset/game2/Clip2/Label.csv,0023.jpg,1,1027.0,312.0,0,test
game2,Clip2,../Dataset/game2/Clip2/0024.jpg,../Dataset/game2/Clip2/Label.csv,0024.jpg,1,1001.0,287.0,0,test
game2,Clip2,../Dataset/game2/Clip2/0025.jpg,../Dataset/game2/Clip2/Label.csv,0025.jpg,1,979.0,269.0,0,test
game2,Clip2,../Dataset/game2/Clip2/0026.jpg,../Dataset/game2/Clip2/Label.csv,0026.jpg,1,955.0,249.0,0,test
game2,Clip2,../Dataset/game2/Clip2/0027.jpg,../Dataset/game2/Clip2/Label.csv,0027.jpg,2,939.0,233.0,0,test
game2,Clip2,../Dataset/game2/Clip2/0028.jpg,../Dataset/game2/Clip2/Label.csv,0028.jpg,1,916.0,219.0,0,test
game2,Clip2,../Dataset/game2/Clip2/0029.jpg,../Dataset/game2/Clip2/Label.csv,0029.jpg,1,896.0,207.0,0,test
game2,Clip2,../Dataset/game2/Clip2/0030.jpg,../Dataset/game2/Clip2/Label.csv,0030.jpg,1,881.0,196.0,0,test
game2,Clip2,../Dataset/game2/Clip2/0031.jpg,../Dataset/game2/Clip2/Label.csv,0031.jpg,1,862.0,184.0,0,test
game2,Clip2,../Dataset/game2/Clip2/0032.jpg,../Dataset/game2/Clip2/Label.csv,0032.jpg,2,847.0,177.0,0,test
game2,Clip2,../Dataset/game2/Clip2/0033.jpg,../Dataset/game2/Clip2/Label.csv,0033.jpg,1,833.0,172.0,0,test
game2,Clip2,../Dataset/game2/Clip2/0034.jpg,../Dataset/game2/Clip2/Label.csv,0034.jpg,1,819.0,164.0,0,test
game2,Clip2,../Dataset/game2/Clip2/0035.jpg,../Dataset/game2/Clip2/Label.csv,0035.jpg,1,805.0,161.0,0,test
game2,Clip2,../Dataset/game2/Clip2/0036.jpg,../Dataset/game2/Clip2/Label.csv,0036.jpg,1,790.0,156.0,0,test
game2,Clip2,../Dataset/game2/Clip2/0037.jpg,../Dataset/game2/Clip2/Label.csv,0037.jpg,1,780.0,155.0,0,test
game2,Clip2,../Dataset/game2/Clip2/0038.jpg,../Dataset/game2/Clip2/Label.csv,0038.jpg,1,766.0,154.0,0,test
game2,Clip2,../Dataset/game2/Clip2/0039.jpg,../Dataset/game2/Clip2/Label.csv,0039.jpg,1,754.0,152.0,0,test
game2,Clip2,../Dataset/game2/Clip2/0040.jpg,../Dataset/game2/Clip2/Label.csv,0040.jpg,1,743.0,151.0,0,test
game2,Clip2,../Dataset/game2/Clip2/0041.jpg,../Dataset/game2/Clip2/Label.csv,0041.jpg,1,735.0,153.0,0,test
game2,Clip2,../Dataset/game2/Clip2/0042.jpg,../Dataset/game2/Clip2/Label.csv,0042.jpg,1,723.0,155.0,0,test
game2,Clip2,../Dataset/game2/Clip2/0043.jpg,../Dataset/game2/Clip2/Label.csv,0043.jpg,1,715.0,156.0,0,test
game2,Clip2,../Dataset/game2/Clip2/0044.jpg,../Dataset/game2/Clip2/Label.csv,0044.jpg,1,706.0,161.0,0,test
game2,Clip2,../Dataset/game2/Clip2/0045.jpg,../Dataset/game2/Clip2/Label.csv,0045.jpg,1,698.0,162.0,2,test
game2,Clip2,../Dataset/game2/Clip2/0046.jpg,../Dataset/game2/Clip2/Label.csv,0046.jpg,1,692.0,149.0,0,test
game2,Clip2,../Dataset/game2/Clip2/0047.jpg,../Dataset/game2/Clip2/Label.csv,0047.jpg,1,686.0,137.0,0,test
game2,Clip2,../Dataset/game2/Clip2/0048.jpg,../Dataset/game2/Clip2/Label.csv,0048.jpg,1,684.0,127.0,0,test
game2,Clip2,../Dataset/game2/Clip2/0049.jpg,../Dataset/game2/Clip2/Label.csv,0049.jpg,1,677.0,116.0,0,test
game2,Clip2,../Dataset/game2/Clip2/0050.jpg,../Dataset/game2/Clip2/Label.csv,0050.jpg,1,673.0,107.0,0,test
game2,Clip2,../Dataset/game2/Clip2/0051.jpg,../Dataset/game2/Clip2/Label.csv,0051.jpg,1,666.0,101.0,0,test
game2,Clip2,../Dataset/game2/Clip2/0052.jpg,../Dataset/game2/Clip2/Label.csv,0052.jpg,1,666.0,100.0,1,test
game2,Clip2,../Dataset/game2/Clip2/0053.jpg,../Dataset/game2/Clip2/Label.csv,0053.jpg,1,677.0,107.0,0,test
game2,Clip2,../Dataset/game2/Clip2/0054.jpg,../Dataset/game2/Clip2/Label.csv,0054.jpg,1,683.0,113.0,0,test
game2,Clip2,../Dataset/game2/Clip2/0055.jpg,../Dataset/game2/Clip2/Label.csv,0055.jpg,1,688.0,119.0,0,test
game2,Clip2,../Dataset/game2/Clip2/0056.jpg,../Dataset/game2/Clip2/Label.csv,0056.jpg,1,694.0,129.0,0,test
game2,Clip2,../Dataset/game2/Clip2/0057.jpg,../Dataset/game2/Clip2/Label.csv,0057.jpg,1,699.0,140.0,0,test
game2,Clip2,../Dataset/game2/Clip2/0058.jpg,../Dataset/game2/Clip2/Label.csv,0058.jpg,1,707.0,150.0,0,test
game2,Clip2,../Dataset/game2/Clip2/0059.jpg,../Dataset/game2/Clip2/Label.csv,0059.jpg,1,712.0,164.0,0,test
game2,Clip2,../Dataset/game2/Clip2/0060.jpg,../Dataset/game2/Clip2/Label.csv,0060.jpg,1,720.0,181.0,0,test
game2,Clip2,../Dataset/game2/Clip2/0061.jpg,../Dataset/game2/Clip2/Label.csv,0061.jpg,1,727.0,196.0,0,test
game2,Clip2,../Dataset/game2/Clip2/0062.jpg,../Dataset/game2/Clip2/Label.csv,0062.jpg,1,734.0,214.0,0,test
game2,Clip2,../Dataset/game2/Clip2/0063.jpg,../Dataset/game2/Clip2/Label.csv,0063.jpg,1,741.0,231.0,0,test
game2,Clip2,../Dataset/game2/Clip2/0064.jpg,../Dataset/game2/Clip2/Label.csv,0064.jpg,1,750.0,252.0,0,test
game2,Clip2,../Dataset/game2/Clip2/0065.jpg,../Dataset/game2/Clip2/Label.csv,0065.jpg,1,757.0,275.0,0,test
game2,Clip2,../Dataset/game2/Clip2/0066.jpg,../Dataset/game2/Clip2/Label.csv,0066.jpg,1,764.0,299.0,0,test
game2,Clip2,../Dataset/game2/Clip2/0067.jpg,../Dataset/game2/Clip2/Label.csv,0067.jpg,1,775.0,325.0,0,test
game2,Clip2,../Dataset/game2/Clip2/0068.jpg,../Dataset/game2/Clip2/Label.csv,0068.jpg,1,782.0,352.0,0,test
game2,Clip2,../Dataset/game2/Clip2/0069.jpg,../Dataset/game2/Clip2/Label.csv,0069.jpg,1,792.0,382.0,0,test
game2,Clip2,../Dataset/game2/Clip2/0070.jpg,../Dataset/game2/Clip2/Label.csv,0070.jpg,1,800.0,412.0,0,test
game2,Clip2,../Dataset/game2/Clip2/0071.jpg,../Dataset/game2/Clip2/Label.csv,0071.jpg,1,810.0,444.0,0,test
game2,Clip2,../Dataset/game2/Clip2/0072.jpg,../Dataset/game2/Clip2/Label.csv,0072.jpg,1,813.0,447.0,2,test
game2,Clip2,../Dataset/game2/Clip2/0073.jpg,../Dataset/game2/Clip2/Label.csv,0073.jpg,1,819.0,450.0,0,test
game2,Clip2,../Dataset/game2/Clip2/0074.jpg,../Dataset/game2/Clip2/Label.csv,0074.jpg,1,828.0,449.0,0,test
game2,Clip2,../Dataset/game2/Clip2/0075.jpg,../Dataset/game2/Clip2/Label.csv,0075.jpg,1,830.0,453.0,0,test
game2,Clip2,../Dataset/game2/Clip2/0076.jpg,../Dataset/game2/Clip2/Label.csv,0076.jpg,1,837.0,457.0,0,test
game2,Clip2,../Dataset/game2/Clip2/0077.jpg,../Dataset/game2/Clip2/Label.csv,0077.jpg,1,842.0,464.0,0,test
game2,Clip2,../Dataset/game2/Clip2/0078.jpg,../Dataset/game2/Clip2/Label.csv,0078.jpg,1,847.0,468.0,0,test
game2,Clip2,../Dataset/game2/Clip2/0079.jpg,../Dataset/game2/Clip2/Label.csv,0079.jpg,1,857.0,480.0,0,test
game2,Clip2,../Dataset/game2/Clip2/0080.jpg,../Dataset/game2/Clip2/Label.csv,0080.jpg,1,863.0,493.0,0,test
game2,Clip2,../Dataset/game2/Clip2/0081.jpg,../Dataset/game2/Clip2/Label.csv,0081.jpg,1,869.0,503.0,0,test
game2,Clip2,../Dataset/game2/Clip2/0082.jpg,../Dataset/game2/Clip2/Label.csv,0082.jpg,1,874.0,518.0,0,test
game2,Clip2,../Dataset/game2/Clip2/0083.jpg,../Dataset/game2/Clip2/Label.csv,0083.jpg,1,882.0,534.0,0,test
game2,Clip2,../Dataset/game2/Clip2/0084.jpg,../Dataset/game2/Clip2/Label.csv,0084.jpg,1,886.0,548.0,1,test
game2,Clip2,../Dataset/game2/Clip2/0085.jpg,../Dataset/game2/Clip2/Label.csv,0085.jpg,1,866.0,514.0,0,test
game2,Clip2,../Dataset/game2/Clip2/0086.jpg,../Dataset/game2/Clip2/Label.csv,0086.jpg,1,840.0,478.0,0,test
game2,Clip2,../Dataset/game2/Clip2/0087.jpg,../Dataset/game2/Clip2/Label.csv,0087.jpg,1,822.0,444.0,0,test
game2,Clip2,../Dataset/game2/Clip2/0088.jpg,../Dataset/game2/Clip2/Label.csv,0088.jpg,1,799.0,415.0,0,test
game2,Clip2,../Dataset/game2/Clip2/0089.jpg,../Dataset/game2/Clip2/Label.csv,0089.jpg,1,782.0,386.0,0,test
game2,Clip2,../Dataset/game2/Clip2/0090.jpg,../Dataset/game2/Clip2/Label.csv,0090.jpg,1,764.0,363.0,0,test
game2,Clip2,../Dataset/game2/Clip2/0091.jpg,../Dataset/game2/Clip2/Label.csv,0091.jpg,1,746.0,337.0,0,test
game2,Clip2,../Dataset/game2/Clip2/0092.jpg,../Dataset/game2/Clip2/Label.csv,0092.jpg,1,732.0,317.0,0,test
game2,Clip2,../Dataset/game2/Clip2/0093.jpg,../Dataset/game2/Clip2/Label.csv,0093.jpg,1,717.0,298.0,0,test
game2,Clip2,../Dataset/game2/Clip2/0094.jpg,../Dataset/game2/Clip2/Label.csv,0094.jpg,1,701.0,281.0,0,test
game2,Clip2,../Dataset/game2/Clip2/0095.jpg,../Dataset/game2/Clip2/Label.csv,0095.jpg,1,690.0,266.0,0,test
game2,Clip2,../Dataset/game2/Clip2/0096.jpg,../Dataset/game2/Clip2/Label.csv,0096.jpg,1,676.0,251.0,0,test
game2,Clip2,../Dataset/game2/Clip2/0097.jpg,../Dataset/game2/Clip2/Label.csv,0097.jpg,2,662.0,241.0,0,test
game2,Clip2,../Dataset/game2/Clip2/0098.jpg,../Dataset/game2/Clip2/Label.csv,0098.jpg,1,651.0,226.0,0,test
game2,Clip2,../Dataset/game2/Clip2/0099.jpg,../Dataset/game2/Clip2/Label.csv,0099.jpg,1,642.0,221.0,0,test
game2,Clip2,../Dataset/game2/Clip2/0100.jpg,../Dataset/game2/Clip2/Label.csv,0100.jpg,1,629.0,211.0,0,test
game2,Clip2,../Dataset/game2/Clip2/0101.jpg,../Dataset/game2/Clip2/Label.csv,0101.jpg,1,620.0,202.0,0,test
game2,Clip2,../Dataset/game2/Clip2/0102.jpg,../Dataset/game2/Clip2/Label.csv,0102.jpg,1,608.0,195.0,0,test
game2,Clip2,../Dataset/game2/Clip2/0103.jpg,../Dataset/game2/Clip2/Label.csv,0103.jpg,1,598.0,191.0,0,test
game2,Clip2,../Dataset/game2/Clip2/0104.jpg,../Dataset/game2/Clip2/Label.csv,0104.jpg,1,587.0,186.0,0,test
game2,Clip2,../Dataset/game2/Clip2/0105.jpg,../Dataset/game2/Clip2/Label.csv,0105.jpg,1,580.0,179.0,0,test
game2,Clip2,../Dataset/game2/Clip2/0106.jpg,../Dataset/game2/Clip2/Label.csv,0106.jpg,1,570.0,177.0,0,test
game2,Clip2,../Dataset/game2/Clip2/0107.jpg,../Dataset/game2/Clip2/Label.csv,0107.jpg,1,560.0,177.0,0,test
game2,Clip2,../Dataset/game2/Clip2/0108.jpg,../Dataset/game2/Clip2/Label.csv,0108.jpg,1,552.0,174.0,0,test
game2,Clip2,../Dataset/game2/Clip2/0109.jpg,../Dataset/game2/Clip2/Label.csv,0109.jpg,1,545.0,174.0,0,test
game2,Clip2,../Dataset/game2/Clip2/0110.jpg,../Dataset/game2/Clip2/Label.csv,0110.jpg,1,538.0,174.0,0,test
game2,Clip2,../Dataset/game2/Clip2/0111.jpg,../Dataset/game2/Clip2/Label.csv,0111.jpg,1,529.0,175.0,0,test
game2,Clip2,../Dataset/game2/Clip2/0112.jpg,../Dataset/game2/Clip2/Label.csv,0112.jpg,1,522.0,176.0,0,test
game2,Clip2,../Dataset/game2/Clip2/0113.jpg,../Dataset/game2/Clip2/Label.csv,0113.jpg,1,515.0,178.0,0,test
game2,Clip2,../Dataset/game2/Clip2/0114.jpg,../Dataset/game2/Clip2/Label.csv,0114.jpg,1,505.0,181.0,0,test
game2,Clip2,../Dataset/game2/Clip2/0115.jpg,../Dataset/game2/Clip2/Label.csv,0115.jpg,1,500.0,186.0,0,test
game2,Clip2,../Dataset/game2/Clip2/0116.jpg,../Dataset/game2/Clip2/Label.csv,0116.jpg,1,493.0,188.0,0,test
game2,Clip2,../Dataset/game2/Clip2/0117.jpg,../Dataset/game2/Clip2/Label.csv,0117.jpg,1,487.0,190.0,2,test
game2,Clip2,../Dataset/game2/Clip2/0118.jpg,../Dataset/game2/Clip2/Label.csv,0118.jpg,1,483.0,181.0,0,test
game2,Clip2,../Dataset/game2/Clip2/0119.jpg,../Dataset/game2/Clip2/Label.csv,0119.jpg,1,478.0,167.0,0,test
game2,Clip2,../Dataset/game2/Clip2/0120.jpg,../Dataset/game2/Clip2/Label.csv,0120.jpg,1,475.0,161.0,0,test
game2,Clip2,../Dataset/game2/Clip2/0121.jpg,../Dataset/game2/Clip2/Label.csv,0121.jpg,1,471.0,152.0,0,test
game2,Clip2,../Dataset/game2/Clip2/0122.jpg,../Dataset/game2/Clip2/Label.csv,0122.jpg,1,469.0,143.0,0,test
game2,Clip2,../Dataset/game2/Clip2/0123.jpg,../Dataset/game2/Clip2/Label.csv,0123.jpg,1,465.0,136.0,0,test
game2,Clip2,../Dataset/game2/Clip2/0124.jpg,../Dataset/game2/Clip2/Label.csv,0124.jpg,2,461.0,131.0,0,test
game2,Clip2,../Dataset/game2/Clip2/0125.jpg,../Dataset/game2/Clip2/Label.csv,0125.jpg,1,459.0,127.0,0,test
game2,Clip2,../Dataset/game2/Clip2/0126.jpg,../Dataset/game2/Clip2/Label.csv,0126.jpg,1,455.0,123.0,0,test
game2,Clip2,../Dataset/game2/Clip2/0127.jpg,../Dataset/game2/Clip2/Label.csv,0127.jpg,1,452.0,120.0,0,test
game2,Clip2,../Dataset/game2/Clip2/0128.jpg,../Dataset/game2/Clip2/Label.csv,0128.jpg,1,458.0,123.0,1,test
game2,Clip2,../Dataset/game2/Clip2/0129.jpg,../Dataset/game2/Clip2/Label.csv,0129.jpg,1,475.0,130.0,0,test
game2,Clip2,../Dataset/game2/Clip2/0130.jpg,../Dataset/game2/Clip2/Label.csv,0130.jpg,1,499.0,143.0,0,test
game2,Clip2,../Dataset/game2/Clip2/0131.jpg,../Dataset/game2/Clip2/Label.csv,0131.jpg,1,520.0,154.0,0,test
game2,Clip2,../Dataset/game2/Clip2/0132.jpg,../Dataset/game2/Clip2/Label.csv,0132.jpg,1,543.0,172.0,0,test
game2,Clip2,../Dataset/game2/Clip2/0133.jpg,../Dataset/game2/Clip2/Label.csv,0133.jpg,1,568.0,190.0,0,test
game2,Clip2,../Dataset/game2/Clip2/0134.jpg,../Dataset/game2/Clip2/Label.csv,0134.jpg,1,589.0,207.0,0,test
game2,Clip2,../Dataset/game2/Clip2/0135.jpg,../Dataset/game2/Clip2/Label.csv,0135.jpg,1,612.0,228.0,0,test
game2,Clip2,../Dataset/game2/Clip2/0136.jpg,../Dataset/game2/Clip2/Label.csv,0136.jpg,1,637.0,249.0,0,test
game2,Clip2,../Dataset/game2/Clip2/0137.jpg,../Dataset/game2/Clip2/Label.csv,0137.jpg,1,659.0,270.0,0,test
game2,Clip2,../Dataset/game2/Clip2/0138.jpg,../Dataset/game2/Clip2/Label.csv,0138.jpg,1,687.0,300.0,0,test
game2,Clip2,../Dataset/game2/Clip2/0139.jpg,../Dataset/game2/Clip2/Label.csv,0139.jpg,1,713.0,329.0,0,test
game2,Clip2,../Dataset/game2/Clip2/0140.jpg,../Dataset/game2/Clip2/Label.csv,0140.jpg,1,737.0,358.0,0,test
game2,Clip2,../Dataset/game2/Clip2/0141.jpg,../Dataset/game2/Clip2/Label.csv,0141.jpg,1,766.0,392.0,0,test
game2,Clip2,../Dataset/game2/Clip2/0142.jpg,../Dataset/game2/Clip2/Label.csv,0142.jpg,1,790.0,427.0,0,test
game2,Clip2,../Dataset/game2/Clip2/0143.jpg,../Dataset/game2/Clip2/Label.csv,0143.jpg,1,821.0,463.0,0,test
game2,Clip2,../Dataset/game2/Clip2/0144.jpg,../Dataset/game2/Clip2/Label.csv,0144.jpg,1,840.0,466.0,2,test
game2,Clip2,../Dataset/game2/Clip2/0145.jpg,../Dataset/game2/Clip2/Label.csv,0145.jpg,1,862.0,473.0,0,test
game2,Clip2,../Dataset/game2/Clip2/0146.jpg,../Dataset/game2/Clip2/Label.csv,0146.jpg,1,882.0,478.0,0,test
game2,Clip2,../Dataset/game2/Clip2/0147.jpg,../Dataset/game2/Clip2/Label.csv,0147.jpg,1,904.0,487.0,0,test
game2,Clip2,../Dataset/game2/Clip2/0148.jpg,../Dataset/game2/Clip2/Label.csv,0148.jpg,1,926.0,496.0,0,test
game2,Clip2,../Dataset/game2/Clip2/0149.jpg,../Dataset/game2/Clip2/Label.csv,0149.jpg,1,947.0,509.0,0,test
game2,Clip2,../Dataset/game2/Clip2/0150.jpg,../Dataset/game2/Clip2/Label.csv,0150.jpg,1,970.0,523.0,0,test
game2,Clip2,../Dataset/game2/Clip2/0151.jpg,../Dataset/game2/Clip2/Label.csv,0151.jpg,1,994.0,538.0,0,test
game2,Clip2,../Dataset/game2/Clip2/0152.jpg,../Dataset/game2/Clip2/Label.csv,0152.jpg,1,1016.0,554.0,0,test
game2,Clip2,../Dataset/game2/Clip2/0153.jpg,../Dataset/game2/Clip2/Label.csv,0153.jpg,1,1039.0,572.0,1,test
game2,Clip2,../Dataset/game2/Clip2/0154.jpg,../Dataset/game2/Clip2/Label.csv,0154.jpg,1,1010.0,518.0,0,test
game2,Clip2,../Dataset/game2/Clip2/0155.jpg,../Dataset/game2/Clip2/Label.csv,0155.jpg,1,980.0,467.0,0,test
game2,Clip2,../Dataset/game2/Clip2/0156.jpg,../Dataset/game2/Clip2/Label.csv,0156.jpg,1,961.0,428.0,0,test
game2,Clip2,../Dataset/game2/Clip2/0157.jpg,../Dataset/game2/Clip2/Label.csv,0157.jpg,1,936.0,389.0,0,test
game2,Clip2,../Dataset/game2/Clip2/0158.jpg,../Dataset/game2/Clip2/Label.csv,0158.jpg,1,919.0,356.0,0,test
game2,Clip2,../Dataset/game2/Clip2/0159.jpg,../Dataset/game2/Clip2/Label.csv,0159.jpg,1,904.0,329.0,0,test
game2,Clip2,../Dataset/game2/Clip2/0160.jpg,../Dataset/game2/Clip2/Label.csv,0160.jpg,2,886.0,304.0,0,test
game2,Clip2,../Dataset/game2/Clip2/0161.jpg,../Dataset/game2/Clip2/Label.csv,0161.jpg,1,870.0,282.0,0,test
game2,Clip2,../Dataset/game2/Clip2/0162.jpg,../Dataset/game2/Clip2/Label.csv,0162.jpg,1,859.0,264.0,0,test
game2,Clip2,../Dataset/game2/Clip2/0163.jpg,../Dataset/game2/Clip2/Label.csv,0163.jpg,1,846.0,246.0,0,test
game2,Clip2,../Dataset/game2/Clip2/0164.jpg,../Dataset/game2/Clip2/Label.csv,0164.jpg,2,836.0,234.0,0,test
game2,Clip2,../Dataset/game2/Clip2/0165.jpg,../Dataset/game2/Clip2/Label.csv,0165.jpg,1,824.0,224.0,0,test
game2,Clip2,../Dataset/game2/Clip2/0166.jpg,../Dataset/game2/Clip2/Label.csv,0166.jpg,1,815.0,213.0,0,test
game2,Clip2,../Dataset/game2/Clip2/0167.jpg,../Dataset/game2/Clip2/Label.csv,0167.jpg,1,808.0,207.0,0,test
game2,Clip2,../Dataset/game2/Clip2/0168.jpg,../Dataset/game2/Clip2/Label.csv,0168.jpg,1,800.0,200.0,0,test
game2,Clip2,../Dataset/game2/Clip2/0169.jpg,../Dataset/game2/Clip2/Label.csv,0169.jpg,1,789.0,191.0,0,test
game2,Clip2,../Dataset/game2/Clip2/0170.jpg,../Dataset/game2/Clip2/Label.csv,0170.jpg,1,783.0,190.0,0,test
game2,Clip2,../Dataset/game2/Clip2/0171.jpg,../Dataset/game2/Clip2/Label.csv,0171.jpg,1,773.0,186.0,0,test
game2,Clip2,../Dataset/game2/Clip2/0172.jpg,../Dataset/game2/Clip2/Label.csv,0172.jpg,1,771.0,184.0,0,test
game2,Clip2,../Dataset/game2/Clip2/0173.jpg,../Dataset/game2/Clip2/Label.csv,0173.jpg,1,766.0,179.0,0,test
game2,Clip2,../Dataset/game2/Clip2/0174.jpg,../Dataset/game2/Clip2/Label.csv,0174.jpg,1,761.0,173.0,0,test
game2,Clip2,../Dataset/game2/Clip2/0175.jpg,../Dataset/game2/Clip2/Label.csv,0175.jpg,1,757.0,168.0,0,test
game2,Clip2,../Dataset/game2/Clip2/0176.jpg,../Dataset/game2/Clip2/Label.csv,0176.jpg,1,753.0,167.0,0,test
game2,Clip2,../Dataset/game2/Clip2/0177.jpg,../Dataset/game2/Clip2/Label.csv,0177.jpg,1,749.0,164.0,0,test
game2,Clip2,../Dataset/game2/Clip2/0178.jpg,../Dataset/game2/Clip2/Label.csv,0178.jpg,1,745.0,161.0,0,test
game2,Clip2,../Dataset/game2/Clip2/0179.jpg,../Dataset/game2/Clip2/Label.csv,0179.jpg,1,742.0,160.0,0,test
game2,Clip2,../Dataset/game2/Clip2/0180.jpg,../Dataset/game2/Clip2/Label.csv,0180.jpg,1,736.0,159.0,0,test
game2,Clip2,../Dataset/game2/Clip2/0181.jpg,../Dataset/game2/Clip2/Label.csv,0181.jpg,1,731.0,158.0,0,test
game2,Clip2,../Dataset/game2/Clip2/0182.jpg,../Dataset/game2/Clip2/Label.csv,0182.jpg,1,725.0,162.0,0,test
game2,Clip2,../Dataset/game2/Clip2/0183.jpg,../Dataset/game2/Clip2/Label.csv,0183.jpg,1,722.0,162.0,0,test
game2,Clip2,../Dataset/game2/Clip2/0184.jpg,../Dataset/game2/Clip2/Label.csv,0184.jpg,1,718.0,166.0,0,test
game2,Clip2,../Dataset/game2/Clip2/0185.jpg,../Dataset/game2/Clip2/Label.csv,0185.jpg,1,712.0,172.0,0,test
game2,Clip2,../Dataset/game2/Clip2/0186.jpg,../Dataset/game2/Clip2/Label.csv,0186.jpg,1,707.0,174.0,0,test
game2,Clip2,../Dataset/game2/Clip2/0187.jpg,../Dataset/game2/Clip2/Label.csv,0187.jpg,1,702.0,181.0,0,test
game2,Clip2,../Dataset/game2/Clip2/0188.jpg,../Dataset/game2/Clip2/Label.csv,0188.jpg,1,695.0,188.0,0,test
game2,Clip2,../Dataset/game2/Clip2/0189.jpg,../Dataset/game2/Clip2/Label.csv,0189.jpg,1,689.0,196.0,0,test
game2,Clip2,../Dataset/game2/Clip2/0190.jpg,../Dataset/game2/Clip2/Label.csv,0190.jpg,1,686.0,205.0,0,test
game2,Clip2,../Dataset/game2/Clip2/0191.jpg,../Dataset/game2/Clip2/Label.csv,0191.jpg,1,678.0,217.0,0,test
game2,Clip2,../Dataset/game2/Clip2/0192.jpg,../Dataset/game2/Clip2/Label.csv,0192.jpg,1,671.0,225.0,0,test
game2,Clip2,../Dataset/game2/Clip2/0193.jpg,../Dataset/game2/Clip2/Label.csv,0193.jpg,1,667.0,234.0,0,test
game2,Clip2,../Dataset/game2/Clip2/0194.jpg,../Dataset/game2/Clip2/Label.csv,0194.jpg,1,662.0,247.0,0,test
game2,Clip2,../Dataset/game2/Clip2/0195.jpg,../Dataset/game2/Clip2/Label.csv,0195.jpg,1,657.0,260.0,0,test
game2,Clip2,../Dataset/game2/Clip2/0196.jpg,../Dataset/game2/Clip2/Label.csv,0196.jpg,1,652.0,271.0,0,test
game2,Clip2,../Dataset/game2/Clip2/0197.jpg,../Dataset/game2/Clip2/Label.csv,0197.jpg,1,645.0,288.0,0,test
game2,Clip2,../Dataset/game2/Clip2/0198.jpg,../Dataset/game2/Clip2/Label.csv,0198.jpg,1,645.0,294.0,0,test
game7,Clip1,../Dataset/game7/Clip1/0000.jpg,../Dataset/game7/Clip1/Label.csv,0000.jpg,0,-1.0,-1.0,0,test
game7,Clip1,../Dataset/game7/Clip1/0001.jpg,../Dataset/game7/Clip1/Label.csv,0001.jpg,0,-1.0,-1.0,0,test
game7,Clip1,../Dataset/game7/Clip1/0002.jpg,../Dataset/game7/Clip1/Label.csv,0002.jpg,0,-1.0,-1.0,0,test
game7,Clip1,../Dataset/game7/Clip1/0003.jpg,../Dataset/game7/Clip1/Label.csv,0003.jpg,0,-1.0,-1.0,0,test
game7,Clip1,../Dataset/game7/Clip1/0004.jpg,../Dataset/game7/Clip1/Label.csv,0004.jpg,1,626.0,14.0,0,test
game7,Clip1,../Dataset/game7/Clip1/0005.jpg,../Dataset/game7/Clip1/Label.csv,0005.jpg,1,648.0,43.0,0,test
game7,Clip1,../Dataset/game7/Clip1/0006.jpg,../Dataset/game7/Clip1/Label.csv,0006.jpg,1,672.0,74.0,0,test
game7,Clip1,../Dataset/game7/Clip1/0007.jpg,../Dataset/game7/Clip1/Label.csv,0007.jpg,1,695.0,107.0,0,test
game7,Clip1,../Dataset/game7/Clip1/0008.jpg,../Dataset/game7/Clip1/Label.csv,0008.jpg,1,721.0,143.0,0,test
game7,Clip1,../Dataset/game7/Clip1/0009.jpg,../Dataset/game7/Clip1/Label.csv,0009.jpg,1,747.0,178.0,0,test
game7,Clip1,../Dataset/game7/Clip1/0010.jpg,../Dataset/game7/Clip1/Label.csv,0010.jpg,1,775.0,218.0,0,test
game7,Clip1,../Dataset/game7/Clip1/0011.jpg,../Dataset/game7/Clip1/Label.csv,0011.jpg,1,808.0,264.0,0,test
game7,Clip1,../Dataset/game7/Clip1/0012.jpg,../Dataset/game7/Clip1/Label.csv,0012.jpg,1,839.0,310.0,0,test
game7,Clip1,../Dataset/game7/Clip1/0013.jpg,../Dataset/game7/Clip1/Label.csv,0013.jpg,1,872.0,354.0,0,test
game7,Clip1,../Dataset/game7/Clip1/0014.jpg,../Dataset/game7/Clip1/Label.csv,0014.jpg,1,906.0,393.0,2,test
game7,Clip1,../Dataset/game7/Clip1/0015.jpg,../Dataset/game7/Clip1/Label.csv,0015.jpg,1,924.0,393.0,0,test
game7,Clip1,../Dataset/game7/Clip1/0016.jpg,../Dataset/game7/Clip1/Label.csv,0016.jpg,1,961.0,400.0,0,test
game7,Clip1,../Dataset/game7/Clip1/0017.jpg,../Dataset/game7/Clip1/Label.csv,0017.jpg,1,992.0,409.0,0,test
game7,Clip1,../Dataset/game7/Clip1/0018.jpg,../Dataset/game7/Clip1/Label.csv,0018.jpg,1,1024.0,417.0,0,test
game7,Clip1,../Dataset/game7/Clip1/0019.jpg,../Dataset/game7/Clip1/Label.csv,0019.jpg,2,1051.0,427.0,0,test
game7,Clip1,../Dataset/game7/Clip1/0020.jpg,../Dataset/game7/Clip1/Label.csv,0020.jpg,1,1094.0,443.0,0,test
game7,Clip1,../Dataset/game7/Clip1/0021.jpg,../Dataset/game7/Clip1/Label.csv,0021.jpg,1,1127.0,458.0,0,test
game7,Clip1,../Dataset/game7/Clip1/0022.jpg,../Dataset/game7/Clip1/Label.csv,0022.jpg,2,1093.0,415.0,1,test
game7,Clip1,../Dataset/game7/Clip1/0023.jpg,../Dataset/game7/Clip1/Label.csv,0023.jpg,1,1056.0,369.0,0,test
game7,Clip1,../Dataset/game7/Clip1/0024.jpg,../Dataset/game7/Clip1/Label.csv,0024.jpg,1,1022.0,333.0,0,test
game7,Clip1,../Dataset/game7/Clip1/0025.jpg,../Dataset/game7/Clip1/Label.csv,0025.jpg,2,993.0,301.0,0,test
game7,Clip1,../Dataset/game7/Clip1/0026.jpg,../Dataset/game7/Clip1/Label.csv,0026.jpg,1,962.0,271.0,0,test
game7,Clip1,../Dataset/game7/Clip1/0027.jpg,../Dataset/game7/Clip1/Label.csv,0027.jpg,1,935.0,245.0,0,test
game7,Clip1,../Dataset/game7/Clip1/0028.jpg,../Dataset/game7/Clip1/Label.csv,0028.jpg,1,908.0,225.0,0,test
game7,Clip1,../Dataset/game7/Clip1/0029.jpg,../Dataset/game7/Clip1/Label.csv,0029.jpg,1,885.0,209.0,0,test
game7,Clip1,../Dataset/game7/Clip1/0030.jpg,../Dataset/game7/Clip1/Label.csv,0030.jpg,2,865.0,189.0,0,test
game7,Clip1,../Dataset/game7/Clip1/0031.jpg,../Dataset/game7/Clip1/Label.csv,0031.jpg,1,839.0,175.0,0,test
game7,Clip1,../Dataset/game7/Clip1/0032.jpg,../Dataset/game7/Clip1/Label.csv,0032.jpg,1,821.0,165.0,0,test
game7,Clip1,../Dataset/game7/Clip1/0033.jpg,../Dataset/game7/Clip1/Label.csv,0033.jpg,1,801.0,156.0,0,test
game7,Clip1,../Dataset/game7/Clip1/0034.jpg,../Dataset/game7/Clip1/Label.csv,0034.jpg,1,780.0,149.0,0,test
game7,Clip1,../Dataset/game7/Clip1/0035.jpg,../Dataset/game7/Clip1/Label.csv,0035.jpg,1,764.0,144.0,0,test
game7,Clip1,../Dataset/game7/Clip1/0036.jpg,../Dataset/game7/Clip1/Label.csv,0036.jpg,1,745.0,140.0,0,test
game7,Clip1,../Dataset/game7/Clip1/0037.jpg,../Dataset/game7/Clip1/Label.csv,0037.jpg,1,730.0,138.0,0,test
game7,Clip1,../Dataset/game7/Clip1/0038.jpg,../Dataset/game7/Clip1/Label.csv,0038.jpg,1,715.0,138.0,0,test
game7,Clip1,../Dataset/game7/Clip1/0039.jpg,../Dataset/game7/Clip1/Label.csv,0039.jpg,1,698.0,138.0,0,test
game7,Clip1,../Dataset/game7/Clip1/0040.jpg,../Dataset/game7/Clip1/Label.csv,0040.jpg,1,683.0,141.0,0,test
game7,Clip1,../Dataset/game7/Clip1/0041.jpg,../Dataset/game7/Clip1/Label.csv,0041.jpg,1,669.0,143.0,0,test
game7,Clip1,../Dataset/game7/Clip1/0042.jpg,../Dataset/game7/Clip1/Label.csv,0042.jpg,1,656.0,148.0,0,test
game7,Clip1,../Dataset/game7/Clip1/0043.jpg,../Dataset/game7/Clip1/Label.csv,0043.jpg,1,643.0,155.0,0,test
game7,Clip1,../Dataset/game7/Clip1/0044.jpg,../Dataset/game7/Clip1/Label.csv,0044.jpg,1,630.0,161.0,0,test
game7,Clip1,../Dataset/game7/Clip1/0045.jpg,../Dataset/game7/Clip1/Label.csv,0045.jpg,1,620.0,168.0,0,test
game7,Clip1,../Dataset/game7/Clip1/0046.jpg,../Dataset/game7/Clip1/Label.csv,0046.jpg,1,608.0,177.0,0,test
game7,Clip1,../Dataset/game7/Clip1/0047.jpg,../Dataset/game7/Clip1/Label.csv,0047.jpg,1,599.0,178.0,2,test
game7,Clip1,../Dataset/game7/Clip1/0048.jpg,../Dataset/game7/Clip1/Label.csv,0048.jpg,1,591.0,161.0,0,test
game7,Clip1,../Dataset/game7/Clip1/0049.jpg,../Dataset/game7/Clip1/Label.csv,0049.jpg,1,592.0,160.0,0,test
game7,Clip1,../Dataset/game7/Clip1/0050.jpg,../Dataset/game7/Clip1/Label.csv,0050.jpg,1,579.0,131.0,0,test
game7,Clip1,../Dataset/game7/Clip1/0051.jpg,../Dataset/game7/Clip1/Label.csv,0051.jpg,1,570.0,113.0,0,test
game7,Clip1,../Dataset/game7/Clip1/0052.jpg,../Dataset/game7/Clip1/Label.csv,0052.jpg,1,566.0,101.0,0,test
game7,Clip1,../Dataset/game7/Clip1/0053.jpg,../Dataset/game7/Clip1/Label.csv,0053.jpg,1,558.0,91.0,0,test
game7,Clip1,../Dataset/game7/Clip1/0054.jpg,../Dataset/game7/Clip1/Label.csv,0054.jpg,1,551.0,80.0,0,test
game7,Clip1,../Dataset/game7/Clip1/0055.jpg,../Dataset/game7/Clip1/Label.csv,0055.jpg,1,545.0,72.0,0,test
game7,Clip1,../Dataset/game7/Clip1/0056.jpg,../Dataset/game7/Clip1/Label.csv,0056.jpg,1,539.0,66.0,0,test
game7,Clip1,../Dataset/game7/Clip1/0057.jpg,../Dataset/game7/Clip1/Label.csv,0057.jpg,1,534.0,59.0,0,test
game7,Clip1,../Dataset/game7/Clip1/0058.jpg,../Dataset/game7/Clip1/Label.csv,0058.jpg,1,534.0,58.0,1,test
game7,Clip1,../Dataset/game7/Clip1/0059.jpg,../Dataset/game7/Clip1/Label.csv,0059.jpg,1,543.0,66.0,0,test
game7,Clip1,../Dataset/game7/Clip1/0060.jpg,../Dataset/game7/Clip1/Label.csv,0060.jpg,1,552.0,78.0,0,test
game7,Clip1,../Dataset/game7/Clip1/0061.jpg,../Dataset/game7/Clip1/Label.csv,0061.jpg,1,558.0,86.0,0,test
game7,Clip1,../Dataset/game7/Clip1/0062.jpg,../Dataset/game7/Clip1/Label.csv,0062.jpg,1,566.0,100.0,0,test
game7,Clip1,../Dataset/game7/Clip1/0063.jpg,../Dataset/game7/Clip1/Label.csv,0063.jpg,1,576.0,115.0,0,test
game7,Clip1,../Dataset/game7/Clip1/0064.jpg,../Dataset/game7/Clip1/Label.csv,0064.jpg,1,583.0,131.0,0,test
game7,Clip1,../Dataset/game7/Clip1/0065.jpg,../Dataset/game7/Clip1/Label.csv,0065.jpg,1,591.0,149.0,0,test
game7,Clip1,../Dataset/game7/Clip1/0066.jpg,../Dataset/game7/Clip1/Label.csv,0066.jpg,1,599.0,170.0,0,test
game7,Clip1,../Dataset/game7/Clip1/0067.jpg,../Dataset/game7/Clip1/Label.csv,0067.jpg,1,607.0,191.0,0,test
game7,Clip1,../Dataset/game7/Clip1/0068.jpg,../Dataset/game7/Clip1/Label.csv,0068.jpg,1,614.0,214.0,0,test
game7,Clip1,../Dataset/game7/Clip1/0069.jpg,../Dataset/game7/Clip1/Label.csv,0069.jpg,1,624.0,243.0,0,test
game7,Clip1,../Dataset/game7/Clip1/0070.jpg,../Dataset/game7/Clip1/Label.csv,0070.jpg,1,632.0,268.0,0,test
game7,Clip1,../Dataset/game7/Clip1/0071.jpg,../Dataset/game7/Clip1/Label.csv,0071.jpg,1,640.0,298.0,0,test
game7,Clip1,../Dataset/game7/Clip1/0072.jpg,../Dataset/game7/Clip1/Label.csv,0072.jpg,1,649.0,332.0,0,test
game7,Clip1,../Dataset/game7/Clip1/0073.jpg,../Dataset/game7/Clip1/Label.csv,0073.jpg,1,656.0,368.0,0,test
game7,Clip1,../Dataset/game7/Clip1/0074.jpg,../Dataset/game7/Clip1/Label.csv,0074.jpg,1,664.0,407.0,0,test
game7,Clip1,../Dataset/game7/Clip1/0075.jpg,../Dataset/game7/Clip1/Label.csv,0075.jpg,1,672.0,437.0,2,test
game7,Clip1,../Dataset/game7/Clip1/0076.jpg,../Dataset/game7/Clip1/Label.csv,0076.jpg,2,678.0,435.0,0,test
game7,Clip1,../Dataset/game7/Clip1/0077.jpg,../Dataset/game7/Clip1/Label.csv,0077.jpg,3,685.0,433.0,0,test
game7,Clip1,../Dataset/game7/Clip1/0078.jpg,../Dataset/game7/Clip1/Label.csv,0078.jpg,3,692.0,433.0,0,test
game7,Clip1,../Dataset/game7/Clip1/0079.jpg,../Dataset/game7/Clip1/Label.csv,0079.jpg,3,703.0,437.0,0,test
game7,Clip1,../Dataset/game7/Clip1/0080.jpg,../Dataset/game7/Clip1/Label.csv,0080.jpg,1,707.0,440.0,0,test
game7,Clip1,../Dataset/game7/Clip1/0081.jpg,../Dataset/game7/Clip1/Label.csv,0081.jpg,1,714.0,451.0,0,test
game7,Clip1,../Dataset/game7/Clip1/0082.jpg,../Dataset/game7/Clip1/Label.csv,0082.jpg,1,722.0,455.0,0,test
game7,Clip1,../Dataset/game7/Clip1/0083.jpg,../Dataset/game7/Clip1/Label.csv,0083.jpg,1,729.0,466.0,1,test
game7,Clip1,../Dataset/game7/Clip1/0084.jpg,../Dataset/game7/Clip1/Label.csv,0084.jpg,1,727.0,433.0,0,test
game7,Clip1,../Dataset/game7/Clip1/0085.jpg,../Dataset/game7/Clip1/Label.csv,0085.jpg,1,724.0,396.0,0,test
game7,Clip1,../Dataset/game7/Clip1/0086.jpg,../Dataset/game7/Clip1/Label.csv,0086.jpg,1,722.0,364.0,0,test
game7,Clip1,../Dataset/game7/Clip1/0087.jpg,../Dataset/game7/Clip1/Label.csv,0087.jpg,1,720.0,334.0,0,test
game7,Clip1,../Dataset/game7/Clip1/0088.jpg,../Dataset/game7/Clip1/Label.csv,0088.jpg,1,717.0,306.0,0,test
game7,Clip1,../Dataset/game7/Clip1/0089.jpg,../Dataset/game7/Clip1/Label.csv,0089.jpg,1,715.0,280.0,0,test
game7,Clip1,../Dataset/game7/Clip1/0090.jpg,../Dataset/game7/Clip1/Label.csv,0090.jpg,1,714.0,257.0,0,test
game7,Clip1,../Dataset/game7/Clip1/0091.jpg,../Dataset/game7/Clip1/Label.csv,0091.jpg,1,711.0,236.0,0,test
game7,Clip1,../Dataset/game7/Clip1/0092.jpg,../Dataset/game7/Clip1/Label.csv,0092.jpg,1,710.0,217.0,0,test
game7,Clip1,../Dataset/game7/Clip1/0093.jpg,../Dataset/game7/Clip1/Label.csv,0093.jpg,1,708.0,200.0,0,test
game7,Clip1,../Dataset/game7/Clip1/0094.jpg,../Dataset/game7/Clip1/Label.csv,0094.jpg,1,707.0,184.0,0,test
game7,Clip1,../Dataset/game7/Clip1/0095.jpg,../Dataset/game7/Clip1/Label.csv,0095.jpg,1,707.0,171.0,0,test
game7,Clip1,../Dataset/game7/Clip1/0096.jpg,../Dataset/game7/Clip1/Label.csv,0096.jpg,1,705.0,158.0,0,test
game7,Clip1,../Dataset/game7/Clip1/0097.jpg,../Dataset/game7/Clip1/Label.csv,0097.jpg,1,703.0,145.0,0,test
game7,Clip1,../Dataset/game7/Clip1/0098.jpg,../Dataset/game7/Clip1/Label.csv,0098.jpg,1,702.0,137.0,0,test
game7,Clip1,../Dataset/game7/Clip1/0099.jpg,../Dataset/game7/Clip1/Label.csv,0099.jpg,1,701.0,126.0,0,test
game7,Clip1,../Dataset/game7/Clip1/0100.jpg,../Dataset/game7/Clip1/Label.csv,0100.jpg,1,701.0,116.0,0,test
game7,Clip1,../Dataset/game7/Clip1/0101.jpg,../Dataset/game7/Clip1/Label.csv,0101.jpg,1,701.0,112.0,0,test
game7,Clip1,../Dataset/game7/Clip1/0102.jpg,../Dataset/game7/Clip1/Label.csv,0102.jpg,1,699.0,107.0,0,test
game7,Clip1,../Dataset/game7/Clip1/0103.jpg,../Dataset/game7/Clip1/Label.csv,0103.jpg,1,700.0,102.0,0,test
game7,Clip1,../Dataset/game7/Clip1/0104.jpg,../Dataset/game7/Clip1/Label.csv,0104.jpg,1,698.0,98.0,0,test
game7,Clip1,../Dataset/game7/Clip1/0105.jpg,../Dataset/game7/Clip1/Label.csv,0105.jpg,1,698.0,96.0,0,test
game7,Clip1,../Dataset/game7/Clip1/0106.jpg,../Dataset/game7/Clip1/Label.csv,0106.jpg,1,696.0,95.0,0,test
game7,Clip1,../Dataset/game7/Clip1/0107.jpg,../Dataset/game7/Clip1/Label.csv,0107.jpg,1,696.0,93.0,0,test
game7,Clip1,../Dataset/game7/Clip1/0108.jpg,../Dataset/game7/Clip1/Label.csv,0108.jpg,1,696.0,94.0,0,test
game7,Clip1,../Dataset/game7/Clip1/0109.jpg,../Dataset/game7/Clip1/Label.csv,0109.jpg,1,696.0,94.0,0,test
game7,Clip1,../Dataset/game7/Clip1/0110.jpg,../Dataset/game7/Clip1/Label.csv,0110.jpg,1,697.0,95.0,0,test
game7,Clip1,../Dataset/game7/Clip1/0111.jpg,../Dataset/game7/Clip1/Label.csv,0111.jpg,1,708.0,113.0,1,test
game7,Clip1,../Dataset/game7/Clip1/0112.jpg,../Dataset/game7/Clip1/Label.csv,0112.jpg,1,727.0,140.0,0,test
game7,Clip1,../Dataset/game7/Clip1/0113.jpg,../Dataset/game7/Clip1/Label.csv,0113.jpg,1,748.0,165.0,0,test
game7,Clip1,../Dataset/game7/Clip1/0114.jpg,../Dataset/game7/Clip1/Label.csv,0114.jpg,1,765.0,193.0,0,test
game7,Clip1,../Dataset/game7/Clip1/0115.jpg,../Dataset/game7/Clip1/Label.csv,0115.jpg,1,785.0,225.0,0,test
game7,Clip1,../Dataset/game7/Clip1/0116.jpg,../Dataset/game7/Clip1/Label.csv,0116.jpg,1,805.0,254.0,0,test
game7,Clip1,../Dataset/game7/Clip1/0117.jpg,../Dataset/game7/Clip1/Label.csv,0117.jpg,1,826.0,287.0,0,test
game7,Clip1,../Dataset/game7/Clip1/0118.jpg,../Dataset/game7/Clip1/Label.csv,0118.jpg,1,847.0,323.0,0,test
game7,Clip1,../Dataset/game7/Clip1/0119.jpg,../Dataset/game7/Clip1/Label.csv,0119.jpg,1,869.0,361.0,0,test
game7,Clip1,../Dataset/game7/Clip1/0120.jpg,../Dataset/game7/Clip1/Label.csv,0120.jpg,1,891.0,388.0,2,test
game7,Clip1,../Dataset/game7/Clip1/0121.jpg,../Dataset/game7/Clip1/Label.csv,0121.jpg,1,907.0,388.0,0,test
game7,Clip1,../Dataset/game7/Clip1/0122.jpg,../Dataset/game7/Clip1/Label.csv,0122.jpg,1,924.0,387.0,0,test
game7,Clip1,../Dataset/game7/Clip1/0123.jpg,../Dataset/game7/Clip1/Label.csv,0123.jpg,1,941.0,393.0,0,test
game7,Clip1,../Dataset/game7/Clip1/0124.jpg,../Dataset/game7/Clip1/Label.csv,0124.jpg,1,958.0,397.0,0,test
game7,Clip1,../Dataset/game7/Clip1/0125.jpg,../Dataset/game7/Clip1/Label.csv,0125.jpg,1,978.0,403.0,0,test
game7,Clip1,../Dataset/game7/Clip1/0126.jpg,../Dataset/game7/Clip1/Label.csv,0126.jpg,1,996.0,411.0,0,test
game7,Clip1,../Dataset/game7/Clip1/0127.jpg,../Dataset/game7/Clip1/Label.csv,0127.jpg,1,1014.0,422.0,0,test
game7,Clip2,../Dataset/game7/Clip2/0000.jpg,../Dataset/game7/Clip2/Label.csv,0000.jpg,1,584.0,509.0,0,test
game7,Clip2,../Dataset/game7/Clip2/0001.jpg,../Dataset/game7/Clip2/Label.csv,0001.jpg,1,584.0,514.0,0,test
game7,Clip2,../Dataset/game7/Clip2/0002.jpg,../Dataset/game7/Clip2/Label.csv,0002.jpg,1,583.0,515.0,0,test
game7,Clip2,../Dataset/game7/Clip2/0003.jpg,../Dataset/game7/Clip2/Label.csv,0003.jpg,1,583.0,515.0,0,test
game7,Clip2,../Dataset/game7/Clip2/0004.jpg,../Dataset/game7/Clip2/Label.csv,0004.jpg,1,591.0,512.0,0,test
game7,Clip2,../Dataset/game7/Clip2/0005.jpg,../Dataset/game7/Clip2/Label.csv,0005.jpg,1,598.0,502.0,0,test
game7,Clip2,../Dataset/game7/Clip2/0006.jpg,../Dataset/game7/Clip2/Label.csv,0006.jpg,3,607.0,489.0,0,test
game7,Clip2,../Dataset/game7/Clip2/0007.jpg,../Dataset/game7/Clip2/Label.csv,0007.jpg,1,618.0,469.0,0,test
game7,Clip2,../Dataset/game7/Clip2/0008.jpg,../Dataset/game7/Clip2/Label.csv,0008.jpg,1,624.0,444.0,0,test
game7,Clip2,../Dataset/game7/Clip2/0009.jpg,../Dataset/game7/Clip2/Label.csv,0009.jpg,1,626.0,415.0,0,test
game7,Clip2,../Dataset/game7/Clip2/0010.jpg,../Dataset/game7/Clip2/Label.csv,0010.jpg,1,622.0,394.0,0,test
game7,Clip2,../Dataset/game7/Clip2/0011.jpg,../Dataset/game7/Clip2/Label.csv,0011.jpg,1,619.0,374.0,0,test
game7,Clip2,../Dataset/game7/Clip2/0012.jpg,../Dataset/game7/Clip2/Label.csv,0012.jpg,1,617.0,356.0,0,test
game7,Clip2,../Dataset/game7/Clip2/0013.jpg,../Dataset/game7/Clip2/Label.csv,0013.jpg,1,614.0,338.0,0,test
game7,Clip2,../Dataset/game7/Clip2/0014.jpg,../Dataset/game7/Clip2/Label.csv,0014.jpg,1,610.0,323.0,0,test
game7,Clip2,../Dataset/game7/Clip2/0015.jpg,../Dataset/game7/Clip2/Label.csv,0015.jpg,1,610.0,311.0,0,test
game7,Clip2,../Dataset/game7/Clip2/0016.jpg,../Dataset/game7/Clip2/Label.csv,0016.jpg,1,608.0,296.0,0,test
game7,Clip2,../Dataset/game7/Clip2/0017.jpg,../Dataset/game7/Clip2/Label.csv,0017.jpg,1,606.0,286.0,0,test
game7,Clip2,../Dataset/game7/Clip2/0018.jpg,../Dataset/game7/Clip2/Label.csv,0018.jpg,1,605.0,278.0,0,test
game7,Clip2,../Dataset/game7/Clip2/0019.jpg,../Dataset/game7/Clip2/Label.csv,0019.jpg,1,601.0,269.0,0,test
game7,Clip2,../Dataset/game7/Clip2/0020.jpg,../Dataset/game7/Clip2/Label.csv,0020.jpg,1,599.0,264.0,0,test
game7,Clip2,../Dataset/game7/Clip2/0021.jpg,../Dataset/game7/Clip2/Label.csv,0021.jpg,1,596.0,258.0,0,test
game7,Clip2,../Dataset/game7/Clip2/0022.jpg,../Dataset/game7/Clip2/Label.csv,0022.jpg,1,593.0,255.0,0,test
game7,Clip2,../Dataset/game7/Clip2/0023.jpg,../Dataset/game7/Clip2/Label.csv,0023.jpg,1,592.0,254.0,0,test
game7,Clip2,../Dataset/game7/Clip2/0024.jpg,../Dataset/game7/Clip2/Label.csv,0024.jpg,1,591.0,255.0,0,test
game7,Clip2,../Dataset/game7/Clip2/0025.jpg,../Dataset/game7/Clip2/Label.csv,0025.jpg,1,584.0,259.0,0,test
game7,Clip2,../Dataset/game7/Clip2/0026.jpg,../Dataset/game7/Clip2/Label.csv,0026.jpg,1,585.0,259.0,0,test
game7,Clip2,../Dataset/game7/Clip2/0027.jpg,../Dataset/game7/Clip2/Label.csv,0027.jpg,1,583.0,264.0,0,test
game7,Clip2,../Dataset/game7/Clip2/0028.jpg,../Dataset/game7/Clip2/Label.csv,0028.jpg,1,583.0,269.0,1,test
game7,Clip2,../Dataset/game7/Clip2/0029.jpg,../Dataset/game7/Clip2/Label.csv,0029.jpg,1,599.0,252.0,0,test
game7,Clip2,../Dataset/game7/Clip2/0030.jpg,../Dataset/game7/Clip2/Label.csv,0030.jpg,1,614.0,237.0,0,test
game7,Clip2,../Dataset/game7/Clip2/0031.jpg,../Dataset/game7/Clip2/Label.csv,0031.jpg,1,629.0,225.0,0,test
game7,Clip2,../Dataset/game7/Clip2/0032.jpg,../Dataset/game7/Clip2/Label.csv,0032.jpg,2,640.0,217.0,0,test
game7,Clip2,../Dataset/game7/Clip2/0033.jpg,../Dataset/game7/Clip2/Label.csv,0033.jpg,1,647.0,213.0,0,test
game7,Clip2,../Dataset/game7/Clip2/0034.jpg,../Dataset/game7/Clip2/Label.csv,0034.jpg,1,657.0,209.0,0,test
game7,Clip2,../Dataset/game7/Clip2/0035.jpg,../Dataset/game7/Clip2/Label.csv,0035.jpg,1,662.0,207.0,0,test
game7,Clip2,../Dataset/game7/Clip2/0036.jpg,../Dataset/game7/Clip2/Label.csv,0036.jpg,1,668.0,207.0,2,test
game7,Clip2,../Dataset/game7/Clip2/0037.jpg,../Dataset/game7/Clip2/Label.csv,0037.jpg,1,671.0,182.0,0,test
game7,Clip2,../Dataset/game7/Clip2/0038.jpg,../Dataset/game7/Clip2/Label.csv,0038.jpg,1,675.0,150.0,0,test
game7,Clip2,../Dataset/game7/Clip2/0039.jpg,../Dataset/game7/Clip2/Label.csv,0039.jpg,1,678.0,124.0,0,test
game7,Clip2,../Dataset/game7/Clip2/0040.jpg,../Dataset/game7/Clip2/Label.csv,0040.jpg,1,683.0,101.0,0,test
game7,Clip2,../Dataset/game7/Clip2/0041.jpg,../Dataset/game7/Clip2/Label.csv,0041.jpg,1,685.0,78.0,0,test
game7,Clip2,../Dataset/game7/Clip2/0042.jpg,../Dataset/game7/Clip2/Label.csv,0042.jpg,1,689.0,62.0,0,test
game7,Clip2,../Dataset/game7/Clip2/0043.jpg,../Dataset/game7/Clip2/Label.csv,0043.jpg,1,689.0,56.0,1,test
game7,Clip2,../Dataset/game7/Clip2/0044.jpg,../Dataset/game7/Clip2/Label.csv,0044.jpg,1,691.0,59.0,0,test
game7,Clip2,../Dataset/game7/Clip2/0045.jpg,../Dataset/game7/Clip2/Label.csv,0045.jpg,1,696.0,62.0,0,test
game7,Clip2,../Dataset/game7/Clip2/0046.jpg,../Dataset/game7/Clip2/Label.csv,0046.jpg,1,697.0,69.0,0,test
game7,Clip2,../Dataset/game7/Clip2/0047.jpg,../Dataset/game7/Clip2/Label.csv,0047.jpg,1,700.0,74.0,0,test
game7,Clip2,../Dataset/game7/Clip2/0048.jpg,../Dataset/game7/Clip2/Label.csv,0048.jpg,1,702.0,82.0,0,test
game7,Clip2,../Dataset/game7/Clip2/0049.jpg,../Dataset/game7/Clip2/Label.csv,0049.jpg,1,707.0,90.0,0,test
game7,Clip2,../Dataset/game7/Clip2/0050.jpg,../Dataset/game7/Clip2/Label.csv,0050.jpg,1,708.0,101.0,0,test
game7,Clip2,../Dataset/game7/Clip2/0051.jpg,../Dataset/game7/Clip2/Label.csv,0051.jpg,1,712.0,110.0,0,test
game7,Clip2,../Dataset/game7/Clip2/0052.jpg,../Dataset/game7/Clip2/Label.csv,0052.jpg,1,714.0,121.0,0,test
game7,Clip2,../Dataset/game7/Clip2/0053.jpg,../Dataset/game7/Clip2/Label.csv,0053.jpg,1,717.0,138.0,0,test
game7,Clip2,../Dataset/game7/Clip2/0054.jpg,../Dataset/game7/Clip2/Label.csv,0054.jpg,1,720.0,151.0,0,test
game7,Clip2,../Dataset/game7/Clip2/0055.jpg,../Dataset/game7/Clip2/Label.csv,0055.jpg,1,722.0,170.0,0,test
game7,Clip2,../Dataset/game7/Clip2/0056.jpg,../Dataset/game7/Clip2/Label.csv,0056.jpg,1,725.0,187.0,0,test
game7,Clip2,../Dataset/game7/Clip2/0057.jpg,../Dataset/game7/Clip2/Label.csv,0057.jpg,1,731.0,203.0,0,test
game7,Clip2,../Dataset/game7/Clip2/0058.jpg,../Dataset/game7/Clip2/Label.csv,0058.jpg,1,731.0,228.0,0,test
game7,Clip2,../Dataset/game7/Clip2/0059.jpg,../Dataset/game7/Clip2/Label.csv,0059.jpg,1,735.0,247.0,0,test
game7,Clip2,../Dataset/game7/Clip2/0060.jpg,../Dataset/game7/Clip2/Label.csv,0060.jpg,1,738.0,269.0,0,test
game7,Clip2,../Dataset/game7/Clip2/0061.jpg,../Dataset/game7/Clip2/Label.csv,0061.jpg,1,743.0,294.0,0,test
game7,Clip2,../Dataset/game7/Clip2/0062.jpg,../Dataset/game7/Clip2/Label.csv,0062.jpg,1,747.0,321.0,0,test
game7,Clip2,../Dataset/game7/Clip2/0063.jpg,../Dataset/game7/Clip2/Label.csv,0063.jpg,1,749.0,349.0,0,test
game7,Clip2,../Dataset/game7/Clip2/0064.jpg,../Dataset/game7/Clip2/Label.csv,0064.jpg,1,755.0,380.0,0,test
game7,Clip2,../Dataset/game7/Clip2/0065.jpg,../Dataset/game7/Clip2/Label.csv,0065.jpg,1,758.0,408.0,0,test
game7,Clip2,../Dataset/game7/Clip2/0066.jpg,../Dataset/game7/Clip2/Label.csv,0066.jpg,1,763.0,432.0,2,test
game7,Clip2,../Dataset/game7/Clip2/0067.jpg,../Dataset/game7/Clip2/Label.csv,0067.jpg,1,765.0,429.0,0,test
game7,Clip2,../Dataset/game7/Clip2/0068.jpg,../Dataset/game7/Clip2/Label.csv,0068.jpg,1,770.0,428.0,0,test
game7,Clip2,../Dataset/game7/Clip2/0069.jpg,../Dataset/game7/Clip2/Label.csv,0069.jpg,1,773.0,430.0,0,test
game7,Clip2,../Dataset/game7/Clip2/0070.jpg,../Dataset/game7/Clip2/Label.csv,0070.jpg,1,776.0,432.0,0,test
game7,Clip2,../Dataset/game7/Clip2/0071.jpg,../Dataset/game7/Clip2/Label.csv,0071.jpg,1,779.0,437.0,0,test
game7,Clip2,../Dataset/game7/Clip2/0072.jpg,../Dataset/game7/Clip2/Label.csv,0072.jpg,1,784.0,443.0,0,test
game7,Clip2,../Dataset/game7/Clip2/0073.jpg,../Dataset/game7/Clip2/Label.csv,0073.jpg,1,788.0,449.0,0,test
game7,Clip2,../Dataset/game7/Clip2/0074.jpg,../Dataset/game7/Clip2/Label.csv,0074.jpg,1,789.0,460.0,0,test
game7,Clip2,../Dataset/game7/Clip2/0075.jpg,../Dataset/game7/Clip2/Label.csv,0075.jpg,1,780.0,442.0,1,test
game7,Clip2,../Dataset/game7/Clip2/0076.jpg,../Dataset/game7/Clip2/Label.csv,0076.jpg,1,756.0,396.0,0,test
game7,Clip2,../Dataset/game7/Clip2/0077.jpg,../Dataset/game7/Clip2/Label.csv,0077.jpg,1,732.0,351.0,0,test
game7,Clip2,../Dataset/game7/Clip2/0078.jpg,../Dataset/game7/Clip2/Label.csv,0078.jpg,1,712.0,319.0,0,test
game7,Clip2,../Dataset/game7/Clip2/0079.jpg,../Dataset/game7/Clip2/Label.csv,0079.jpg,1,694.0,289.0,0,test
game7,Clip2,../Dataset/game7/Clip2/0080.jpg,../Dataset/game7/Clip2/Label.csv,0080.jpg,1,675.0,266.0,0,test
game7,Clip2,../Dataset/game7/Clip2/0081.jpg,../Dataset/game7/Clip2/Label.csv,0081.jpg,1,657.0,247.0,0,test
game7,Clip2,../Dataset/game7/Clip2/0082.jpg,../Dataset/game7/Clip2/Label.csv,0082.jpg,1,643.0,231.0,0,test
game7,Clip2,../Dataset/game7/Clip2/0083.jpg,../Dataset/game7/Clip2/Label.csv,0083.jpg,1,627.0,217.0,0,test
game7,Clip2,../Dataset/game7/Clip2/0084.jpg,../Dataset/game7/Clip2/Label.csv,0084.jpg,1,615.0,207.0,0,test
game7,Clip2,../Dataset/game7/Clip2/0085.jpg,../Dataset/game7/Clip2/Label.csv,0085.jpg,2,596.0,198.0,0,test
game7,Clip2,../Dataset/game7/Clip2/0086.jpg,../Dataset/game7/Clip2/Label.csv,0086.jpg,1,587.0,193.0,0,test
game7,Clip2,../Dataset/game7/Clip2/0087.jpg,../Dataset/game7/Clip2/Label.csv,0087.jpg,1,573.0,187.0,0,test
game7,Clip2,../Dataset/game7/Clip2/0088.jpg,../Dataset/game7/Clip2/Label.csv,0088.jpg,1,562.0,184.0,0,test
game7,Clip2,../Dataset/game7/Clip2/0089.jpg,../Dataset/game7/Clip2/Label.csv,0089.jpg,1,550.0,185.0,0,test
game7,Clip2,../Dataset/game7/Clip2/0090.jpg,../Dataset/game7/Clip2/Label.csv,0090.jpg,1,538.0,186.0,0,test
game7,Clip2,../Dataset/game7/Clip2/0091.jpg,../Dataset/game7/Clip2/Label.csv,0091.jpg,1,525.0,187.0,0,test
game7,Clip2,../Dataset/game7/Clip2/0092.jpg,../Dataset/game7/Clip2/Label.csv,0092.jpg,1,517.0,185.0,2,test
game7,Clip2,../Dataset/game7/Clip2/0093.jpg,../Dataset/game7/Clip2/Label.csv,0093.jpg,1,510.0,166.0,0,test
game7,Clip2,../Dataset/game7/Clip2/0094.jpg,../Dataset/game7/Clip2/Label.csv,0094.jpg,1,505.0,148.0,0,test
game7,Clip2,../Dataset/game7/Clip2/0095.jpg,../Dataset/game7/Clip2/Label.csv,0095.jpg,1,499.0,132.0,0,test
game7,Clip2,../Dataset/game7/Clip2/0096.jpg,../Dataset/game7/Clip2/Label.csv,0096.jpg,1,492.0,120.0,0,test
game7,Clip2,../Dataset/game7/Clip2/0097.jpg,../Dataset/game7/Clip2/Label.csv,0097.jpg,1,486.0,109.0,0,test
game7,Clip2,../Dataset/game7/Clip2/0098.jpg,../Dataset/game7/Clip2/Label.csv,0098.jpg,1,480.0,98.0,0,test
game7,Clip2,../Dataset/game7/Clip2/0099.jpg,../Dataset/game7/Clip2/Label.csv,0099.jpg,1,475.0,87.0,0,test
game7,Clip2,../Dataset/game7/Clip2/0100.jpg,../Dataset/game7/Clip2/Label.csv,0100.jpg,1,468.0,81.0,0,test
game7,Clip2,../Dataset/game7/Clip2/0101.jpg,../Dataset/game7/Clip2/Label.csv,0101.jpg,1,465.0,77.0,0,test
game7,Clip2,../Dataset/game7/Clip2/0102.jpg,../Dataset/game7/Clip2/Label.csv,0102.jpg,1,459.0,70.0,0,test
game7,Clip2,../Dataset/game7/Clip2/0103.jpg,../Dataset/game7/Clip2/Label.csv,0103.jpg,1,456.0,67.0,1,test
game7,Clip2,../Dataset/game7/Clip2/0104.jpg,../Dataset/game7/Clip2/Label.csv,0104.jpg,1,451.0,62.0,0,test
game7,Clip2,../Dataset/game7/Clip2/0105.jpg,../Dataset/game7/Clip2/Label.csv,0105.jpg,1,452.0,56.0,0,test
game7,Clip2,../Dataset/game7/Clip2/0106.jpg,../Dataset/game7/Clip2/Label.csv,0106.jpg,1,454.0,52.0,0,test
game7,Clip2,../Dataset/game7/Clip2/0107.jpg,../Dataset/game7/Clip2/Label.csv,0107.jpg,1,451.0,55.0,0,test
game7,Clip2,../Dataset/game7/Clip2/0108.jpg,../Dataset/game7/Clip2/Label.csv,0108.jpg,1,452.0,55.0,0,test
game7,Clip2,../Dataset/game7/Clip2/0109.jpg,../Dataset/game7/Clip2/Label.csv,0109.jpg,1,452.0,59.0,0,test
game7,Clip2,../Dataset/game7/Clip2/0110.jpg,../Dataset/game7/Clip2/Label.csv,0110.jpg,1,451.0,63.0,0,test
game7,Clip2,../Dataset/game7/Clip2/0111.jpg,../Dataset/game7/Clip2/Label.csv,0111.jpg,1,450.0,67.0,0,test
game7,Clip2,../Dataset/game7/Clip2/0112.jpg,../Dataset/game7/Clip2/Label.csv,0112.jpg,1,450.0,77.0,0,test
game7,Clip2,../Dataset/game7/Clip2/0113.jpg,../Dataset/game7/Clip2/Label.csv,0113.jpg,1,454.0,82.0,0,test
game7,Clip2,../Dataset/game7/Clip2/0114.jpg,../Dataset/game7/Clip2/Label.csv,0114.jpg,1,452.0,93.0,0,test
game7,Clip2,../Dataset/game7/Clip2/0115.jpg,../Dataset/game7/Clip2/Label.csv,0115.jpg,2,452.0,104.0,0,test
game7,Clip2,../Dataset/game7/Clip2/0116.jpg,../Dataset/game7/Clip2/Label.csv,0116.jpg,1,454.0,121.0,0,test
game7,Clip2,../Dataset/game7/Clip2/0117.jpg,../Dataset/game7/Clip2/Label.csv,0117.jpg,1,455.0,139.0,0,test
game7,Clip2,../Dataset/game7/Clip2/0118.jpg,../Dataset/game7/Clip2/Label.csv,0118.jpg,1,455.0,158.0,0,test
game7,Clip2,../Dataset/game7/Clip2/0119.jpg,../Dataset/game7/Clip2/Label.csv,0119.jpg,1,456.0,176.0,0,test
game7,Clip2,../Dataset/game7/Clip2/0120.jpg,../Dataset/game7/Clip2/Label.csv,0120.jpg,1,459.0,201.0,0,test
game7,Clip2,../Dataset/game7/Clip2/0121.jpg,../Dataset/game7/Clip2/Label.csv,0121.jpg,1,458.0,225.0,0,test
game7,Clip2,../Dataset/game7/Clip2/0122.jpg,../Dataset/game7/Clip2/Label.csv,0122.jpg,1,459.0,254.0,0,test
game7,Clip2,../Dataset/game7/Clip2/0123.jpg,../Dataset/game7/Clip2/Label.csv,0123.jpg,1,461.0,286.0,0,test
game7,Clip2,../Dataset/game7/Clip2/0124.jpg,../Dataset/game7/Clip2/Label.csv,0124.jpg,1,461.0,311.0,0,test
game7,Clip2,../Dataset/game7/Clip2/0125.jpg,../Dataset/game7/Clip2/Label.csv,0125.jpg,1,464.0,345.0,0,test
game7,Clip2,../Dataset/game7/Clip2/0126.jpg,../Dataset/game7/Clip2/Label.csv,0126.jpg,1,463.0,381.0,0,test
game7,Clip2,../Dataset/game7/Clip2/0127.jpg,../Dataset/game7/Clip2/Label.csv,0127.jpg,1,465.0,419.0,0,test
game7,Clip2,../Dataset/game7/Clip2/0128.jpg,../Dataset/game7/Clip2/Label.csv,0128.jpg,1,466.0,457.0,0,test
game7,Clip2,../Dataset/game7/Clip2/0129.jpg,../Dataset/game7/Clip2/Label.csv,0129.jpg,1,465.0,470.0,2,test
game7,Clip2,../Dataset/game7/Clip2/0130.jpg,../Dataset/game7/Clip2/Label.csv,0130.jpg,1,466.0,464.0,0,test
game7,Clip2,../Dataset/game7/Clip2/0131.jpg,../Dataset/game7/Clip2/Label.csv,0131.jpg,1,466.0,457.0,0,test
game7,Clip2,../Dataset/game7/Clip2/0132.jpg,../Dataset/game7/Clip2/Label.csv,0132.jpg,1,462.0,455.0,0,test
game7,Clip2,../Dataset/game7/Clip2/0133.jpg,../Dataset/game7/Clip2/Label.csv,0133.jpg,1,463.0,452.0,0,test
game7,Clip2,../Dataset/game7/Clip2/0134.jpg,../Dataset/game7/Clip2/Label.csv,0134.jpg,1,465.0,455.0,0,test
game7,Clip2,../Dataset/game7/Clip2/0135.jpg,../Dataset/game7/Clip2/Label.csv,0135.jpg,1,463.0,455.0,0,test
game7,Clip2,../Dataset/game7/Clip2/0136.jpg,../Dataset/game7/Clip2/Label.csv,0136.jpg,1,464.0,458.0,0,test
game7,Clip2,../Dataset/game7/Clip2/0137.jpg,../Dataset/game7/Clip2/Label.csv,0137.jpg,1,463.0,466.0,0,test
game7,Clip2,../Dataset/game7/Clip2/0138.jpg,../Dataset/game7/Clip2/Label.csv,0138.jpg,1,480.0,431.0,1,test
game7,Clip2,../Dataset/game7/Clip2/0139.jpg,../Dataset/game7/Clip2/Label.csv,0139.jpg,1,504.0,392.0,0,test
game7,Clip2,../Dataset/game7/Clip2/0140.jpg,../Dataset/game7/Clip2/Label.csv,0140.jpg,1,526.0,359.0,0,test
game7,Clip2,../Dataset/game7/Clip2/0141.jpg,../Dataset/game7/Clip2/Label.csv,0141.jpg,1,545.0,327.0,0,test
game7,Clip2,../Dataset/game7/Clip2/0142.jpg,../Dataset/game7/Clip2/Label.csv,0142.jpg,1,563.0,302.0,0,test
game7,Clip2,../Dataset/game7/Clip2/0143.jpg,../Dataset/game7/Clip2/Label.csv,0143.jpg,1,580.0,280.0,0,test
game7,Clip2,../Dataset/game7/Clip2/0144.jpg,../Dataset/game7/Clip2/Label.csv,0144.jpg,1,595.0,257.0,0,test
game7,Clip2,../Dataset/game7/Clip2/0145.jpg,../Dataset/game7/Clip2/Label.csv,0145.jpg,1,612.0,237.0,0,test
game7,Clip2,../Dataset/game7/Clip2/0146.jpg,../Dataset/game7/Clip2/Label.csv,0146.jpg,1,625.0,228.0,0,test
game7,Clip2,../Dataset/game7/Clip2/0147.jpg,../Dataset/game7/Clip2/Label.csv,0147.jpg,1,636.0,213.0,0,test
game7,Clip2,../Dataset/game7/Clip2/0148.jpg,../Dataset/game7/Clip2/Label.csv,0148.jpg,1,650.0,201.0,0,test
game7,Clip2,../Dataset/game7/Clip2/0149.jpg,../Dataset/game7/Clip2/Label.csv,0149.jpg,1,657.0,194.0,0,test
game7,Clip2,../Dataset/game7/Clip2/0150.jpg,../Dataset/game7/Clip2/Label.csv,0150.jpg,1,668.0,189.0,0,test
game7,Clip2,../Dataset/game7/Clip2/0151.jpg,../Dataset/game7/Clip2/Label.csv,0151.jpg,1,678.0,184.0,0,test
game7,Clip2,../Dataset/game7/Clip2/0152.jpg,../Dataset/game7/Clip2/Label.csv,0152.jpg,1,687.0,181.0,0,test
game7,Clip2,../Dataset/game7/Clip2/0153.jpg,../Dataset/game7/Clip2/Label.csv,0153.jpg,1,694.0,181.0,0,test
game7,Clip2,../Dataset/game7/Clip2/0154.jpg,../Dataset/game7/Clip2/Label.csv,0154.jpg,1,703.0,179.0,0,test
game7,Clip2,../Dataset/game7/Clip2/0155.jpg,../Dataset/game7/Clip2/Label.csv,0155.jpg,1,711.0,179.0,0,test
game7,Clip2,../Dataset/game7/Clip2/0156.jpg,../Dataset/game7/Clip2/Label.csv,0156.jpg,1,719.0,182.0,0,test
game7,Clip2,../Dataset/game7/Clip2/0157.jpg,../Dataset/game7/Clip2/Label.csv,0157.jpg,1,723.0,184.0,0,test
game7,Clip2,../Dataset/game7/Clip2/0158.jpg,../Dataset/game7/Clip2/Label.csv,0158.jpg,1,730.0,190.0,0,test
game7,Clip2,../Dataset/game7/Clip2/0159.jpg,../Dataset/game7/Clip2/Label.csv,0159.jpg,1,736.0,195.0,0,test
game7,Clip2,../Dataset/game7/Clip2/0160.jpg,../Dataset/game7/Clip2/Label.csv,0160.jpg,1,741.0,201.0,2,test
game7,Clip2,../Dataset/game7/Clip2/0161.jpg,../Dataset/game7/Clip2/Label.csv,0161.jpg,1,745.0,187.0,0,test
game7,Clip2,../Dataset/game7/Clip2/0162.jpg,../Dataset/game7/Clip2/Label.csv,0162.jpg,1,749.0,171.0,0,test
game7,Clip2,../Dataset/game7/Clip2/0163.jpg,../Dataset/game7/Clip2/Label.csv,0163.jpg,1,752.0,158.0,0,test
game7,Clip2,../Dataset/game7/Clip2/0164.jpg,../Dataset/game7/Clip2/Label.csv,0164.jpg,1,756.0,144.0,0,test
game7,Clip2,../Dataset/game7/Clip2/0165.jpg,../Dataset/game7/Clip2/Label.csv,0165.jpg,1,758.0,131.0,0,test
game7,Clip2,../Dataset/game7/Clip2/0166.jpg,../Dataset/game7/Clip2/Label.csv,0166.jpg,1,760.0,119.0,0,test
game7,Clip2,../Dataset/game7/Clip2/0167.jpg,../Dataset/game7/Clip2/Label.csv,0167.jpg,1,765.0,110.0,0,test
game7,Clip2,../Dataset/game7/Clip2/0168.jpg,../Dataset/game7/Clip2/Label.csv,0168.jpg,1,767.0,102.0,0,test
game7,Clip2,../Dataset/game7/Clip2/0169.jpg,../Dataset/game7/Clip2/Label.csv,0169.jpg,1,769.0,96.0,0,test
game7,Clip2,../Dataset/game7/Clip2/0170.jpg,../Dataset/game7/Clip2/Label.csv,0170.jpg,1,775.0,89.0,0,test
game7,Clip2,../Dataset/game7/Clip2/0171.jpg,../Dataset/game7/Clip2/Label.csv,0171.jpg,1,777.0,85.0,0,test
game7,Clip2,../Dataset/game7/Clip2/0172.jpg,../Dataset/game7/Clip2/Label.csv,0172.jpg,1,780.0,82.0,0,test
game7,Clip2,../Dataset/game7/Clip2/0173.jpg,../Dataset/game7/Clip2/Label.csv,0173.jpg,1,782.0,79.0,0,test
game7,Clip2,../Dataset/game7/Clip2/0174.jpg,../Dataset/game7/Clip2/Label.csv,0174.jpg,1,783.0,79.0,1,test
game7,Clip2,../Dataset/game7/Clip2/0175.jpg,../Dataset/game7/Clip2/Label.csv,0175.jpg,1,729.0,92.0,0,test
game7,Clip2,../Dataset/game7/Clip2/0176.jpg,../Dataset/game7/Clip2/Label.csv,0176.jpg,1,730.0,91.0,0,test
game7,Clip2,../Dataset/game7/Clip2/0177.jpg,../Dataset/game7/Clip2/Label.csv,0177.jpg,1,705.0,102.0,0,test
game7,Clip2,../Dataset/game7/Clip2/0178.jpg,../Dataset/game7/Clip2/Label.csv,0178.jpg,1,677.0,112.0,0,test
game7,Clip2,../Dataset/game7/Clip2/0179.jpg,../Dataset/game7/Clip2/Label.csv,0179.jpg,1,653.0,126.0,0,test
game7,Clip2,../Dataset/game7/Clip2/0180.jpg,../Dataset/game7/Clip2/Label.csv,0180.jpg,1,628.0,144.0,0,test
game7,Clip2,../Dataset/game7/Clip2/0181.jpg,../Dataset/game7/Clip2/Label.csv,0181.jpg,1,598.0,162.0,0,test
game7,Clip2,../Dataset/game7/Clip2/0182.jpg,../Dataset/game7/Clip2/Label.csv,0182.jpg,1,569.0,179.0,0,test
game7,Clip2,../Dataset/game7/Clip2/0183.jpg,../Dataset/game7/Clip2/Label.csv,0183.jpg,1,539.0,203.0,0,test
game7,Clip2,../Dataset/game7/Clip2/0184.jpg,../Dataset/game7/Clip2/Label.csv,0184.jpg,1,512.0,228.0,0,test
game7,Clip2,../Dataset/game7/Clip2/0185.jpg,../Dataset/game7/Clip2/Label.csv,0185.jpg,1,480.0,255.0,0,test
game7,Clip2,../Dataset/game7/Clip2/0186.jpg,../Dataset/game7/Clip2/Label.csv,0186.jpg,1,451.0,287.0,0,test
game7,Clip2,../Dataset/game7/Clip2/0187.jpg,../Dataset/game7/Clip2/Label.csv,0187.jpg,1,422.0,316.0,0,test
game7,Clip2,../Dataset/game7/Clip2/0188.jpg,../Dataset/game7/Clip2/Label.csv,0188.jpg,1,392.0,349.0,0,test
game7,Clip2,../Dataset/game7/Clip2/0189.jpg,../Dataset/game7/Clip2/Label.csv,0189.jpg,1,360.0,386.0,0,test
game7,Clip2,../Dataset/game7/Clip2/0190.jpg,../Dataset/game7/Clip2/Label.csv,0190.jpg,1,324.0,423.0,2,test
game7,Clip2,../Dataset/game7/Clip2/0191.jpg,../Dataset/game7/Clip2/Label.csv,0191.jpg,1,307.0,434.0,0,test
game7,Clip2,../Dataset/game7/Clip2/0192.jpg,../Dataset/game7/Clip2/Label.csv,0192.jpg,1,277.0,434.0,0,test
game7,Clip2,../Dataset/game7/Clip2/0193.jpg,../Dataset/game7/Clip2/Label.csv,0193.jpg,1,250.0,433.0,0,test
game7,Clip2,../Dataset/game7/Clip2/0194.jpg,../Dataset/game7/Clip2/Label.csv,0194.jpg,1,226.0,433.0,0,test
game7,Clip2,../Dataset/game7/Clip2/0195.jpg,../Dataset/game7/Clip2/Label.csv,0195.jpg,1,198.0,439.0,0,test
game7,Clip2,../Dataset/game7/Clip2/0196.jpg,../Dataset/game7/Clip2/Label.csv,0196.jpg,1,172.0,442.0,0,test
game7,Clip2,../Dataset/game7/Clip2/0197.jpg,../Dataset/game7/Clip2/Label.csv,0197.jpg,1,144.0,450.0,0,test
game7,Clip2,../Dataset/game7/Clip2/0198.jpg,../Dataset/game7/Clip2/Label.csv,0198.jpg,1,116.0,464.0,0,test
game7,Clip2,../Dataset/game7/Clip2/0199.jpg,../Dataset/game7/Clip2/Label.csv,0199.jpg,1,92.0,473.0,0,test
game7,Clip2,../Dataset/game7/Clip2/0200.jpg,../Dataset/game7/Clip2/Label.csv,0200.jpg,1,60.0,487.0,0,test
game7,Clip2,../Dataset/game7/Clip2/0201.jpg,../Dataset/game7/Clip2/Label.csv,0201.jpg,1,32.0,501.0,0,test
game7,Clip3,../Dataset/game7/Clip3/0000.jpg,../Dataset/game7/Clip3/Label.csv,0000.jpg,1,697.0,514.0,0,test
game7,Clip3,../Dataset/game7/Clip3/0001.jpg,../Dataset/game7/Clip3/Label.csv,0001.jpg,1,703.0,511.0,0,test
game7,Clip3,../Dataset/game7/Clip3/0002.jpg,../Dataset/game7/Clip3/Label.csv,0002.jpg,1,710.0,502.0,0,test
game7,Clip3,../Dataset/game7/Clip3/0003.jpg,../Dataset/game7/Clip3/Label.csv,0003.jpg,1,717.0,489.0,0,test
game7,Clip3,../Dataset/game7/Clip3/0004.jpg,../Dataset/game7/Clip3/Label.csv,0004.jpg,1,723.0,460.0,0,test
game7,Clip3,../Dataset/game7/Clip3/0005.jpg,../Dataset/game7/Clip3/Label.csv,0005.jpg,1,725.0,438.0,0,test
game7,Clip3,../Dataset/game7/Clip3/0006.jpg,../Dataset/game7/Clip3/Label.csv,0006.jpg,1,726.0,414.0,0,test
game7,Clip3,../Dataset/game7/Clip3/0007.jpg,../Dataset/game7/Clip3/Label.csv,0007.jpg,1,719.0,389.0,0,test
game7,Clip3,../Dataset/game7/Clip3/0008.jpg,../Dataset/game7/Clip3/Label.csv,0008.jpg,1,718.0,370.0,0,test
game7,Clip3,../Dataset/game7/Clip3/0009.jpg,../Dataset/game7/Clip3/Label.csv,0009.jpg,1,713.0,351.0,0,test
game7,Clip3,../Dataset/game7/Clip3/0010.jpg,../Dataset/game7/Clip3/Label.csv,0010.jpg,1,710.0,334.0,0,test
game7,Clip3,../Dataset/game7/Clip3/0011.jpg,../Dataset/game7/Clip3/Label.csv,0011.jpg,1,706.0,318.0,0,test
game7,Clip3,../Dataset/game7/Clip3/0012.jpg,../Dataset/game7/Clip3/Label.csv,0012.jpg,1,702.0,304.0,0,test
game7,Clip3,../Dataset/game7/Clip3/0013.jpg,../Dataset/game7/Clip3/Label.csv,0013.jpg,1,700.0,293.0,0,test
game7,Clip3,../Dataset/game7/Clip3/0014.jpg,../Dataset/game7/Clip3/Label.csv,0014.jpg,1,695.0,282.0,0,test
game7,Clip3,../Dataset/game7/Clip3/0015.jpg,../Dataset/game7/Clip3/Label.csv,0015.jpg,1,691.0,274.0,0,test
game7,Clip3,../Dataset/game7/Clip3/0016.jpg,../Dataset/game7/Clip3/Label.csv,0016.jpg,1,689.0,266.0,0,test
game7,Clip3,../Dataset/game7/Clip3/0017.jpg,../Dataset/game7/Clip3/Label.csv,0017.jpg,1,685.0,259.0,0,test
game7,Clip3,../Dataset/game7/Clip3/0018.jpg,../Dataset/game7/Clip3/Label.csv,0018.jpg,1,680.0,254.0,0,test
game7,Clip3,../Dataset/game7/Clip3/0019.jpg,../Dataset/game7/Clip3/Label.csv,0019.jpg,1,677.0,252.0,0,test
game7,Clip3,../Dataset/game7/Clip3/0020.jpg,../Dataset/game7/Clip3/Label.csv,0020.jpg,1,675.0,249.0,0,test
game7,Clip3,../Dataset/game7/Clip3/0021.jpg,../Dataset/game7/Clip3/Label.csv,0021.jpg,1,671.0,249.0,0,test
game7,Clip3,../Dataset/game7/Clip3/0022.jpg,../Dataset/game7/Clip3/Label.csv,0022.jpg,1,667.0,252.0,0,test
game7,Clip3,../Dataset/game7/Clip3/0023.jpg,../Dataset/game7/Clip3/Label.csv,0023.jpg,1,664.0,254.0,0,test
game7,Clip3,../Dataset/game7/Clip3/0024.jpg,../Dataset/game7/Clip3/Label.csv,0024.jpg,1,660.0,259.0,0,test
game7,Clip3,../Dataset/game7/Clip3/0025.jpg,../Dataset/game7/Clip3/Label.csv,0025.jpg,1,657.0,266.0,0,test
game7,Clip3,../Dataset/game7/Clip3/0026.jpg,../Dataset/game7/Clip3/Label.csv,0026.jpg,1,651.0,256.0,1,test
game7,Clip3,../Dataset/game7/Clip3/0027.jpg,../Dataset/game7/Clip3/Label.csv,0027.jpg,1,644.0,236.0,0,test
game7,Clip3,../Dataset/game7/Clip3/0028.jpg,../Dataset/game7/Clip3/Label.csv,0028.jpg,2,639.0,223.0,0,test
game7,Clip3,../Dataset/game7/Clip3/0029.jpg,../Dataset/game7/Clip3/Label.csv,0029.jpg,1,636.0,213.0,0,test
game7,Clip3,../Dataset/game7/Clip3/0030.jpg,../Dataset/game7/Clip3/Label.csv,0030.jpg,1,632.0,209.0,0,test
game7,Clip3,../Dataset/game7/Clip3/0031.jpg,../Dataset/game7/Clip3/Label.csv,0031.jpg,1,629.0,201.0,0,test
game7,Clip3,../Dataset/game7/Clip3/0032.jpg,../Dataset/game7/Clip3/Label.csv,0032.jpg,1,625.0,198.0,0,test
game7,Clip3,../Dataset/game7/Clip3/0033.jpg,../Dataset/game7/Clip3/Label.csv,0033.jpg,1,625.0,198.0,2,test
game7,Clip3,../Dataset/game7/Clip3/0034.jpg,../Dataset/game7/Clip3/Label.csv,0034.jpg,1,621.0,187.0,0,test
game7,Clip3,../Dataset/game7/Clip3/0035.jpg,../Dataset/game7/Clip3/Label.csv,0035.jpg,1,620.0,156.0,0,test
game7,Clip3,../Dataset/game7/Clip3/0036.jpg,../Dataset/game7/Clip3/Label.csv,0036.jpg,1,618.0,128.0,0,test
game7,Clip3,../Dataset/game7/Clip3/0037.jpg,../Dataset/game7/Clip3/Label.csv,0037.jpg,1,619.0,104.0,0,test
game7,Clip3,../Dataset/game7/Clip3/0038.jpg,../Dataset/game7/Clip3/Label.csv,0038.jpg,1,618.0,80.0,0,test
game7,Clip3,../Dataset/game7/Clip3/0039.jpg,../Dataset/game7/Clip3/Label.csv,0039.jpg,1,615.0,62.0,0,test
game7,Clip3,../Dataset/game7/Clip3/0040.jpg,../Dataset/game7/Clip3/Label.csv,0040.jpg,1,614.0,46.0,0,test
game7,Clip3,../Dataset/game7/Clip3/0041.jpg,../Dataset/game7/Clip3/Label.csv,0041.jpg,1,615.0,35.0,0,test
game7,Clip3,../Dataset/game7/Clip3/0042.jpg,../Dataset/game7/Clip3/Label.csv,0042.jpg,1,613.0,23.0,0,test
game7,Clip3,../Dataset/game7/Clip3/0043.jpg,../Dataset/game7/Clip3/Label.csv,0043.jpg,1,612.0,17.0,0,test
game7,Clip3,../Dataset/game7/Clip3/0044.jpg,../Dataset/game7/Clip3/Label.csv,0044.jpg,1,612.0,7.0,0,test
game7,Clip3,../Dataset/game7/Clip3/0045.jpg,../Dataset/game7/Clip3/Label.csv,0045.jpg,2,609.0,2.0,0,test
game7,Clip3,../Dataset/game7/Clip3/0046.jpg,../Dataset/game7/Clip3/Label.csv,0046.jpg,0,-1.0,-1.0,0,test
game7,Clip4,../Dataset/game7/Clip4/0000.jpg,../Dataset/game7/Clip4/Label.csv,0000.jpg,0,-1.0,-1.0,0,test
game7,Clip4,../Dataset/game7/Clip4/0001.jpg,../Dataset/game7/Clip4/Label.csv,0001.jpg,0,-1.0,-1.0,0,test
game7,Clip4,../Dataset/game7/Clip4/0002.jpg,../Dataset/game7/Clip4/Label.csv,0002.jpg,0,-1.0,-1.0,0,test
game7,Clip4,../Dataset/game7/Clip4/0003.jpg,../Dataset/game7/Clip4/Label.csv,0003.jpg,0,-1.0,-1.0,0,test
game7,Clip4,../Dataset/game7/Clip4/0004.jpg,../Dataset/game7/Clip4/Label.csv,0004.jpg,3,592.0,508.0,0,test
game7,Clip4,../Dataset/game7/Clip4/0005.jpg,../Dataset/game7/Clip4/Label.csv,0005.jpg,3,597.0,497.0,0,test
game7,Clip4,../Dataset/game7/Clip4/0006.jpg,../Dataset/game7/Clip4/Label.csv,0006.jpg,3,599.0,486.0,0,test
game7,Clip4,../Dataset/game7/Clip4/0007.jpg,../Dataset/game7/Clip4/Label.csv,0007.jpg,3,602.0,478.0,0,test
game7,Clip4,../Dataset/game7/Clip4/0008.jpg,../Dataset/game7/Clip4/Label.csv,0008.jpg,3,602.0,469.0,0,test
game7,Clip4,../Dataset/game7/Clip4/0009.jpg,../Dataset/game7/Clip4/Label.csv,0009.jpg,1,598.0,464.0,0,test
game7,Clip4,../Dataset/game7/Clip4/0010.jpg,../Dataset/game7/Clip4/Label.csv,0010.jpg,3,597.0,453.0,0,test
game7,Clip4,../Dataset/game7/Clip4/0011.jpg,../Dataset/game7/Clip4/Label.csv,0011.jpg,3,597.0,447.0,0,test
game7,Clip4,../Dataset/game7/Clip4/0012.jpg,../Dataset/game7/Clip4/Label.csv,0012.jpg,3,594.0,439.0,0,test
game7,Clip4,../Dataset/game7/Clip4/0013.jpg,../Dataset/game7/Clip4/Label.csv,0013.jpg,0,-1.0,-1.0,0,test
game7,Clip4,../Dataset/game7/Clip4/0014.jpg,../Dataset/game7/Clip4/Label.csv,0014.jpg,0,-1.0,-1.0,0,test
game7,Clip4,../Dataset/game7/Clip4/0015.jpg,../Dataset/game7/Clip4/Label.csv,0015.jpg,0,-1.0,-1.0,0,test
game7,Clip4,../Dataset/game7/Clip4/0016.jpg,../Dataset/game7/Clip4/Label.csv,0016.jpg,3,584.0,466.0,0,test
game7,Clip4,../Dataset/game7/Clip4/0017.jpg,../Dataset/game7/Clip4/Label.csv,0017.jpg,3,583.0,474.0,0,test
game7,Clip4,../Dataset/game7/Clip4/0018.jpg,../Dataset/game7/Clip4/Label.csv,0018.jpg,3,582.0,487.0,0,test
game7,Clip4,../Dataset/game7/Clip4/0019.jpg,../Dataset/game7/Clip4/Label.csv,0019.jpg,3,585.0,498.0,0,test
game7,Clip4,../Dataset/game7/Clip4/0020.jpg,../Dataset/game7/Clip4/Label.csv,0020.jpg,3,583.0,507.0,0,test
game7,Clip4,../Dataset/game7/Clip4/0021.jpg,../Dataset/game7/Clip4/Label.csv,0021.jpg,3,583.0,510.0,0,test
game7,Clip4,../Dataset/game7/Clip4/0022.jpg,../Dataset/game7/Clip4/Label.csv,0022.jpg,3,582.0,516.0,0,test
game7,Clip4,../Dataset/game7/Clip4/0023.jpg,../Dataset/game7/Clip4/Label.csv,0023.jpg,3,586.0,512.0,0,test
game7,Clip4,../Dataset/game7/Clip4/0024.jpg,../Dataset/game7/Clip4/Label.csv,0024.jpg,3,591.0,507.0,0,test
game7,Clip4,../Dataset/game7/Clip4/0025.jpg,../Dataset/game7/Clip4/Label.csv,0025.jpg,3,596.0,496.0,0,test
game7,Clip4,../Dataset/game7/Clip4/0026.jpg,../Dataset/game7/Clip4/Label.csv,0026.jpg,3,608.0,478.0,0,test
game7,Clip4,../Dataset/game7/Clip4/0027.jpg,../Dataset/game7/Clip4/Label.csv,0027.jpg,3,618.0,460.0,0,test
game7,Clip4,../Dataset/game7/Clip4/0028.jpg,../Dataset/game7/Clip4/Label.csv,0028.jpg,3,624.0,433.0,0,test
game7,Clip4,../Dataset/game7/Clip4/0029.jpg,../Dataset/game7/Clip4/Label.csv,0029.jpg,1,625.0,408.0,0,test
game7,Clip4,../Dataset/game7/Clip4/0030.jpg,../Dataset/game7/Clip4/Label.csv,0030.jpg,1,618.0,387.0,0,test
game7,Clip4,../Dataset/game7/Clip4/0031.jpg,../Dataset/game7/Clip4/Label.csv,0031.jpg,1,616.0,367.0,0,test
game7,Clip4,../Dataset/game7/Clip4/0032.jpg,../Dataset/game7/Clip4/Label.csv,0032.jpg,1,613.0,346.0,0,test
game7,Clip4,../Dataset/game7/Clip4/0033.jpg,../Dataset/game7/Clip4/Label.csv,0033.jpg,1,612.0,327.0,0,test
game7,Clip4,../Dataset/game7/Clip4/0034.jpg,../Dataset/game7/Clip4/Label.csv,0034.jpg,1,604.0,316.0,0,test
game7,Clip4,../Dataset/game7/Clip4/0035.jpg,../Dataset/game7/Clip4/Label.csv,0035.jpg,1,604.0,301.0,0,test
game7,Clip4,../Dataset/game7/Clip4/0036.jpg,../Dataset/game7/Clip4/Label.csv,0036.jpg,1,598.0,291.0,0,test
game7,Clip4,../Dataset/game7/Clip4/0037.jpg,../Dataset/game7/Clip4/Label.csv,0037.jpg,1,597.0,280.0,0,test
game7,Clip4,../Dataset/game7/Clip4/0038.jpg,../Dataset/game7/Clip4/Label.csv,0038.jpg,1,593.0,269.0,0,test
game7,Clip4,../Dataset/game7/Clip4/0039.jpg,../Dataset/game7/Clip4/Label.csv,0039.jpg,1,590.0,264.0,0,test
game7,Clip4,../Dataset/game7/Clip4/0040.jpg,../Dataset/game7/Clip4/Label.csv,0040.jpg,1,589.0,256.0,0,test
game7,Clip4,../Dataset/game7/Clip4/0041.jpg,../Dataset/game7/Clip4/Label.csv,0041.jpg,1,586.0,252.0,0,test
game7,Clip4,../Dataset/game7/Clip4/0042.jpg,../Dataset/game7/Clip4/Label.csv,0042.jpg,1,582.0,248.0,0,test
game7,Clip4,../Dataset/game7/Clip4/0043.jpg,../Dataset/game7/Clip4/Label.csv,0043.jpg,1,579.0,247.0,0,test
game7,Clip4,../Dataset/game7/Clip4/0044.jpg,../Dataset/game7/Clip4/Label.csv,0044.jpg,1,576.0,248.0,0,test
game7,Clip4,../Dataset/game7/Clip4/0045.jpg,../Dataset/game7/Clip4/Label.csv,0045.jpg,1,572.0,249.0,0,test
game7,Clip4,../Dataset/game7/Clip4/0046.jpg,../Dataset/game7/Clip4/Label.csv,0046.jpg,1,569.0,253.0,0,test
game7,Clip4,../Dataset/game7/Clip4/0047.jpg,../Dataset/game7/Clip4/Label.csv,0047.jpg,1,566.0,258.0,0,test
game7,Clip4,../Dataset/game7/Clip4/0048.jpg,../Dataset/game7/Clip4/Label.csv,0048.jpg,1,562.0,264.0,0,test
game7,Clip4,../Dataset/game7/Clip4/0049.jpg,../Dataset/game7/Clip4/Label.csv,0049.jpg,1,582.0,260.0,1,test
game7,Clip4,../Dataset/game7/Clip4/0050.jpg,../Dataset/game7/Clip4/Label.csv,0050.jpg,1,624.0,240.0,0,test
game7,Clip4,../Dataset/game7/Clip4/0051.jpg,../Dataset/game7/Clip4/Label.csv,0051.jpg,2,657.0,223.0,0,test
game7,Clip4,../Dataset/game7/Clip4/0052.jpg,../Dataset/game7/Clip4/Label.csv,0052.jpg,1,690.0,211.0,0,test
game7,Clip4,../Dataset/game7/Clip4/0053.jpg,../Dataset/game7/Clip4/Label.csv,0053.jpg,1,718.0,207.0,0,test
game7,Clip4,../Dataset/game7/Clip4/0054.jpg,../Dataset/game7/Clip4/Label.csv,0054.jpg,2,740.0,199.0,0,test
game7,Clip4,../Dataset/game7/Clip4/0055.jpg,../Dataset/game7/Clip4/Label.csv,0055.jpg,1,761.0,194.0,0,test
game7,Clip4,../Dataset/game7/Clip4/0056.jpg,../Dataset/game7/Clip4/Label.csv,0056.jpg,1,779.0,191.0,0,test
game7,Clip4,../Dataset/game7/Clip4/0057.jpg,../Dataset/game7/Clip4/Label.csv,0057.jpg,1,794.0,193.0,0,test
game7,Clip4,../Dataset/game7/Clip4/0058.jpg,../Dataset/game7/Clip4/Label.csv,0058.jpg,1,808.0,194.0,0,test
game7,Clip4,../Dataset/game7/Clip4/0059.jpg,../Dataset/game7/Clip4/Label.csv,0059.jpg,1,821.0,197.0,0,test
game7,Clip4,../Dataset/game7/Clip4/0060.jpg,../Dataset/game7/Clip4/Label.csv,0060.jpg,1,830.0,202.0,0,test
game7,Clip4,../Dataset/game7/Clip4/0061.jpg,../Dataset/game7/Clip4/Label.csv,0061.jpg,1,841.0,207.0,0,test
game7,Clip4,../Dataset/game7/Clip4/0062.jpg,../Dataset/game7/Clip4/Label.csv,0062.jpg,1,849.0,205.0,2,test
game7,Clip4,../Dataset/game7/Clip4/0063.jpg,../Dataset/game7/Clip4/Label.csv,0063.jpg,1,858.0,178.0,0,test
game7,Clip4,../Dataset/game7/Clip4/0064.jpg,../Dataset/game7/Clip4/Label.csv,0064.jpg,1,869.0,155.0,0,test
game7,Clip4,../Dataset/game7/Clip4/0065.jpg,../Dataset/game7/Clip4/Label.csv,0065.jpg,1,880.0,136.0,0,test
game7,Clip4,../Dataset/game7/Clip4/0066.jpg,../Dataset/game7/Clip4/Label.csv,0066.jpg,1,886.0,117.0,0,test
game7,Clip4,../Dataset/game7/Clip4/0067.jpg,../Dataset/game7/Clip4/Label.csv,0067.jpg,1,894.0,100.0,0,test
game7,Clip4,../Dataset/game7/Clip4/0068.jpg,../Dataset/game7/Clip4/Label.csv,0068.jpg,1,904.0,85.0,0,test
game7,Clip4,../Dataset/game7/Clip4/0069.jpg,../Dataset/game7/Clip4/Label.csv,0069.jpg,1,909.0,72.0,0,test
game7,Clip4,../Dataset/game7/Clip4/0070.jpg,../Dataset/game7/Clip4/Label.csv,0070.jpg,1,916.0,60.0,0,test
game7,Clip4,../Dataset/game7/Clip4/0071.jpg,../Dataset/game7/Clip4/Label.csv,0071.jpg,1,919.0,51.0,1,test
game7,Clip4,../Dataset/game7/Clip4/0072.jpg,../Dataset/game7/Clip4/Label.csv,0072.jpg,1,904.0,55.0,0,test
game7,Clip4,../Dataset/game7/Clip4/0073.jpg,../Dataset/game7/Clip4/Label.csv,0073.jpg,1,891.0,62.0,0,test
game7,Clip4,../Dataset/game7/Clip4/0074.jpg,../Dataset/game7/Clip4/Label.csv,0074.jpg,1,877.0,66.0,0,test
game7,Clip4,../Dataset/game7/Clip4/0075.jpg,../Dataset/game7/Clip4/Label.csv,0075.jpg,2,865.0,72.0,0,test
game7,Clip4,../Dataset/game7/Clip4/0076.jpg,../Dataset/game7/Clip4/Label.csv,0076.jpg,1,848.0,79.0,0,test
game7,Clip4,../Dataset/game7/Clip4/0077.jpg,../Dataset/game7/Clip4/Label.csv,0077.jpg,1,833.0,86.0,0,test
game7,Clip4,../Dataset/game7/Clip4/0078.jpg,../Dataset/game7/Clip4/Label.csv,0078.jpg,1,818.0,96.0,0,test
game7,Clip4,../Dataset/game7/Clip4/0079.jpg,../Dataset/game7/Clip4/Label.csv,0079.jpg,1,805.0,106.0,0,test
game7,Clip4,../Dataset/game7/Clip4/0080.jpg,../Dataset/game7/Clip4/Label.csv,0080.jpg,1,790.0,114.0,0,test
game7,Clip4,../Dataset/game7/Clip4/0081.jpg,../Dataset/game7/Clip4/Label.csv,0081.jpg,1,775.0,123.0,0,test
game7,Clip4,../Dataset/game7/Clip4/0082.jpg,../Dataset/game7/Clip4/Label.csv,0082.jpg,1,763.0,130.0,0,test
game7,Clip4,../Dataset/game7/Clip4/0083.jpg,../Dataset/game7/Clip4/Label.csv,0083.jpg,1,746.0,148.0,0,test
game7,Clip4,../Dataset/game7/Clip4/0084.jpg,../Dataset/game7/Clip4/Label.csv,0084.jpg,1,732.0,156.0,0,test
game7,Clip4,../Dataset/game7/Clip4/0085.jpg,../Dataset/game7/Clip4/Label.csv,0085.jpg,1,717.0,173.0,0,test
game7,Clip4,../Dataset/game7/Clip4/0086.jpg,../Dataset/game7/Clip4/Label.csv,0086.jpg,1,699.0,187.0,0,test
game7,Clip4,../Dataset/game7/Clip4/0087.jpg,../Dataset/game7/Clip4/Label.csv,0087.jpg,1,685.0,199.0,0,test
game7,Clip4,../Dataset/game7/Clip4/0088.jpg,../Dataset/game7/Clip4/Label.csv,0088.jpg,1,669.0,218.0,0,test
game7,Clip4,../Dataset/game7/Clip4/0089.jpg,../Dataset/game7/Clip4/Label.csv,0089.jpg,1,651.0,236.0,0,test
game7,Clip4,../Dataset/game7/Clip4/0090.jpg,../Dataset/game7/Clip4/Label.csv,0090.jpg,1,634.0,253.0,0,test
game7,Clip4,../Dataset/game7/Clip4/0091.jpg,../Dataset/game7/Clip4/Label.csv,0091.jpg,1,618.0,270.0,0,test
game7,Clip4,../Dataset/game7/Clip4/0092.jpg,../Dataset/game7/Clip4/Label.csv,0092.jpg,1,602.0,294.0,0,test
game7,Clip4,../Dataset/game7/Clip4/0093.jpg,../Dataset/game7/Clip4/Label.csv,0093.jpg,1,584.0,318.0,0,test
game7,Clip4,../Dataset/game7/Clip4/0094.jpg,../Dataset/game7/Clip4/Label.csv,0094.jpg,1,567.0,338.0,0,test
game7,Clip4,../Dataset/game7/Clip4/0095.jpg,../Dataset/game7/Clip4/Label.csv,0095.jpg,1,550.0,360.0,0,test
game7,Clip4,../Dataset/game7/Clip4/0096.jpg,../Dataset/game7/Clip4/Label.csv,0096.jpg,1,533.0,386.0,0,test
game7,Clip4,../Dataset/game7/Clip4/0097.jpg,../Dataset/game7/Clip4/Label.csv,0097.jpg,1,516.0,412.0,0,test
game7,Clip4,../Dataset/game7/Clip4/0098.jpg,../Dataset/game7/Clip4/Label.csv,0098.jpg,1,504.0,409.0,2,test
game7,Clip4,../Dataset/game7/Clip4/0099.jpg,../Dataset/game7/Clip4/Label.csv,0099.jpg,1,492.0,406.0,0,test
game7,Clip4,../Dataset/game7/Clip4/0100.jpg,../Dataset/game7/Clip4/Label.csv,0100.jpg,1,480.0,405.0,0,test
game7,Clip4,../Dataset/game7/Clip4/0101.jpg,../Dataset/game7/Clip4/Label.csv,0101.jpg,1,468.0,406.0,0,test
game7,Clip4,../Dataset/game7/Clip4/0102.jpg,../Dataset/game7/Clip4/Label.csv,0102.jpg,3,459.0,406.0,0,test
game7,Clip4,../Dataset/game7/Clip4/0103.jpg,../Dataset/game7/Clip4/Label.csv,0103.jpg,0,-1.0,-1.0,0,test
game7,Clip4,../Dataset/game7/Clip4/0104.jpg,../Dataset/game7/Clip4/Label.csv,0104.jpg,0,-1.0,-1.0,0,test
game7,Clip4,../Dataset/game7/Clip4/0105.jpg,../Dataset/game7/Clip4/Label.csv,0105.jpg,2,416.0,420.0,0,test
game7,Clip4,../Dataset/game7/Clip4/0106.jpg,../Dataset/game7/Clip4/Label.csv,0106.jpg,1,405.0,427.0,0,test
game7,Clip4,../Dataset/game7/Clip4/0107.jpg,../Dataset/game7/Clip4/Label.csv,0107.jpg,1,392.0,433.0,0,test
game7,Clip4,../Dataset/game7/Clip4/0108.jpg,../Dataset/game7/Clip4/Label.csv,0108.jpg,1,375.0,446.0,0,test
game7,Clip4,../Dataset/game7/Clip4/0109.jpg,../Dataset/game7/Clip4/Label.csv,0109.jpg,1,405.0,415.0,1,test
game7,Clip4,../Dataset/game7/Clip4/0110.jpg,../Dataset/game7/Clip4/Label.csv,0110.jpg,2,440.0,377.0,0,test
game7,Clip4,../Dataset/game7/Clip4/0111.jpg,../Dataset/game7/Clip4/Label.csv,0111.jpg,1,473.0,342.0,0,test
game7,Clip4,../Dataset/game7/Clip4/0112.jpg,../Dataset/game7/Clip4/Label.csv,0112.jpg,1,505.0,310.0,0,test
game7,Clip4,../Dataset/game7/Clip4/0113.jpg,../Dataset/game7/Clip4/Label.csv,0113.jpg,1,529.0,287.0,0,test
game7,Clip4,../Dataset/game7/Clip4/0114.jpg,../Dataset/game7/Clip4/Label.csv,0114.jpg,1,557.0,267.0,0,test
game7,Clip4,../Dataset/game7/Clip4/0115.jpg,../Dataset/game7/Clip4/Label.csv,0115.jpg,1,602.0,230.0,0,test
game7,Clip4,../Dataset/game7/Clip4/0116.jpg,../Dataset/game7/Clip4/Label.csv,0116.jpg,1,604.0,230.0,0,test
game7,Clip4,../Dataset/game7/Clip4/0117.jpg,../Dataset/game7/Clip4/Label.csv,0117.jpg,1,624.0,217.0,0,test
game7,Clip4,../Dataset/game7/Clip4/0118.jpg,../Dataset/game7/Clip4/Label.csv,0118.jpg,1,643.0,207.0,0,test
game7,Clip4,../Dataset/game7/Clip4/0119.jpg,../Dataset/game7/Clip4/Label.csv,0119.jpg,1,660.0,197.0,0,test
game7,Clip4,../Dataset/game7/Clip4/0120.jpg,../Dataset/game7/Clip4/Label.csv,0120.jpg,1,678.0,188.0,0,test
game7,Clip4,../Dataset/game7/Clip4/0121.jpg,../Dataset/game7/Clip4/Label.csv,0121.jpg,1,691.0,185.0,0,test
game7,Clip4,../Dataset/game7/Clip4/0122.jpg,../Dataset/game7/Clip4/Label.csv,0122.jpg,1,707.0,182.0,0,test
game7,Clip4,../Dataset/game7/Clip4/0123.jpg,../Dataset/game7/Clip4/Label.csv,0123.jpg,1,721.0,179.0,0,test
game7,Clip4,../Dataset/game7/Clip4/0124.jpg,../Dataset/game7/Clip4/Label.csv,0124.jpg,1,735.0,178.0,0,test
game7,Clip4,../Dataset/game7/Clip4/0125.jpg,../Dataset/game7/Clip4/Label.csv,0125.jpg,1,746.0,178.0,0,test
game7,Clip4,../Dataset/game7/Clip4/0126.jpg,../Dataset/game7/Clip4/Label.csv,0126.jpg,1,760.0,181.0,0,test
game7,Clip4,../Dataset/game7/Clip4/0127.jpg,../Dataset/game7/Clip4/Label.csv,0127.jpg,1,771.0,185.0,2,test
game7,Clip4,../Dataset/game7/Clip4/0128.jpg,../Dataset/game7/Clip4/Label.csv,0128.jpg,1,778.0,166.0,0,test
game7,Clip4,../Dataset/game7/Clip4/0129.jpg,../Dataset/game7/Clip4/Label.csv,0129.jpg,1,788.0,151.0,0,test
game7,Clip4,../Dataset/game7/Clip4/0130.jpg,../Dataset/game7/Clip4/Label.csv,0130.jpg,1,796.0,139.0,0,test
game7,Clip4,../Dataset/game7/Clip4/0131.jpg,../Dataset/game7/Clip4/Label.csv,0131.jpg,1,805.0,127.0,0,test
game7,Clip4,../Dataset/game7/Clip4/0132.jpg,../Dataset/game7/Clip4/Label.csv,0132.jpg,2,812.0,114.0,0,test
game7,Clip4,../Dataset/game7/Clip4/0133.jpg,../Dataset/game7/Clip4/Label.csv,0133.jpg,1,818.0,107.0,0,test
game7,Clip4,../Dataset/game7/Clip4/0134.jpg,../Dataset/game7/Clip4/Label.csv,0134.jpg,1,824.0,101.0,0,test
game7,Clip4,../Dataset/game7/Clip4/0135.jpg,../Dataset/game7/Clip4/Label.csv,0135.jpg,1,834.0,92.0,0,test
game7,Clip4,../Dataset/game7/Clip4/0136.jpg,../Dataset/game7/Clip4/Label.csv,0136.jpg,1,841.0,87.0,0,test
game7,Clip4,../Dataset/game7/Clip4/0137.jpg,../Dataset/game7/Clip4/Label.csv,0137.jpg,1,848.0,84.0,0,test
game7,Clip4,../Dataset/game7/Clip4/0138.jpg,../Dataset/game7/Clip4/Label.csv,0138.jpg,1,851.0,82.0,1,test
game7,Clip4,../Dataset/game7/Clip4/0139.jpg,../Dataset/game7/Clip4/Label.csv,0139.jpg,1,838.0,80.0,0,test
game7,Clip4,../Dataset/game7/Clip4/0140.jpg,../Dataset/game7/Clip4/Label.csv,0140.jpg,1,827.0,83.0,0,test
game7,Clip4,../Dataset/game7/Clip4/0141.jpg,../Dataset/game7/Clip4/Label.csv,0141.jpg,1,813.0,89.0,0,test
game7,Clip4,../Dataset/game7/Clip4/0142.jpg,../Dataset/game7/Clip4/Label.csv,0142.jpg,1,799.0,92.0,0,test
game7,Clip4,../Dataset/game7/Clip4/0143.jpg,../Dataset/game7/Clip4/Label.csv,0143.jpg,1,785.0,101.0,0,test
game7,Clip4,../Dataset/game7/Clip4/0144.jpg,../Dataset/game7/Clip4/Label.csv,0144.jpg,1,776.0,108.0,0,test
game7,Clip4,../Dataset/game7/Clip4/0145.jpg,../Dataset/game7/Clip4/Label.csv,0145.jpg,1,760.0,118.0,0,test
game7,Clip4,../Dataset/game7/Clip4/0146.jpg,../Dataset/game7/Clip4/Label.csv,0146.jpg,1,748.0,129.0,0,test
game7,Clip4,../Dataset/game7/Clip4/0147.jpg,../Dataset/game7/Clip4/Label.csv,0147.jpg,1,733.0,148.0,0,test
game7,Clip4,../Dataset/game7/Clip4/0148.jpg,../Dataset/game7/Clip4/Label.csv,0148.jpg,1,718.0,159.0,0,test
game7,Clip4,../Dataset/game7/Clip4/0149.jpg,../Dataset/game7/Clip4/Label.csv,0149.jpg,1,705.0,178.0,0,test
game7,Clip4,../Dataset/game7/Clip4/0150.jpg,../Dataset/game7/Clip4/Label.csv,0150.jpg,1,689.0,200.0,0,test
game7,Clip4,../Dataset/game7/Clip4/0151.jpg,../Dataset/game7/Clip4/Label.csv,0151.jpg,1,675.0,219.0,0,test
game7,Clip4,../Dataset/game7/Clip4/0152.jpg,../Dataset/game7/Clip4/Label.csv,0152.jpg,1,660.0,242.0,0,test
game7,Clip4,../Dataset/game7/Clip4/0153.jpg,../Dataset/game7/Clip4/Label.csv,0153.jpg,1,645.0,271.0,0,test
game7,Clip4,../Dataset/game7/Clip4/0154.jpg,../Dataset/game7/Clip4/Label.csv,0154.jpg,1,628.0,298.0,0,test
game7,Clip4,../Dataset/game7/Clip4/0155.jpg,../Dataset/game7/Clip4/Label.csv,0155.jpg,1,614.0,327.0,0,test
game7,Clip4,../Dataset/game7/Clip4/0156.jpg,../Dataset/game7/Clip4/Label.csv,0156.jpg,1,596.0,360.0,0,test
game7,Clip4,../Dataset/game7/Clip4/0157.jpg,../Dataset/game7/Clip4/Label.csv,0157.jpg,1,583.0,386.0,0,test
game7,Clip4,../Dataset/game7/Clip4/0158.jpg,../Dataset/game7/Clip4/Label.csv,0158.jpg,1,567.0,425.0,0,test
game7,Clip4,../Dataset/game7/Clip4/0159.jpg,../Dataset/game7/Clip4/Label.csv,0159.jpg,2,559.0,423.0,2,test
game7,Clip4,../Dataset/game7/Clip4/0160.jpg,../Dataset/game7/Clip4/Label.csv,0160.jpg,1,543.0,415.0,0,test
game7,Clip4,../Dataset/game7/Clip4/0161.jpg,../Dataset/game7/Clip4/Label.csv,0161.jpg,1,528.0,414.0,0,test
game7,Clip4,../Dataset/game7/Clip4/0162.jpg,../Dataset/game7/Clip4/Label.csv,0162.jpg,1,515.0,411.0,0,test
game7,Clip4,../Dataset/game7/Clip4/0163.jpg,../Dataset/game7/Clip4/Label.csv,0163.jpg,1,501.0,414.0,0,test
game7,Clip4,../Dataset/game7/Clip4/0164.jpg,../Dataset/game7/Clip4/Label.csv,0164.jpg,1,485.0,418.0,0,test
game7,Clip4,../Dataset/game7/Clip4/0165.jpg,../Dataset/game7/Clip4/Label.csv,0165.jpg,2,474.0,421.0,0,test
game7,Clip4,../Dataset/game7/Clip4/0166.jpg,../Dataset/game7/Clip4/Label.csv,0166.jpg,1,457.0,428.0,0,test
game7,Clip4,../Dataset/game7/Clip4/0167.jpg,../Dataset/game7/Clip4/Label.csv,0167.jpg,1,443.0,439.0,0,test
game7,Clip4,../Dataset/game7/Clip4/0168.jpg,../Dataset/game7/Clip4/Label.csv,0168.jpg,1,429.0,444.0,0,test
game7,Clip4,../Dataset/game7/Clip4/0169.jpg,../Dataset/game7/Clip4/Label.csv,0169.jpg,1,413.0,460.0,0,test
game7,Clip4,../Dataset/game7/Clip4/0170.jpg,../Dataset/game7/Clip4/Label.csv,0170.jpg,1,399.0,475.0,0,test
game7,Clip4,../Dataset/game7/Clip4/0171.jpg,../Dataset/game7/Clip4/Label.csv,0171.jpg,1,413.0,446.0,1,test
game7,Clip4,../Dataset/game7/Clip4/0172.jpg,../Dataset/game7/Clip4/Label.csv,0172.jpg,1,454.0,406.0,0,test
game7,Clip4,../Dataset/game7/Clip4/0173.jpg,../Dataset/game7/Clip4/Label.csv,0173.jpg,1,486.0,362.0,0,test
game7,Clip4,../Dataset/game7/Clip4/0174.jpg,../Dataset/game7/Clip4/Label.csv,0174.jpg,1,517.0,321.0,0,test
game7,Clip4,../Dataset/game7/Clip4/0175.jpg,../Dataset/game7/Clip4/Label.csv,0175.jpg,1,549.0,291.0,0,test
game7,Clip4,../Dataset/game7/Clip4/0176.jpg,../Dataset/game7/Clip4/Label.csv,0176.jpg,1,573.0,265.0,0,test
game7,Clip4,../Dataset/game7/Clip4/0177.jpg,../Dataset/game7/Clip4/Label.csv,0177.jpg,1,597.0,241.0,0,test
game7,Clip4,../Dataset/game7/Clip4/0178.jpg,../Dataset/game7/Clip4/Label.csv,0178.jpg,1,618.0,228.0,0,test
game7,Clip4,../Dataset/game7/Clip4/0179.jpg,../Dataset/game7/Clip4/Label.csv,0179.jpg,1,639.0,211.0,0,test
game7,Clip4,../Dataset/game7/Clip4/0180.jpg,../Dataset/game7/Clip4/Label.csv,0180.jpg,1,660.0,199.0,0,test
game7,Clip4,../Dataset/game7/Clip4/0181.jpg,../Dataset/game7/Clip4/Label.csv,0181.jpg,1,677.0,187.0,0,test
game7,Clip4,../Dataset/game7/Clip4/0182.jpg,../Dataset/game7/Clip4/Label.csv,0182.jpg,1,691.0,179.0,0,test
game7,Clip4,../Dataset/game7/Clip4/0183.jpg,../Dataset/game7/Clip4/Label.csv,0183.jpg,1,709.0,174.0,0,test
game7,Clip4,../Dataset/game7/Clip4/0184.jpg,../Dataset/game7/Clip4/Label.csv,0184.jpg,1,720.0,170.0,0,test
game7,Clip4,../Dataset/game7/Clip4/0185.jpg,../Dataset/game7/Clip4/Label.csv,0185.jpg,1,731.0,168.0,0,test
game7,Clip4,../Dataset/game7/Clip4/0186.jpg,../Dataset/game7/Clip4/Label.csv,0186.jpg,1,744.0,170.0,0,test
game7,Clip4,../Dataset/game7/Clip4/0187.jpg,../Dataset/game7/Clip4/Label.csv,0187.jpg,1,755.0,172.0,0,test
game7,Clip4,../Dataset/game7/Clip4/0188.jpg,../Dataset/game7/Clip4/Label.csv,0188.jpg,1,766.0,174.0,0,test
game7,Clip4,../Dataset/game7/Clip4/0189.jpg,../Dataset/game7/Clip4/Label.csv,0189.jpg,1,773.0,176.0,0,test
game7,Clip4,../Dataset/game7/Clip4/0190.jpg,../Dataset/game7/Clip4/Label.csv,0190.jpg,1,784.0,181.0,2,test
game7,Clip4,../Dataset/game7/Clip4/0191.jpg,../Dataset/game7/Clip4/Label.csv,0191.jpg,1,789.0,158.0,0,test
game7,Clip4,../Dataset/game7/Clip4/0192.jpg,../Dataset/game7/Clip4/Label.csv,0192.jpg,1,796.0,142.0,0,test
game7,Clip4,../Dataset/game7/Clip4/0193.jpg,../Dataset/game7/Clip4/Label.csv,0193.jpg,1,804.0,127.0,0,test
game7,Clip4,../Dataset/game7/Clip4/0194.jpg,../Dataset/game7/Clip4/Label.csv,0194.jpg,1,810.0,115.0,0,test
game7,Clip4,../Dataset/game7/Clip4/0195.jpg,../Dataset/game7/Clip4/Label.csv,0195.jpg,1,815.0,97.0,0,test
game7,Clip4,../Dataset/game7/Clip4/0196.jpg,../Dataset/game7/Clip4/Label.csv,0196.jpg,1,819.0,84.0,0,test
game7,Clip4,../Dataset/game7/Clip4/0197.jpg,../Dataset/game7/Clip4/Label.csv,0197.jpg,1,826.0,77.0,0,test
game7,Clip4,../Dataset/game7/Clip4/0198.jpg,../Dataset/game7/Clip4/Label.csv,0198.jpg,1,831.0,66.0,0,test
game7,Clip4,../Dataset/game7/Clip4/0199.jpg,../Dataset/game7/Clip4/Label.csv,0199.jpg,1,837.0,59.0,0,test
game7,Clip4,../Dataset/game7/Clip4/0200.jpg,../Dataset/game7/Clip4/Label.csv,0200.jpg,1,841.0,52.0,1,test
game7,Clip4,../Dataset/game7/Clip4/0201.jpg,../Dataset/game7/Clip4/Label.csv,0201.jpg,1,828.0,59.0,0,test
game7,Clip4,../Dataset/game7/Clip4/0202.jpg,../Dataset/game7/Clip4/Label.csv,0202.jpg,1,819.0,68.0,0,test
game7,Clip4,../Dataset/game7/Clip4/0203.jpg,../Dataset/game7/Clip4/Label.csv,0203.jpg,2,808.0,72.0,0,test
game7,Clip4,../Dataset/game7/Clip4/0204.jpg,../Dataset/game7/Clip4/Label.csv,0204.jpg,2,796.0,82.0,0,test
game7,Clip4,../Dataset/game7/Clip4/0205.jpg,../Dataset/game7/Clip4/Label.csv,0205.jpg,1,783.0,95.0,0,test
game7,Clip4,../Dataset/game7/Clip4/0206.jpg,../Dataset/game7/Clip4/Label.csv,0206.jpg,1,769.0,107.0,0,test
game7,Clip4,../Dataset/game7/Clip4/0207.jpg,../Dataset/game7/Clip4/Label.csv,0207.jpg,1,759.0,121.0,0,test
game7,Clip4,../Dataset/game7/Clip4/0208.jpg,../Dataset/game7/Clip4/Label.csv,0208.jpg,1,748.0,130.0,0,test
game7,Clip4,../Dataset/game7/Clip4/0209.jpg,../Dataset/game7/Clip4/Label.csv,0209.jpg,1,733.0,153.0,0,test
game7,Clip4,../Dataset/game7/Clip4/0210.jpg,../Dataset/game7/Clip4/Label.csv,0210.jpg,1,722.0,171.0,0,test
game7,Clip4,../Dataset/game7/Clip4/0211.jpg,../Dataset/game7/Clip4/Label.csv,0211.jpg,1,708.0,196.0,0,test
game7,Clip4,../Dataset/game7/Clip4/0212.jpg,../Dataset/game7/Clip4/Label.csv,0212.jpg,1,696.0,214.0,0,test
game7,Clip4,../Dataset/game7/Clip4/0213.jpg,../Dataset/game7/Clip4/Label.csv,0213.jpg,1,687.0,240.0,0,test
game7,Clip4,../Dataset/game7/Clip4/0214.jpg,../Dataset/game7/Clip4/Label.csv,0214.jpg,1,671.0,264.0,0,test
game7,Clip4,../Dataset/game7/Clip4/0215.jpg,../Dataset/game7/Clip4/Label.csv,0215.jpg,1,660.0,298.0,0,test
game7,Clip4,../Dataset/game7/Clip4/0216.jpg,../Dataset/game7/Clip4/Label.csv,0216.jpg,1,641.0,325.0,0,test
game7,Clip4,../Dataset/game7/Clip4/0217.jpg,../Dataset/game7/Clip4/Label.csv,0217.jpg,1,632.0,361.0,0,test
game7,Clip4,../Dataset/game7/Clip4/0218.jpg,../Dataset/game7/Clip4/Label.csv,0218.jpg,1,620.0,392.0,0,test
game7,Clip4,../Dataset/game7/Clip4/0219.jpg,../Dataset/game7/Clip4/Label.csv,0219.jpg,1,608.0,429.0,0,test
game7,Clip4,../Dataset/game7/Clip4/0220.jpg,../Dataset/game7/Clip4/Label.csv,0220.jpg,1,598.0,441.0,2,test
game7,Clip4,../Dataset/game7/Clip4/0221.jpg,../Dataset/game7/Clip4/Label.csv,0221.jpg,1,589.0,438.0,0,test
game7,Clip4,../Dataset/game7/Clip4/0222.jpg,../Dataset/game7/Clip4/Label.csv,0222.jpg,1,578.0,438.0,0,test
game7,Clip4,../Dataset/game7/Clip4/0223.jpg,../Dataset/game7/Clip4/Label.csv,0223.jpg,1,569.0,433.0,0,test
game7,Clip4,../Dataset/game7/Clip4/0224.jpg,../Dataset/game7/Clip4/Label.csv,0224.jpg,1,556.0,437.0,0,test
game7,Clip4,../Dataset/game7/Clip4/0225.jpg,../Dataset/game7/Clip4/Label.csv,0225.jpg,1,545.0,442.0,0,test
game7,Clip4,../Dataset/game7/Clip4/0226.jpg,../Dataset/game7/Clip4/Label.csv,0226.jpg,1,535.0,445.0,0,test
game7,Clip4,../Dataset/game7/Clip4/0227.jpg,../Dataset/game7/Clip4/Label.csv,0227.jpg,1,522.0,454.0,0,test
game7,Clip4,../Dataset/game7/Clip4/0228.jpg,../Dataset/game7/Clip4/Label.csv,0228.jpg,1,511.0,464.0,0,test
game7,Clip4,../Dataset/game7/Clip4/0229.jpg,../Dataset/game7/Clip4/Label.csv,0229.jpg,1,500.0,477.0,0,test
game7,Clip4,../Dataset/game7/Clip4/0230.jpg,../Dataset/game7/Clip4/Label.csv,0230.jpg,1,486.0,490.0,0,test
game7,Clip4,../Dataset/game7/Clip4/0231.jpg,../Dataset/game7/Clip4/Label.csv,0231.jpg,1,481.0,452.0,1,test
game7,Clip4,../Dataset/game7/Clip4/0232.jpg,../Dataset/game7/Clip4/Label.csv,0232.jpg,1,482.0,408.0,0,test
game7,Clip4,../Dataset/game7/Clip4/0233.jpg,../Dataset/game7/Clip4/Label.csv,0233.jpg,1,480.0,370.0,0,test
game7,Clip4,../Dataset/game7/Clip4/0234.jpg,../Dataset/game7/Clip4/Label.csv,0234.jpg,1,476.0,335.0,0,test
game7,Clip4,../Dataset/game7/Clip4/0235.jpg,../Dataset/game7/Clip4/Label.csv,0235.jpg,1,475.0,311.0,0,test
game7,Clip4,../Dataset/game7/Clip4/0236.jpg,../Dataset/game7/Clip4/Label.csv,0236.jpg,1,474.0,286.0,0,test
game7,Clip4,../Dataset/game7/Clip4/0237.jpg,../Dataset/game7/Clip4/Label.csv,0237.jpg,1,468.0,267.0,0,test
game7,Clip4,../Dataset/game7/Clip4/0238.jpg,../Dataset/game7/Clip4/Label.csv,0238.jpg,1,467.0,253.0,0,test
game7,Clip4,../Dataset/game7/Clip4/0239.jpg,../Dataset/game7/Clip4/Label.csv,0239.jpg,1,465.0,240.0,0,test
game7,Clip4,../Dataset/game7/Clip4/0240.jpg,../Dataset/game7/Clip4/Label.csv,0240.jpg,1,464.0,228.0,0,test
game7,Clip4,../Dataset/game7/Clip4/0241.jpg,../Dataset/game7/Clip4/Label.csv,0241.jpg,1,461.0,221.0,0,test
game7,Clip4,../Dataset/game7/Clip4/0242.jpg,../Dataset/game7/Clip4/Label.csv,0242.jpg,1,455.0,213.0,0,test
game7,Clip4,../Dataset/game7/Clip4/0243.jpg,../Dataset/game7/Clip4/Label.csv,0243.jpg,1,453.0,213.0,0,test
game7,Clip4,../Dataset/game7/Clip4/0244.jpg,../Dataset/game7/Clip4/Label.csv,0244.jpg,1,448.0,211.0,0,test
game7,Clip4,../Dataset/game7/Clip4/0245.jpg,../Dataset/game7/Clip4/Label.csv,0245.jpg,1,448.0,211.0,0,test
game7,Clip4,../Dataset/game7/Clip4/0246.jpg,../Dataset/game7/Clip4/Label.csv,0246.jpg,1,447.0,213.0,0,test
game7,Clip4,../Dataset/game7/Clip4/0247.jpg,../Dataset/game7/Clip4/Label.csv,0247.jpg,1,444.0,209.0,2,test
game7,Clip4,../Dataset/game7/Clip4/0248.jpg,../Dataset/game7/Clip4/Label.csv,0248.jpg,1,441.0,184.0,0,test
game7,Clip4,../Dataset/game7/Clip4/0249.jpg,../Dataset/game7/Clip4/Label.csv,0249.jpg,1,441.0,170.0,0,test
game7,Clip4,../Dataset/game7/Clip4/0250.jpg,../Dataset/game7/Clip4/Label.csv,0250.jpg,1,439.0,152.0,0,test
game7,Clip4,../Dataset/game7/Clip4/0251.jpg,../Dataset/game7/Clip4/Label.csv,0251.jpg,1,439.0,137.0,0,test
game7,Clip4,../Dataset/game7/Clip4/0252.jpg,../Dataset/game7/Clip4/Label.csv,0252.jpg,1,440.0,121.0,0,test
game7,Clip4,../Dataset/game7/Clip4/0253.jpg,../Dataset/game7/Clip4/Label.csv,0253.jpg,1,440.0,110.0,0,test
game7,Clip4,../Dataset/game7/Clip4/0254.jpg,../Dataset/game7/Clip4/Label.csv,0254.jpg,1,438.0,103.0,0,test
game7,Clip4,../Dataset/game7/Clip4/0255.jpg,../Dataset/game7/Clip4/Label.csv,0255.jpg,1,436.0,94.0,0,test
game7,Clip4,../Dataset/game7/Clip4/0256.jpg,../Dataset/game7/Clip4/Label.csv,0256.jpg,1,436.0,86.0,0,test
game7,Clip4,../Dataset/game7/Clip4/0257.jpg,../Dataset/game7/Clip4/Label.csv,0257.jpg,1,436.0,82.0,0,test
game7,Clip4,../Dataset/game7/Clip4/0258.jpg,../Dataset/game7/Clip4/Label.csv,0258.jpg,1,436.0,79.0,0,test
game7,Clip4,../Dataset/game7/Clip4/0259.jpg,../Dataset/game7/Clip4/Label.csv,0259.jpg,1,434.0,74.0,0,test
game7,Clip4,../Dataset/game7/Clip4/0260.jpg,../Dataset/game7/Clip4/Label.csv,0260.jpg,1,433.0,72.0,0,test
game7,Clip4,../Dataset/game7/Clip4/0261.jpg,../Dataset/game7/Clip4/Label.csv,0261.jpg,1,435.0,71.0,0,test
game7,Clip4,../Dataset/game7/Clip4/0262.jpg,../Dataset/game7/Clip4/Label.csv,0262.jpg,1,430.0,72.0,1,test
game7,Clip4,../Dataset/game7/Clip4/0263.jpg,../Dataset/game7/Clip4/Label.csv,0263.jpg,1,425.0,74.0,0,test
game7,Clip4,../Dataset/game7/Clip4/0264.jpg,../Dataset/game7/Clip4/Label.csv,0264.jpg,1,427.0,79.0,0,test
game7,Clip4,../Dataset/game7/Clip4/0265.jpg,../Dataset/game7/Clip4/Label.csv,0265.jpg,1,421.0,95.0,0,test
game7,Clip4,../Dataset/game7/Clip4/0266.jpg,../Dataset/game7/Clip4/Label.csv,0266.jpg,1,421.0,93.0,0,test
game7,Clip4,../Dataset/game7/Clip4/0267.jpg,../Dataset/game7/Clip4/Label.csv,0267.jpg,1,417.0,101.0,0,test
game7,Clip4,../Dataset/game7/Clip4/0268.jpg,../Dataset/game7/Clip4/Label.csv,0268.jpg,2,416.0,113.0,0,test
game7,Clip4,../Dataset/game7/Clip4/0269.jpg,../Dataset/game7/Clip4/Label.csv,0269.jpg,1,413.0,129.0,0,test
game7,Clip4,../Dataset/game7/Clip4/0270.jpg,../Dataset/game7/Clip4/Label.csv,0270.jpg,1,415.0,144.0,0,test
game7,Clip4,../Dataset/game7/Clip4/0271.jpg,../Dataset/game7/Clip4/Label.csv,0271.jpg,2,412.0,160.0,0,test
game7,Clip4,../Dataset/game7/Clip4/0272.jpg,../Dataset/game7/Clip4/Label.csv,0272.jpg,1,409.0,177.0,0,test
game7,Clip4,../Dataset/game7/Clip4/0273.jpg,../Dataset/game7/Clip4/Label.csv,0273.jpg,1,409.0,199.0,0,test
game7,Clip4,../Dataset/game7/Clip4/0274.jpg,../Dataset/game7/Clip4/Label.csv,0274.jpg,1,408.0,225.0,0,test
game7,Clip4,../Dataset/game7/Clip4/0275.jpg,../Dataset/game7/Clip4/Label.csv,0275.jpg,1,408.0,253.0,0,test
game7,Clip4,../Dataset/game7/Clip4/0276.jpg,../Dataset/game7/Clip4/Label.csv,0276.jpg,1,407.0,274.0,0,test
game7,Clip4,../Dataset/game7/Clip4/0277.jpg,../Dataset/game7/Clip4/Label.csv,0277.jpg,1,405.0,307.0,0,test
game7,Clip4,../Dataset/game7/Clip4/0278.jpg,../Dataset/game7/Clip4/Label.csv,0278.jpg,1,406.0,342.0,0,test
game7,Clip4,../Dataset/game7/Clip4/0279.jpg,../Dataset/game7/Clip4/Label.csv,0279.jpg,1,406.0,374.0,0,test
game7,Clip4,../Dataset/game7/Clip4/0280.jpg,../Dataset/game7/Clip4/Label.csv,0280.jpg,1,407.0,411.0,0,test
game7,Clip4,../Dataset/game7/Clip4/0281.jpg,../Dataset/game7/Clip4/Label.csv,0281.jpg,1,404.0,447.0,0,test
game7,Clip4,../Dataset/game7/Clip4/0282.jpg,../Dataset/game7/Clip4/Label.csv,0282.jpg,1,403.0,446.0,2,test
game7,Clip4,../Dataset/game7/Clip4/0283.jpg,../Dataset/game7/Clip4/Label.csv,0283.jpg,1,403.0,443.0,0,test
game7,Clip4,../Dataset/game7/Clip4/0284.jpg,../Dataset/game7/Clip4/Label.csv,0284.jpg,1,400.0,444.0,0,test
game7,Clip4,../Dataset/game7/Clip4/0285.jpg,../Dataset/game7/Clip4/Label.csv,0285.jpg,1,403.0,443.0,0,test
game7,Clip4,../Dataset/game7/Clip4/0286.jpg,../Dataset/game7/Clip4/Label.csv,0286.jpg,1,401.0,450.0,0,test
game7,Clip4,../Dataset/game7/Clip4/0287.jpg,../Dataset/game7/Clip4/Label.csv,0287.jpg,1,401.0,450.0,0,test
game7,Clip4,../Dataset/game7/Clip4/0288.jpg,../Dataset/game7/Clip4/Label.csv,0288.jpg,1,401.0,457.0,0,test
game7,Clip4,../Dataset/game7/Clip4/0289.jpg,../Dataset/game7/Clip4/Label.csv,0289.jpg,1,400.0,467.0,0,test
game7,Clip4,../Dataset/game7/Clip4/0290.jpg,../Dataset/game7/Clip4/Label.csv,0290.jpg,1,400.0,479.0,0,test
game7,Clip4,../Dataset/game7/Clip4/0291.jpg,../Dataset/game7/Clip4/Label.csv,0291.jpg,1,397.0,490.0,0,test
game7,Clip4,../Dataset/game7/Clip4/0292.jpg,../Dataset/game7/Clip4/Label.csv,0292.jpg,1,412.0,484.0,1,test
game7,Clip4,../Dataset/game7/Clip4/0293.jpg,../Dataset/game7/Clip4/Label.csv,0293.jpg,1,446.0,434.0,0,test
game7,Clip4,../Dataset/game7/Clip4/0294.jpg,../Dataset/game7/Clip4/Label.csv,0294.jpg,1,481.0,393.0,0,test
game7,Clip4,../Dataset/game7/Clip4/0295.jpg,../Dataset/game7/Clip4/Label.csv,0295.jpg,1,513.0,359.0,0,test
game7,Clip4,../Dataset/game7/Clip4/0296.jpg,../Dataset/game7/Clip4/Label.csv,0296.jpg,1,538.0,324.0,0,test
game7,Clip4,../Dataset/game7/Clip4/0297.jpg,../Dataset/game7/Clip4/Label.csv,0297.jpg,1,568.0,300.0,0,test
game7,Clip4,../Dataset/game7/Clip4/0298.jpg,../Dataset/game7/Clip4/Label.csv,0298.jpg,1,592.0,275.0,0,test
game7,Clip4,../Dataset/game7/Clip4/0299.jpg,../Dataset/game7/Clip4/Label.csv,0299.jpg,1,613.0,255.0,0,test
game7,Clip4,../Dataset/game7/Clip4/0300.jpg,../Dataset/game7/Clip4/Label.csv,0300.jpg,1,632.0,237.0,0,test
game7,Clip4,../Dataset/game7/Clip4/0301.jpg,../Dataset/game7/Clip4/Label.csv,0301.jpg,1,654.0,218.0,0,test
game7,Clip4,../Dataset/game7/Clip4/0302.jpg,../Dataset/game7/Clip4/Label.csv,0302.jpg,1,675.0,207.0,0,test
game7,Clip4,../Dataset/game7/Clip4/0303.jpg,../Dataset/game7/Clip4/Label.csv,0303.jpg,1,692.0,191.0,0,test
game7,Clip4,../Dataset/game7/Clip4/0304.jpg,../Dataset/game7/Clip4/Label.csv,0304.jpg,1,706.0,185.0,0,test
game7,Clip4,../Dataset/game7/Clip4/0305.jpg,../Dataset/game7/Clip4/Label.csv,0305.jpg,1,725.0,178.0,0,test
game7,Clip4,../Dataset/game7/Clip4/0306.jpg,../Dataset/game7/Clip4/Label.csv,0306.jpg,1,737.0,171.0,0,test
game7,Clip4,../Dataset/game7/Clip4/0307.jpg,../Dataset/game7/Clip4/Label.csv,0307.jpg,1,752.0,167.0,0,test
game7,Clip4,../Dataset/game7/Clip4/0308.jpg,../Dataset/game7/Clip4/Label.csv,0308.jpg,1,767.0,165.0,0,test
game7,Clip4,../Dataset/game7/Clip4/0309.jpg,../Dataset/game7/Clip4/Label.csv,0309.jpg,1,777.0,163.0,0,test
game7,Clip4,../Dataset/game7/Clip4/0310.jpg,../Dataset/game7/Clip4/Label.csv,0310.jpg,1,791.0,164.0,0,test
game7,Clip4,../Dataset/game7/Clip4/0311.jpg,../Dataset/game7/Clip4/Label.csv,0311.jpg,1,802.0,164.0,0,test
game7,Clip4,../Dataset/game7/Clip4/0312.jpg,../Dataset/game7/Clip4/Label.csv,0312.jpg,1,814.0,165.0,0,test
game7,Clip4,../Dataset/game7/Clip4/0313.jpg,../Dataset/game7/Clip4/Label.csv,0313.jpg,1,827.0,167.0,0,test
game7,Clip4,../Dataset/game7/Clip4/0314.jpg,../Dataset/game7/Clip4/Label.csv,0314.jpg,1,835.0,173.0,0,test
game7,Clip4,../Dataset/game7/Clip4/0315.jpg,../Dataset/game7/Clip4/Label.csv,0315.jpg,1,848.0,179.0,0,test
game7,Clip4,../Dataset/game7/Clip4/0316.jpg,../Dataset/game7/Clip4/Label.csv,0316.jpg,1,854.0,184.0,2,test
game7,Clip4,../Dataset/game7/Clip4/0317.jpg,../Dataset/game7/Clip4/Label.csv,0317.jpg,1,860.0,165.0,0,test
game7,Clip4,../Dataset/game7/Clip4/0318.jpg,../Dataset/game7/Clip4/Label.csv,0318.jpg,1,865.0,150.0,0,test
game7,Clip4,../Dataset/game7/Clip4/0319.jpg,../Dataset/game7/Clip4/Label.csv,0319.jpg,2,872.0,135.0,0,test
game7,Clip4,../Dataset/game7/Clip4/0320.jpg,../Dataset/game7/Clip4/Label.csv,0320.jpg,1,874.0,124.0,0,test
game7,Clip4,../Dataset/game7/Clip4/0321.jpg,../Dataset/game7/Clip4/Label.csv,0321.jpg,1,880.0,113.0,0,test
game7,Clip4,../Dataset/game7/Clip4/0322.jpg,../Dataset/game7/Clip4/Label.csv,0322.jpg,1,883.0,105.0,0,test
game7,Clip4,../Dataset/game7/Clip4/0323.jpg,../Dataset/game7/Clip4/Label.csv,0323.jpg,1,892.0,94.0,0,test
game7,Clip4,../Dataset/game7/Clip4/0324.jpg,../Dataset/game7/Clip4/Label.csv,0324.jpg,1,892.0,87.0,0,test
game7,Clip4,../Dataset/game7/Clip4/0325.jpg,../Dataset/game7/Clip4/Label.csv,0325.jpg,1,898.0,81.0,0,test
game7,Clip4,../Dataset/game7/Clip4/0326.jpg,../Dataset/game7/Clip4/Label.csv,0326.jpg,1,901.0,75.0,0,test
game7,Clip4,../Dataset/game7/Clip4/0327.jpg,../Dataset/game7/Clip4/Label.csv,0327.jpg,1,904.0,75.0,0,test
game7,Clip4,../Dataset/game7/Clip4/0328.jpg,../Dataset/game7/Clip4/Label.csv,0328.jpg,1,910.0,71.0,0,test
game7,Clip4,../Dataset/game7/Clip4/0329.jpg,../Dataset/game7/Clip4/Label.csv,0329.jpg,1,917.0,70.0,0,test
game7,Clip4,../Dataset/game7/Clip4/0330.jpg,../Dataset/game7/Clip4/Label.csv,0330.jpg,1,916.0,70.0,0,test
game7,Clip4,../Dataset/game7/Clip4/0331.jpg,../Dataset/game7/Clip4/Label.csv,0331.jpg,1,918.0,72.0,1,test
game7,Clip4,../Dataset/game7/Clip4/0332.jpg,../Dataset/game7/Clip4/Label.csv,0332.jpg,1,905.0,73.0,0,test
game7,Clip4,../Dataset/game7/Clip4/0333.jpg,../Dataset/game7/Clip4/Label.csv,0333.jpg,1,893.0,78.0,0,test
game7,Clip4,../Dataset/game7/Clip4/0334.jpg,../Dataset/game7/Clip4/Label.csv,0334.jpg,0,-1.0,-1.0,0,test
game7,Clip4,../Dataset/game7/Clip4/0335.jpg,../Dataset/game7/Clip4/Label.csv,0335.jpg,1,868.0,85.0,0,test
game7,Clip4,../Dataset/game7/Clip4/0336.jpg,../Dataset/game7/Clip4/Label.csv,0336.jpg,1,850.0,92.0,0,test
game7,Clip4,../Dataset/game7/Clip4/0337.jpg,../Dataset/game7/Clip4/Label.csv,0337.jpg,1,839.0,98.0,0,test
game7,Clip4,../Dataset/game7/Clip4/0338.jpg,../Dataset/game7/Clip4/Label.csv,0338.jpg,1,823.0,108.0,0,test
game7,Clip4,../Dataset/game7/Clip4/0339.jpg,../Dataset/game7/Clip4/Label.csv,0339.jpg,1,812.0,113.0,0,test
game7,Clip4,../Dataset/game7/Clip4/0340.jpg,../Dataset/game7/Clip4/Label.csv,0340.jpg,1,796.0,120.0,0,test
game7,Clip4,../Dataset/game7/Clip4/0341.jpg,../Dataset/game7/Clip4/Label.csv,0341.jpg,1,781.0,128.0,0,test
game7,Clip4,../Dataset/game7/Clip4/0342.jpg,../Dataset/game7/Clip4/Label.csv,0342.jpg,1,769.0,138.0,0,test
game7,Clip4,../Dataset/game7/Clip4/0343.jpg,../Dataset/game7/Clip4/Label.csv,0343.jpg,1,750.0,147.0,0,test
game7,Clip4,../Dataset/game7/Clip4/0344.jpg,../Dataset/game7/Clip4/Label.csv,0344.jpg,1,734.0,159.0,0,test
game7,Clip4,../Dataset/game7/Clip4/0345.jpg,../Dataset/game7/Clip4/Label.csv,0345.jpg,1,725.0,172.0,0,test
game7,Clip4,../Dataset/game7/Clip4/0346.jpg,../Dataset/game7/Clip4/Label.csv,0346.jpg,1,710.0,183.0,0,test
game7,Clip4,../Dataset/game7/Clip4/0347.jpg,../Dataset/game7/Clip4/Label.csv,0347.jpg,1,694.0,197.0,0,test
game7,Clip4,../Dataset/game7/Clip4/0348.jpg,../Dataset/game7/Clip4/Label.csv,0348.jpg,1,677.0,209.0,0,test
game7,Clip4,../Dataset/game7/Clip4/0349.jpg,../Dataset/game7/Clip4/Label.csv,0349.jpg,1,662.0,228.0,0,test
game7,Clip4,../Dataset/game7/Clip4/0350.jpg,../Dataset/game7/Clip4/Label.csv,0350.jpg,1,649.0,240.0,0,test
game7,Clip4,../Dataset/game7/Clip4/0351.jpg,../Dataset/game7/Clip4/Label.csv,0351.jpg,1,628.0,257.0,0,test
game7,Clip4,../Dataset/game7/Clip4/0352.jpg,../Dataset/game7/Clip4/Label.csv,0352.jpg,1,617.0,275.0,0,test
game7,Clip4,../Dataset/game7/Clip4/0353.jpg,../Dataset/game7/Clip4/Label.csv,0353.jpg,1,598.0,289.0,0,test
game7,Clip4,../Dataset/game7/Clip4/0354.jpg,../Dataset/game7/Clip4/Label.csv,0354.jpg,1,585.0,313.0,0,test
game7,Clip4,../Dataset/game7/Clip4/0355.jpg,../Dataset/game7/Clip4/Label.csv,0355.jpg,1,567.0,332.0,0,test
game7,Clip4,../Dataset/game7/Clip4/0356.jpg,../Dataset/game7/Clip4/Label.csv,0356.jpg,1,551.0,353.0,0,test
game7,Clip4,../Dataset/game7/Clip4/0357.jpg,../Dataset/game7/Clip4/Label.csv,0357.jpg,1,532.0,375.0,0,test
game7,Clip4,../Dataset/game7/Clip4/0358.jpg,../Dataset/game7/Clip4/Label.csv,0358.jpg,1,515.0,398.0,0,test
game7,Clip4,../Dataset/game7/Clip4/0359.jpg,../Dataset/game7/Clip4/Label.csv,0359.jpg,1,497.0,426.0,0,test
game7,Clip4,../Dataset/game7/Clip4/0360.jpg,../Dataset/game7/Clip4/Label.csv,0360.jpg,1,485.0,427.0,2,test
game7,Clip4,../Dataset/game7/Clip4/0361.jpg,../Dataset/game7/Clip4/Label.csv,0361.jpg,1,473.0,427.0,0,test
game7,Clip4,../Dataset/game7/Clip4/0362.jpg,../Dataset/game7/Clip4/Label.csv,0362.jpg,1,459.0,426.0,0,test
game7,Clip4,../Dataset/game7/Clip4/0363.jpg,../Dataset/game7/Clip4/Label.csv,0363.jpg,1,445.0,429.0,0,test
game7,Clip4,../Dataset/game7/Clip4/0364.jpg,../Dataset/game7/Clip4/Label.csv,0364.jpg,1,431.0,430.0,0,test
game7,Clip4,../Dataset/game7/Clip4/0365.jpg,../Dataset/game7/Clip4/Label.csv,0365.jpg,1,418.0,434.0,0,test
game7,Clip4,../Dataset/game7/Clip4/0366.jpg,../Dataset/game7/Clip4/Label.csv,0366.jpg,1,405.0,439.0,0,test
game7,Clip4,../Dataset/game7/Clip4/0367.jpg,../Dataset/game7/Clip4/Label.csv,0367.jpg,1,394.0,446.0,0,test
game7,Clip4,../Dataset/game7/Clip4/0368.jpg,../Dataset/game7/Clip4/Label.csv,0368.jpg,1,380.0,452.0,0,test
game7,Clip4,../Dataset/game7/Clip4/0369.jpg,../Dataset/game7/Clip4/Label.csv,0369.jpg,1,362.0,462.0,0,test
game7,Clip4,../Dataset/game7/Clip4/0370.jpg,../Dataset/game7/Clip4/Label.csv,0370.jpg,1,349.0,475.0,0,test
game7,Clip4,../Dataset/game7/Clip4/0371.jpg,../Dataset/game7/Clip4/Label.csv,0371.jpg,1,337.0,485.0,0,test
game7,Clip4,../Dataset/game7/Clip4/0372.jpg,../Dataset/game7/Clip4/Label.csv,0372.jpg,1,341.0,461.0,1,test
game7,Clip4,../Dataset/game7/Clip4/0373.jpg,../Dataset/game7/Clip4/Label.csv,0373.jpg,1,376.0,410.0,0,test
game7,Clip4,../Dataset/game7/Clip4/0374.jpg,../Dataset/game7/Clip4/Label.csv,0374.jpg,1,401.0,363.0,0,test
game7,Clip4,../Dataset/game7/Clip4/0375.jpg,../Dataset/game7/Clip4/Label.csv,0375.jpg,1,424.0,330.0,0,test
game7,Clip4,../Dataset/game7/Clip4/0376.jpg,../Dataset/game7/Clip4/Label.csv,0376.jpg,1,444.0,294.0,0,test
game7,Clip4,../Dataset/game7/Clip4/0377.jpg,../Dataset/game7/Clip4/Label.csv,0377.jpg,1,463.0,270.0,0,test
game7,Clip4,../Dataset/game7/Clip4/0378.jpg,../Dataset/game7/Clip4/Label.csv,0378.jpg,1,476.0,247.0,0,test
game7,Clip4,../Dataset/game7/Clip4/0379.jpg,../Dataset/game7/Clip4/Label.csv,0379.jpg,1,489.0,225.0,0,test
game7,Clip4,../Dataset/game7/Clip4/0380.jpg,../Dataset/game7/Clip4/Label.csv,0380.jpg,1,502.0,209.0,0,test
game7,Clip4,../Dataset/game7/Clip4/0381.jpg,../Dataset/game7/Clip4/Label.csv,0381.jpg,1,513.0,195.0,0,test
game7,Clip4,../Dataset/game7/Clip4/0382.jpg,../Dataset/game7/Clip4/Label.csv,0382.jpg,1,521.0,184.0,0,test
game7,Clip4,../Dataset/game7/Clip4/0383.jpg,../Dataset/game7/Clip4/Label.csv,0383.jpg,1,531.0,176.0,0,test
game7,Clip4,../Dataset/game7/Clip4/0384.jpg,../Dataset/game7/Clip4/Label.csv,0384.jpg,1,540.0,168.0,0,test
game7,Clip4,../Dataset/game7/Clip4/0385.jpg,../Dataset/game7/Clip4/Label.csv,0385.jpg,1,547.0,164.0,0,test
game7,Clip4,../Dataset/game7/Clip4/0386.jpg,../Dataset/game7/Clip4/Label.csv,0386.jpg,1,551.0,160.0,0,test
game7,Clip4,../Dataset/game7/Clip4/0387.jpg,../Dataset/game7/Clip4/Label.csv,0387.jpg,1,556.0,159.0,0,test
game7,Clip4,../Dataset/game7/Clip4/0388.jpg,../Dataset/game7/Clip4/Label.csv,0388.jpg,1,563.0,160.0,0,test
game7,Clip4,../Dataset/game7/Clip4/0389.jpg,../Dataset/game7/Clip4/Label.csv,0389.jpg,1,569.0,160.0,2,test
game7,Clip4,../Dataset/game7/Clip4/0390.jpg,../Dataset/game7/Clip4/Label.csv,0390.jpg,1,570.0,154.0,0,test
game7,Clip4,../Dataset/game7/Clip4/0391.jpg,../Dataset/game7/Clip4/Label.csv,0391.jpg,1,574.0,137.0,0,test
game7,Clip4,../Dataset/game7/Clip4/0392.jpg,../Dataset/game7/Clip4/Label.csv,0392.jpg,1,579.0,123.0,0,test
game7,Clip4,../Dataset/game7/Clip4/0393.jpg,../Dataset/game7/Clip4/Label.csv,0393.jpg,1,582.0,107.0,0,test
game7,Clip4,../Dataset/game7/Clip4/0394.jpg,../Dataset/game7/Clip4/Label.csv,0394.jpg,1,586.0,96.0,0,test
game7,Clip4,../Dataset/game7/Clip4/0395.jpg,../Dataset/game7/Clip4/Label.csv,0395.jpg,1,592.0,84.0,0,test
game7,Clip4,../Dataset/game7/Clip4/0396.jpg,../Dataset/game7/Clip4/Label.csv,0396.jpg,1,592.0,75.0,0,test
game7,Clip4,../Dataset/game7/Clip4/0397.jpg,../Dataset/game7/Clip4/Label.csv,0397.jpg,1,596.0,66.0,0,test
game7,Clip4,../Dataset/game7/Clip4/0398.jpg,../Dataset/game7/Clip4/Label.csv,0398.jpg,1,599.0,59.0,1,test
game7,Clip4,../Dataset/game7/Clip4/0399.jpg,../Dataset/game7/Clip4/Label.csv,0399.jpg,1,603.0,55.0,0,test
game7,Clip4,../Dataset/game7/Clip4/0400.jpg,../Dataset/game7/Clip4/Label.csv,0400.jpg,1,608.0,52.0,0,test
game7,Clip4,../Dataset/game7/Clip4/0401.jpg,../Dataset/game7/Clip4/Label.csv,0401.jpg,1,613.0,57.0,0,test
game7,Clip4,../Dataset/game7/Clip4/0402.jpg,../Dataset/game7/Clip4/Label.csv,0402.jpg,1,619.0,60.0,0,test
game7,Clip4,../Dataset/game7/Clip4/0403.jpg,../Dataset/game7/Clip4/Label.csv,0403.jpg,1,622.0,62.0,0,test
game7,Clip4,../Dataset/game7/Clip4/0404.jpg,../Dataset/game7/Clip4/Label.csv,0404.jpg,1,631.0,68.0,0,test
game7,Clip4,../Dataset/game7/Clip4/0405.jpg,../Dataset/game7/Clip4/Label.csv,0405.jpg,1,636.0,78.0,0,test
game7,Clip4,../Dataset/game7/Clip4/0406.jpg,../Dataset/game7/Clip4/Label.csv,0406.jpg,1,643.0,82.0,0,test
game7,Clip4,../Dataset/game7/Clip4/0407.jpg,../Dataset/game7/Clip4/Label.csv,0407.jpg,1,648.0,93.0,0,test
game7,Clip4,../Dataset/game7/Clip4/0408.jpg,../Dataset/game7/Clip4/Label.csv,0408.jpg,3,654.0,102.0,0,test
game7,Clip4,../Dataset/game7/Clip4/0409.jpg,../Dataset/game7/Clip4/Label.csv,0409.jpg,1,663.0,117.0,0,test
game7,Clip4,../Dataset/game7/Clip4/0410.jpg,../Dataset/game7/Clip4/Label.csv,0410.jpg,1,672.0,137.0,0,test
game7,Clip4,../Dataset/game7/Clip4/0411.jpg,../Dataset/game7/Clip4/Label.csv,0411.jpg,1,679.0,147.0,0,test
game7,Clip4,../Dataset/game7/Clip4/0412.jpg,../Dataset/game7/Clip4/Label.csv,0412.jpg,1,687.0,174.0,0,test
game7,Clip4,../Dataset/game7/Clip4/0413.jpg,../Dataset/game7/Clip4/Label.csv,0413.jpg,1,695.0,193.0,0,test
game7,Clip4,../Dataset/game7/Clip4/0414.jpg,../Dataset/game7/Clip4/Label.csv,0414.jpg,1,705.0,211.0,0,test
game7,Clip4,../Dataset/game7/Clip4/0415.jpg,../Dataset/game7/Clip4/Label.csv,0415.jpg,1,722.0,265.0,0,test
game7,Clip4,../Dataset/game7/Clip4/0416.jpg,../Dataset/game7/Clip4/Label.csv,0416.jpg,1,723.0,260.0,0,test
game7,Clip4,../Dataset/game7/Clip4/0417.jpg,../Dataset/game7/Clip4/Label.csv,0417.jpg,1,732.0,294.0,0,test
game7,Clip4,../Dataset/game7/Clip4/0418.jpg,../Dataset/game7/Clip4/Label.csv,0418.jpg,1,740.0,322.0,0,test
game7,Clip4,../Dataset/game7/Clip4/0419.jpg,../Dataset/game7/Clip4/Label.csv,0419.jpg,1,750.0,354.0,0,test
game7,Clip4,../Dataset/game7/Clip4/0420.jpg,../Dataset/game7/Clip4/Label.csv,0420.jpg,1,760.0,389.0,0,test
game7,Clip4,../Dataset/game7/Clip4/0421.jpg,../Dataset/game7/Clip4/Label.csv,0421.jpg,1,771.0,421.0,0,test
game7,Clip4,../Dataset/game7/Clip4/0422.jpg,../Dataset/game7/Clip4/Label.csv,0422.jpg,1,781.0,462.0,0,test
game7,Clip4,../Dataset/game7/Clip4/0423.jpg,../Dataset/game7/Clip4/Label.csv,0423.jpg,1,787.0,462.0,2,test
game7,Clip4,../Dataset/game7/Clip4/0424.jpg,../Dataset/game7/Clip4/Label.csv,0424.jpg,1,793.0,451.0,0,test
game7,Clip4,../Dataset/game7/Clip4/0425.jpg,../Dataset/game7/Clip4/Label.csv,0425.jpg,1,796.0,450.0,0,test
game7,Clip4,../Dataset/game7/Clip4/0426.jpg,../Dataset/game7/Clip4/Label.csv,0426.jpg,1,807.0,443.0,0,test
game7,Clip4,../Dataset/game7/Clip4/0427.jpg,../Dataset/game7/Clip4/Label.csv,0427.jpg,1,812.0,444.0,0,test
game7,Clip4,../Dataset/game7/Clip4/0428.jpg,../Dataset/game7/Clip4/Label.csv,0428.jpg,1,818.0,445.0,0,test
game7,Clip4,../Dataset/game7/Clip4/0429.jpg,../Dataset/game7/Clip4/Label.csv,0429.jpg,1,826.0,446.0,0,test
game7,Clip4,../Dataset/game7/Clip4/0430.jpg,../Dataset/game7/Clip4/Label.csv,0430.jpg,1,834.0,453.0,0,test
game7,Clip4,../Dataset/game7/Clip4/0431.jpg,../Dataset/game7/Clip4/Label.csv,0431.jpg,1,843.0,457.0,0,test
game7,Clip4,../Dataset/game7/Clip4/0432.jpg,../Dataset/game7/Clip4/Label.csv,0432.jpg,1,837.0,445.0,1,test
game7,Clip4,../Dataset/game7/Clip4/0433.jpg,../Dataset/game7/Clip4/Label.csv,0433.jpg,1,805.0,393.0,0,test
game7,Clip4,../Dataset/game7/Clip4/0434.jpg,../Dataset/game7/Clip4/Label.csv,0434.jpg,1,782.0,353.0,0,test
game7,Clip4,../Dataset/game7/Clip4/0435.jpg,../Dataset/game7/Clip4/Label.csv,0435.jpg,1,758.0,325.0,0,test
game7,Clip4,../Dataset/game7/Clip4/0436.jpg,../Dataset/game7/Clip4/Label.csv,0436.jpg,1,734.0,296.0,0,test
game7,Clip4,../Dataset/game7/Clip4/0437.jpg,../Dataset/game7/Clip4/Label.csv,0437.jpg,1,718.0,270.0,0,test
game7,Clip4,../Dataset/game7/Clip4/0438.jpg,../Dataset/game7/Clip4/Label.csv,0438.jpg,1,698.0,253.0,0,test
game7,Clip4,../Dataset/game7/Clip4/0439.jpg,../Dataset/game7/Clip4/Label.csv,0439.jpg,1,680.0,234.0,0,test
game7,Clip4,../Dataset/game7/Clip4/0440.jpg,../Dataset/game7/Clip4/Label.csv,0440.jpg,1,666.0,221.0,0,test
game7,Clip4,../Dataset/game7/Clip4/0441.jpg,../Dataset/game7/Clip4/Label.csv,0441.jpg,1,651.0,213.0,0,test
game7,Clip4,../Dataset/game7/Clip4/0442.jpg,../Dataset/game7/Clip4/Label.csv,0442.jpg,2,637.0,202.0,0,test
game7,Clip4,../Dataset/game7/Clip4/0443.jpg,../Dataset/game7/Clip4/Label.csv,0443.jpg,2,625.0,197.0,0,test
game7,Clip4,../Dataset/game7/Clip4/0444.jpg,../Dataset/game7/Clip4/Label.csv,0444.jpg,1,615.0,194.0,0,test
game7,Clip4,../Dataset/game7/Clip4/0445.jpg,../Dataset/game7/Clip4/Label.csv,0445.jpg,1,601.0,189.0,0,test
game7,Clip4,../Dataset/game7/Clip4/0446.jpg,../Dataset/game7/Clip4/Label.csv,0446.jpg,1,591.0,190.0,0,test
game7,Clip4,../Dataset/game7/Clip4/0447.jpg,../Dataset/game7/Clip4/Label.csv,0447.jpg,1,584.0,189.0,0,test
game7,Clip4,../Dataset/game7/Clip4/0448.jpg,../Dataset/game7/Clip4/Label.csv,0448.jpg,1,570.0,191.0,2,test
game7,Clip4,../Dataset/game7/Clip4/0449.jpg,../Dataset/game7/Clip4/Label.csv,0449.jpg,1,562.0,187.0,0,test
game7,Clip4,../Dataset/game7/Clip4/0450.jpg,../Dataset/game7/Clip4/Label.csv,0450.jpg,1,557.0,166.0,0,test
game7,Clip4,../Dataset/game7/Clip4/0451.jpg,../Dataset/game7/Clip4/Label.csv,0451.jpg,1,551.0,147.0,0,test
game7,Clip4,../Dataset/game7/Clip4/0452.jpg,../Dataset/game7/Clip4/Label.csv,0452.jpg,1,549.0,135.0,0,test
game7,Clip4,../Dataset/game7/Clip4/0453.jpg,../Dataset/game7/Clip4/Label.csv,0453.jpg,1,543.0,123.0,0,test
game7,Clip4,../Dataset/game7/Clip4/0454.jpg,../Dataset/game7/Clip4/Label.csv,0454.jpg,1,539.0,110.0,0,test
game7,Clip4,../Dataset/game7/Clip4/0455.jpg,../Dataset/game7/Clip4/Label.csv,0455.jpg,1,534.0,101.0,0,test
game7,Clip4,../Dataset/game7/Clip4/0456.jpg,../Dataset/game7/Clip4/Label.csv,0456.jpg,1,528.0,93.0,0,test
game7,Clip4,../Dataset/game7/Clip4/0457.jpg,../Dataset/game7/Clip4/Label.csv,0457.jpg,1,526.0,83.0,0,test
game7,Clip4,../Dataset/game7/Clip4/0458.jpg,../Dataset/game7/Clip4/Label.csv,0458.jpg,1,520.0,79.0,0,test
game7,Clip4,../Dataset/game7/Clip4/0459.jpg,../Dataset/game7/Clip4/Label.csv,0459.jpg,1,515.0,74.0,0,test
game7,Clip4,../Dataset/game7/Clip4/0460.jpg,../Dataset/game7/Clip4/Label.csv,0460.jpg,1,521.0,73.0,1,test
game7,Clip4,../Dataset/game7/Clip4/0461.jpg,../Dataset/game7/Clip4/Label.csv,0461.jpg,1,533.0,77.0,0,test
game7,Clip4,../Dataset/game7/Clip4/0462.jpg,../Dataset/game7/Clip4/Label.csv,0462.jpg,1,548.0,83.0,0,test
game7,Clip4,../Dataset/game7/Clip4/0463.jpg,../Dataset/game7/Clip4/Label.csv,0463.jpg,1,560.0,93.0,0,test
game7,Clip4,../Dataset/game7/Clip4/0464.jpg,../Dataset/game7/Clip4/Label.csv,0464.jpg,1,575.0,105.0,0,test
game7,Clip4,../Dataset/game7/Clip4/0465.jpg,../Dataset/game7/Clip4/Label.csv,0465.jpg,1,587.0,114.0,0,test
game7,Clip4,../Dataset/game7/Clip4/0466.jpg,../Dataset/game7/Clip4/Label.csv,0466.jpg,1,603.0,126.0,0,test
game7,Clip4,../Dataset/game7/Clip4/0467.jpg,../Dataset/game7/Clip4/Label.csv,0467.jpg,1,620.0,143.0,0,test
game7,Clip4,../Dataset/game7/Clip4/0468.jpg,../Dataset/game7/Clip4/Label.csv,0468.jpg,1,634.0,160.0,0,test
game7,Clip4,../Dataset/game7/Clip4/0469.jpg,../Dataset/game7/Clip4/Label.csv,0469.jpg,1,651.0,175.0,0,test
game7,Clip4,../Dataset/game7/Clip4/0470.jpg,../Dataset/game7/Clip4/Label.csv,0470.jpg,1,667.0,197.0,0,test
game7,Clip4,../Dataset/game7/Clip4/0471.jpg,../Dataset/game7/Clip4/Label.csv,0471.jpg,1,685.0,221.0,0,test
game7,Clip4,../Dataset/game7/Clip4/0472.jpg,../Dataset/game7/Clip4/Label.csv,0472.jpg,1,699.0,247.0,0,test
game7,Clip4,../Dataset/game7/Clip4/0473.jpg,../Dataset/game7/Clip4/Label.csv,0473.jpg,1,715.0,271.0,0,test
game7,Clip4,../Dataset/game7/Clip4/0474.jpg,../Dataset/game7/Clip4/Label.csv,0474.jpg,1,735.0,304.0,0,test
game7,Clip4,../Dataset/game7/Clip4/0475.jpg,../Dataset/game7/Clip4/Label.csv,0475.jpg,1,754.0,334.0,0,test
game7,Clip4,../Dataset/game7/Clip4/0476.jpg,../Dataset/game7/Clip4/Label.csv,0476.jpg,1,771.0,370.0,0,test
game7,Clip4,../Dataset/game7/Clip4/0477.jpg,../Dataset/game7/Clip4/Label.csv,0477.jpg,1,791.0,404.0,0,test
game7,Clip4,../Dataset/game7/Clip4/0478.jpg,../Dataset/game7/Clip4/Label.csv,0478.jpg,1,805.0,410.0,2,test
game7,Clip4,../Dataset/game7/Clip4/0479.jpg,../Dataset/game7/Clip4/Label.csv,0479.jpg,1,815.0,409.0,0,test
game7,Clip4,../Dataset/game7/Clip4/0480.jpg,../Dataset/game7/Clip4/Label.csv,0480.jpg,1,830.0,409.0,0,test
game7,Clip4,../Dataset/game7/Clip4/0481.jpg,../Dataset/game7/Clip4/Label.csv,0481.jpg,1,842.0,409.0,0,test
game7,Clip4,../Dataset/game7/Clip4/0482.jpg,../Dataset/game7/Clip4/Label.csv,0482.jpg,1,859.0,411.0,0,test
game7,Clip4,../Dataset/game7/Clip4/0483.jpg,../Dataset/game7/Clip4/Label.csv,0483.jpg,1,875.0,416.0,0,test
game7,Clip4,../Dataset/game7/Clip4/0484.jpg,../Dataset/game7/Clip4/Label.csv,0484.jpg,2,889.0,421.0,0,test
game7,Clip4,../Dataset/game7/Clip4/0485.jpg,../Dataset/game7/Clip4/Label.csv,0485.jpg,1,903.0,431.0,0,test
game7,Clip4,../Dataset/game7/Clip4/0486.jpg,../Dataset/game7/Clip4/Label.csv,0486.jpg,1,920.0,439.0,0,test
game7,Clip4,../Dataset/game7/Clip4/0487.jpg,../Dataset/game7/Clip4/Label.csv,0487.jpg,1,934.0,453.0,0,test
game7,Clip4,../Dataset/game7/Clip4/0488.jpg,../Dataset/game7/Clip4/Label.csv,0488.jpg,1,949.0,467.0,0,test
game7,Clip4,../Dataset/game7/Clip4/0489.jpg,../Dataset/game7/Clip4/Label.csv,0489.jpg,1,964.0,481.0,0,test
game7,Clip4,../Dataset/game7/Clip4/0490.jpg,../Dataset/game7/Clip4/Label.csv,0490.jpg,1,981.0,500.0,0,test
game7,Clip4,../Dataset/game7/Clip4/0491.jpg,../Dataset/game7/Clip4/Label.csv,0491.jpg,1,998.0,523.0,0,test
game7,Clip4,../Dataset/game7/Clip4/0492.jpg,../Dataset/game7/Clip4/Label.csv,0492.jpg,2,1009.0,526.0,1,test
game7,Clip4,../Dataset/game7/Clip4/0493.jpg,../Dataset/game7/Clip4/Label.csv,0493.jpg,1,993.0,464.0,0,test
game7,Clip4,../Dataset/game7/Clip4/0494.jpg,../Dataset/game7/Clip4/Label.csv,0494.jpg,1,976.0,418.0,0,test
game7,Clip4,../Dataset/game7/Clip4/0495.jpg,../Dataset/game7/Clip4/Label.csv,0495.jpg,1,965.0,379.0,0,test
game7,Clip4,../Dataset/game7/Clip4/0496.jpg,../Dataset/game7/Clip4/Label.csv,0496.jpg,1,952.0,339.0,0,test
game7,Clip4,../Dataset/game7/Clip4/0497.jpg,../Dataset/game7/Clip4/Label.csv,0497.jpg,1,941.0,311.0,0,test
game7,Clip4,../Dataset/game7/Clip4/0498.jpg,../Dataset/game7/Clip4/Label.csv,0498.jpg,1,929.0,280.0,0,test
game7,Clip4,../Dataset/game7/Clip4/0499.jpg,../Dataset/game7/Clip4/Label.csv,0499.jpg,1,919.0,259.0,0,test
game7,Clip4,../Dataset/game7/Clip4/0500.jpg,../Dataset/game7/Clip4/Label.csv,0500.jpg,1,908.0,240.0,0,test
game7,Clip4,../Dataset/game7/Clip4/0501.jpg,../Dataset/game7/Clip4/Label.csv,0501.jpg,0,-1.0,-1.0,0,test
game7,Clip4,../Dataset/game7/Clip4/0502.jpg,../Dataset/game7/Clip4/Label.csv,0502.jpg,2,892.0,209.0,0,test
game7,Clip4,../Dataset/game7/Clip4/0503.jpg,../Dataset/game7/Clip4/Label.csv,0503.jpg,1,882.0,200.0,0,test
game7,Clip4,../Dataset/game7/Clip4/0504.jpg,../Dataset/game7/Clip4/Label.csv,0504.jpg,1,872.0,191.0,0,test
game7,Clip4,../Dataset/game7/Clip4/0505.jpg,../Dataset/game7/Clip4/Label.csv,0505.jpg,1,863.0,185.0,0,test
game7,Clip4,../Dataset/game7/Clip4/0506.jpg,../Dataset/game7/Clip4/Label.csv,0506.jpg,1,857.0,181.0,0,test
game7,Clip4,../Dataset/game7/Clip4/0507.jpg,../Dataset/game7/Clip4/Label.csv,0507.jpg,1,848.0,176.0,0,test
game7,Clip4,../Dataset/game7/Clip4/0508.jpg,../Dataset/game7/Clip4/Label.csv,0508.jpg,1,840.0,177.0,0,test
game7,Clip4,../Dataset/game7/Clip4/0509.jpg,../Dataset/game7/Clip4/Label.csv,0509.jpg,1,835.0,179.0,0,test
game7,Clip4,../Dataset/game7/Clip4/0510.jpg,../Dataset/game7/Clip4/Label.csv,0510.jpg,1,828.0,179.0,0,test
game7,Clip4,../Dataset/game7/Clip4/0511.jpg,../Dataset/game7/Clip4/Label.csv,0511.jpg,1,822.0,184.0,0,test
game7,Clip4,../Dataset/game7/Clip4/0512.jpg,../Dataset/game7/Clip4/Label.csv,0512.jpg,1,813.0,186.0,0,test
game7,Clip4,../Dataset/game7/Clip4/0513.jpg,../Dataset/game7/Clip4/Label.csv,0513.jpg,1,808.0,195.0,2,test
game7,Clip4,../Dataset/game7/Clip4/0514.jpg,../Dataset/game7/Clip4/Label.csv,0514.jpg,1,804.0,178.0,0,test
game7,Clip4,../Dataset/game7/Clip4/0515.jpg,../Dataset/game7/Clip4/Label.csv,0515.jpg,1,802.0,159.0,0,test
game7,Clip4,../Dataset/game7/Clip4/0516.jpg,../Dataset/game7/Clip4/Label.csv,0516.jpg,1,802.0,143.0,0,test
game7,Clip4,../Dataset/game7/Clip4/0517.jpg,../Dataset/game7/Clip4/Label.csv,0517.jpg,1,799.0,129.0,0,test
game7,Clip4,../Dataset/game7/Clip4/0518.jpg,../Dataset/game7/Clip4/Label.csv,0518.jpg,1,796.0,115.0,0,test
game7,Clip4,../Dataset/game7/Clip4/0519.jpg,../Dataset/game7/Clip4/Label.csv,0519.jpg,1,795.0,101.0,0,test
game7,Clip4,../Dataset/game7/Clip4/0520.jpg,../Dataset/game7/Clip4/Label.csv,0520.jpg,1,794.0,92.0,0,test
game7,Clip4,../Dataset/game7/Clip4/0521.jpg,../Dataset/game7/Clip4/Label.csv,0521.jpg,1,793.0,82.0,0,test
game7,Clip4,../Dataset/game7/Clip4/0522.jpg,../Dataset/game7/Clip4/Label.csv,0522.jpg,1,791.0,74.0,0,test
game7,Clip4,../Dataset/game7/Clip4/0523.jpg,../Dataset/game7/Clip4/Label.csv,0523.jpg,1,789.0,66.0,0,test
game7,Clip4,../Dataset/game7/Clip4/0524.jpg,../Dataset/game7/Clip4/Label.csv,0524.jpg,1,787.0,59.0,0,test
game7,Clip4,../Dataset/game7/Clip4/0525.jpg,../Dataset/game7/Clip4/Label.csv,0525.jpg,1,777.0,61.0,1,test
game7,Clip4,../Dataset/game7/Clip4/0526.jpg,../Dataset/game7/Clip4/Label.csv,0526.jpg,1,761.0,69.0,0,test
game7,Clip4,../Dataset/game7/Clip4/0527.jpg,../Dataset/game7/Clip4/Label.csv,0527.jpg,1,741.0,82.0,0,test
game7,Clip4,../Dataset/game7/Clip4/0528.jpg,../Dataset/game7/Clip4/Label.csv,0528.jpg,2,729.0,90.0,0,test
game7,Clip4,../Dataset/game7/Clip4/0529.jpg,../Dataset/game7/Clip4/Label.csv,0529.jpg,1,713.0,100.0,0,test
game7,Clip4,../Dataset/game7/Clip4/0530.jpg,../Dataset/game7/Clip4/Label.csv,0530.jpg,1,692.0,113.0,0,test
game7,Clip4,../Dataset/game7/Clip4/0531.jpg,../Dataset/game7/Clip4/Label.csv,0531.jpg,1,674.0,129.0,0,test
game7,Clip4,../Dataset/game7/Clip4/0532.jpg,../Dataset/game7/Clip4/Label.csv,0532.jpg,1,656.0,148.0,0,test
game7,Clip4,../Dataset/game7/Clip4/0533.jpg,../Dataset/game7/Clip4/Label.csv,0533.jpg,1,638.0,170.0,0,test
game7,Clip4,../Dataset/game7/Clip4/0534.jpg,../Dataset/game7/Clip4/Label.csv,0534.jpg,1,618.0,186.0,0,test
game7,Clip4,../Dataset/game7/Clip4/0535.jpg,../Dataset/game7/Clip4/Label.csv,0535.jpg,1,597.0,209.0,0,test
game7,Clip4,../Dataset/game7/Clip4/0536.jpg,../Dataset/game7/Clip4/Label.csv,0536.jpg,1,578.0,236.0,0,test
game7,Clip4,../Dataset/game7/Clip4/0537.jpg,../Dataset/game7/Clip4/Label.csv,0537.jpg,1,559.0,260.0,0,test
game7,Clip4,../Dataset/game7/Clip4/0538.jpg,../Dataset/game7/Clip4/Label.csv,0538.jpg,1,537.0,291.0,0,test
game7,Clip4,../Dataset/game7/Clip4/0539.jpg,../Dataset/game7/Clip4/Label.csv,0539.jpg,1,518.0,322.0,0,test
game7,Clip4,../Dataset/game7/Clip4/0540.jpg,../Dataset/game7/Clip4/Label.csv,0540.jpg,1,496.0,357.0,0,test
game7,Clip4,../Dataset/game7/Clip4/0541.jpg,../Dataset/game7/Clip4/Label.csv,0541.jpg,1,473.0,391.0,0,test
game7,Clip4,../Dataset/game7/Clip4/0542.jpg,../Dataset/game7/Clip4/Label.csv,0542.jpg,1,453.0,430.0,0,test
game7,Clip4,../Dataset/game7/Clip4/0543.jpg,../Dataset/game7/Clip4/Label.csv,0543.jpg,1,429.0,473.0,0,test
game7,Clip4,../Dataset/game7/Clip4/0544.jpg,../Dataset/game7/Clip4/Label.csv,0544.jpg,1,407.0,514.0,0,test
game7,Clip4,../Dataset/game7/Clip4/0545.jpg,../Dataset/game7/Clip4/Label.csv,0545.jpg,1,392.0,510.0,2,test
game7,Clip4,../Dataset/game7/Clip4/0546.jpg,../Dataset/game7/Clip4/Label.csv,0546.jpg,1,374.0,512.0,0,test
game7,Clip4,../Dataset/game7/Clip4/0547.jpg,../Dataset/game7/Clip4/Label.csv,0547.jpg,1,357.0,521.0,0,test
game7,Clip4,../Dataset/game7/Clip4/0548.jpg,../Dataset/game7/Clip4/Label.csv,0548.jpg,1,337.0,524.0,0,test
game7,Clip4,../Dataset/game7/Clip4/0549.jpg,../Dataset/game7/Clip4/Label.csv,0549.jpg,1,320.0,533.0,0,test
game7,Clip4,../Dataset/game7/Clip4/0550.jpg,../Dataset/game7/Clip4/Label.csv,0550.jpg,1,307.0,535.0,1,test
game7,Clip4,../Dataset/game7/Clip4/0551.jpg,../Dataset/game7/Clip4/Label.csv,0551.jpg,1,355.0,480.0,0,test
game7,Clip4,../Dataset/game7/Clip4/0552.jpg,../Dataset/game7/Clip4/Label.csv,0552.jpg,1,390.0,438.0,0,test
game7,Clip4,../Dataset/game7/Clip4/0553.jpg,../Dataset/game7/Clip4/Label.csv,0553.jpg,1,425.0,398.0,0,test
game7,Clip4,../Dataset/game7/Clip4/0554.jpg,../Dataset/game7/Clip4/Label.csv,0554.jpg,1,458.0,363.0,0,test
game7,Clip4,../Dataset/game7/Clip4/0555.jpg,../Dataset/game7/Clip4/Label.csv,0555.jpg,1,483.0,330.0,0,test
game7,Clip4,../Dataset/game7/Clip4/0556.jpg,../Dataset/game7/Clip4/Label.csv,0556.jpg,1,511.0,306.0,0,test
game7,Clip4,../Dataset/game7/Clip4/0557.jpg,../Dataset/game7/Clip4/Label.csv,0557.jpg,1,539.0,283.0,0,test
game7,Clip4,../Dataset/game7/Clip4/0558.jpg,../Dataset/game7/Clip4/Label.csv,0558.jpg,1,561.0,260.0,0,test
game7,Clip4,../Dataset/game7/Clip4/0559.jpg,../Dataset/game7/Clip4/Label.csv,0559.jpg,1,583.0,245.0,0,test
game7,Clip4,../Dataset/game7/Clip4/0560.jpg,../Dataset/game7/Clip4/Label.csv,0560.jpg,1,602.0,231.0,0,test
game7,Clip4,../Dataset/game7/Clip4/0561.jpg,../Dataset/game7/Clip4/Label.csv,0561.jpg,1,620.0,219.0,0,test
game7,Clip4,../Dataset/game7/Clip4/0562.jpg,../Dataset/game7/Clip4/Label.csv,0562.jpg,1,639.0,205.0,0,test
game7,Clip4,../Dataset/game7/Clip4/0563.jpg,../Dataset/game7/Clip4/Label.csv,0563.jpg,2,659.0,194.0,0,test
game7,Clip4,../Dataset/game7/Clip4/0564.jpg,../Dataset/game7/Clip4/Label.csv,0564.jpg,1,672.0,186.0,0,test
game7,Clip4,../Dataset/game7/Clip4/0565.jpg,../Dataset/game7/Clip4/Label.csv,0565.jpg,1,703.0,178.0,0,test
game7,Clip4,../Dataset/game7/Clip4/0566.jpg,../Dataset/game7/Clip4/Label.csv,0566.jpg,1,702.0,177.0,0,test
game7,Clip4,../Dataset/game7/Clip4/0567.jpg,../Dataset/game7/Clip4/Label.csv,0567.jpg,1,718.0,178.0,0,test
game7,Clip4,../Dataset/game7/Clip4/0568.jpg,../Dataset/game7/Clip4/Label.csv,0568.jpg,1,732.0,173.0,0,test
game7,Clip4,../Dataset/game7/Clip4/0569.jpg,../Dataset/game7/Clip4/Label.csv,0569.jpg,1,744.0,175.0,0,test
game7,Clip4,../Dataset/game7/Clip4/0570.jpg,../Dataset/game7/Clip4/Label.csv,0570.jpg,1,757.0,173.0,0,test
game7,Clip4,../Dataset/game7/Clip4/0571.jpg,../Dataset/game7/Clip4/Label.csv,0571.jpg,1,769.0,174.0,0,test
game7,Clip4,../Dataset/game7/Clip4/0572.jpg,../Dataset/game7/Clip4/Label.csv,0572.jpg,1,783.0,177.0,0,test
game7,Clip4,../Dataset/game7/Clip4/0573.jpg,../Dataset/game7/Clip4/Label.csv,0573.jpg,1,790.0,181.0,0,test
game7,Clip4,../Dataset/game7/Clip4/0574.jpg,../Dataset/game7/Clip4/Label.csv,0574.jpg,1,800.0,185.0,0,test
game7,Clip4,../Dataset/game7/Clip4/0575.jpg,../Dataset/game7/Clip4/Label.csv,0575.jpg,1,812.0,188.0,2,test
game7,Clip4,../Dataset/game7/Clip4/0576.jpg,../Dataset/game7/Clip4/Label.csv,0576.jpg,1,815.0,175.0,0,test
game7,Clip4,../Dataset/game7/Clip4/0577.jpg,../Dataset/game7/Clip4/Label.csv,0577.jpg,1,825.0,161.0,0,test
game7,Clip4,../Dataset/game7/Clip4/0578.jpg,../Dataset/game7/Clip4/Label.csv,0578.jpg,1,828.0,147.0,0,test
game7,Clip4,../Dataset/game7/Clip4/0579.jpg,../Dataset/game7/Clip4/Label.csv,0579.jpg,2,835.0,136.0,0,test
game7,Clip4,../Dataset/game7/Clip4/0580.jpg,../Dataset/game7/Clip4/Label.csv,0580.jpg,0,-1.0,-1.0,0,test
game7,Clip4,../Dataset/game7/Clip4/0581.jpg,../Dataset/game7/Clip4/Label.csv,0581.jpg,0,-1.0,-1.0,0,test
game7,Clip4,../Dataset/game7/Clip4/0582.jpg,../Dataset/game7/Clip4/Label.csv,0582.jpg,1,852.0,112.0,0,test
game7,Clip4,../Dataset/game7/Clip4/0583.jpg,../Dataset/game7/Clip4/Label.csv,0583.jpg,1,853.0,104.0,0,test
game7,Clip4,../Dataset/game7/Clip4/0584.jpg,../Dataset/game7/Clip4/Label.csv,0584.jpg,1,863.0,98.0,0,test
game7,Clip4,../Dataset/game7/Clip4/0585.jpg,../Dataset/game7/Clip4/Label.csv,0585.jpg,1,868.0,95.0,0,test
game7,Clip4,../Dataset/game7/Clip4/0586.jpg,../Dataset/game7/Clip4/Label.csv,0586.jpg,1,870.0,92.0,0,test
game7,Clip4,../Dataset/game7/Clip4/0587.jpg,../Dataset/game7/Clip4/Label.csv,0587.jpg,1,877.0,91.0,1,test
game7,Clip4,../Dataset/game7/Clip4/0588.jpg,../Dataset/game7/Clip4/Label.csv,0588.jpg,1,876.0,94.0,0,test
game7,Clip4,../Dataset/game7/Clip4/0589.jpg,../Dataset/game7/Clip4/Label.csv,0589.jpg,1,878.0,102.0,0,test
game7,Clip4,../Dataset/game7/Clip4/0590.jpg,../Dataset/game7/Clip4/Label.csv,0590.jpg,1,881.0,108.0,0,test
game7,Clip4,../Dataset/game7/Clip4/0591.jpg,../Dataset/game7/Clip4/Label.csv,0591.jpg,1,882.0,114.0,0,test
game7,Clip4,../Dataset/game7/Clip4/0592.jpg,../Dataset/game7/Clip4/Label.csv,0592.jpg,1,884.0,126.0,0,test
game7,Clip4,../Dataset/game7/Clip4/0593.jpg,../Dataset/game7/Clip4/Label.csv,0593.jpg,1,887.0,135.0,0,test
game7,Clip4,../Dataset/game7/Clip4/0594.jpg,../Dataset/game7/Clip4/Label.csv,0594.jpg,1,889.0,148.0,0,test
game7,Clip4,../Dataset/game7/Clip4/0595.jpg,../Dataset/game7/Clip4/Label.csv,0595.jpg,1,893.0,165.0,0,test
game7,Clip4,../Dataset/game7/Clip4/0596.jpg,../Dataset/game7/Clip4/Label.csv,0596.jpg,1,896.0,183.0,0,test
game7,Clip4,../Dataset/game7/Clip4/0597.jpg,../Dataset/game7/Clip4/Label.csv,0597.jpg,1,897.0,199.0,0,test
game7,Clip4,../Dataset/game7/Clip4/0598.jpg,../Dataset/game7/Clip4/Label.csv,0598.jpg,1,904.0,220.0,0,test
game7,Clip4,../Dataset/game7/Clip4/0599.jpg,../Dataset/game7/Clip4/Label.csv,0599.jpg,2,907.0,247.0,0,test
game7,Clip4,../Dataset/game7/Clip4/0600.jpg,../Dataset/game7/Clip4/Label.csv,0600.jpg,2,911.0,268.0,0,test
game7,Clip4,../Dataset/game7/Clip4/0601.jpg,../Dataset/game7/Clip4/Label.csv,0601.jpg,1,914.0,296.0,0,test
game7,Clip4,../Dataset/game7/Clip4/0602.jpg,../Dataset/game7/Clip4/Label.csv,0602.jpg,1,919.0,325.0,0,test
game7,Clip4,../Dataset/game7/Clip4/0603.jpg,../Dataset/game7/Clip4/Label.csv,0603.jpg,1,923.0,354.0,0,test
game7,Clip4,../Dataset/game7/Clip4/0604.jpg,../Dataset/game7/Clip4/Label.csv,0604.jpg,1,929.0,389.0,0,test
game7,Clip4,../Dataset/game7/Clip4/0605.jpg,../Dataset/game7/Clip4/Label.csv,0605.jpg,1,935.0,428.0,0,test
game7,Clip4,../Dataset/game7/Clip4/0606.jpg,../Dataset/game7/Clip4/Label.csv,0606.jpg,1,941.0,464.0,0,test
game7,Clip4,../Dataset/game7/Clip4/0607.jpg,../Dataset/game7/Clip4/Label.csv,0607.jpg,1,944.0,504.0,0,test
game7,Clip4,../Dataset/game7/Clip4/0608.jpg,../Dataset/game7/Clip4/Label.csv,0608.jpg,1,952.0,550.0,0,test
game7,Clip4,../Dataset/game7/Clip4/0609.jpg,../Dataset/game7/Clip4/Label.csv,0609.jpg,1,955.0,556.0,2,test
game7,Clip4,../Dataset/game7/Clip4/0610.jpg,../Dataset/game7/Clip4/Label.csv,0610.jpg,1,959.0,554.0,0,test
game7,Clip4,../Dataset/game7/Clip4/0611.jpg,../Dataset/game7/Clip4/Label.csv,0611.jpg,1,963.0,555.0,0,test
game7,Clip4,../Dataset/game7/Clip4/0612.jpg,../Dataset/game7/Clip4/Label.csv,0612.jpg,1,967.0,556.0,0,test
game7,Clip4,../Dataset/game7/Clip4/0613.jpg,../Dataset/game7/Clip4/Label.csv,0613.jpg,1,969.0,563.0,0,test
game7,Clip4,../Dataset/game7/Clip4/0614.jpg,../Dataset/game7/Clip4/Label.csv,0614.jpg,2,974.0,570.0,0,test
game7,Clip4,../Dataset/game7/Clip4/0615.jpg,../Dataset/game7/Clip4/Label.csv,0615.jpg,1,975.0,580.0,0,test
game7,Clip4,../Dataset/game7/Clip4/0616.jpg,../Dataset/game7/Clip4/Label.csv,0616.jpg,1,979.0,585.0,1,test
game7,Clip4,../Dataset/game7/Clip4/0617.jpg,../Dataset/game7/Clip4/Label.csv,0617.jpg,1,941.0,523.0,0,test
game7,Clip4,../Dataset/game7/Clip4/0618.jpg,../Dataset/game7/Clip4/Label.csv,0618.jpg,1,904.0,466.0,0,test
game7,Clip4,../Dataset/game7/Clip4/0619.jpg,../Dataset/game7/Clip4/Label.csv,0619.jpg,1,875.0,419.0,0,test
game7,Clip4,../Dataset/game7/Clip4/0620.jpg,../Dataset/game7/Clip4/Label.csv,0620.jpg,1,849.0,376.0,0,test
game7,Clip4,../Dataset/game7/Clip4/0621.jpg,../Dataset/game7/Clip4/Label.csv,0621.jpg,1,822.0,338.0,0,test
game7,Clip4,../Dataset/game7/Clip4/0622.jpg,../Dataset/game7/Clip4/Label.csv,0622.jpg,1,795.0,299.0,0,test
game7,Clip4,../Dataset/game7/Clip4/0623.jpg,../Dataset/game7/Clip4/Label.csv,0623.jpg,1,773.0,270.0,0,test
game7,Clip4,../Dataset/game7/Clip4/0624.jpg,../Dataset/game7/Clip4/Label.csv,0624.jpg,1,753.0,241.0,0,test
game7,Clip4,../Dataset/game7/Clip4/0625.jpg,../Dataset/game7/Clip4/Label.csv,0625.jpg,1,731.0,219.0,0,test
game7,Clip4,../Dataset/game7/Clip4/0626.jpg,../Dataset/game7/Clip4/Label.csv,0626.jpg,1,712.0,196.0,0,test
game7,Clip4,../Dataset/game7/Clip4/0627.jpg,../Dataset/game7/Clip4/Label.csv,0627.jpg,1,691.0,174.0,0,test
game7,Clip4,../Dataset/game7/Clip4/0628.jpg,../Dataset/game7/Clip4/Label.csv,0628.jpg,1,676.0,156.0,0,test
game7,Clip4,../Dataset/game7/Clip4/0629.jpg,../Dataset/game7/Clip4/Label.csv,0629.jpg,1,657.0,141.0,0,test
game7,Clip4,../Dataset/game7/Clip4/0630.jpg,../Dataset/game7/Clip4/Label.csv,0630.jpg,1,644.0,126.0,0,test
game7,Clip4,../Dataset/game7/Clip4/0631.jpg,../Dataset/game7/Clip4/Label.csv,0631.jpg,1,626.0,113.0,0,test
game7,Clip4,../Dataset/game7/Clip4/0632.jpg,../Dataset/game7/Clip4/Label.csv,0632.jpg,1,613.0,107.0,0,test
game7,Clip4,../Dataset/game7/Clip4/0633.jpg,../Dataset/game7/Clip4/Label.csv,0633.jpg,1,603.0,97.0,0,test
game7,Clip4,../Dataset/game7/Clip4/0634.jpg,../Dataset/game7/Clip4/Label.csv,0634.jpg,1,586.0,91.0,0,test
game7,Clip4,../Dataset/game7/Clip4/0635.jpg,../Dataset/game7/Clip4/Label.csv,0635.jpg,1,573.0,84.0,0,test
game7,Clip4,../Dataset/game7/Clip4/0636.jpg,../Dataset/game7/Clip4/Label.csv,0636.jpg,1,562.0,78.0,0,test
game7,Clip4,../Dataset/game7/Clip4/0637.jpg,../Dataset/game7/Clip4/Label.csv,0637.jpg,1,550.0,78.0,0,test
game7,Clip4,../Dataset/game7/Clip4/0638.jpg,../Dataset/game7/Clip4/Label.csv,0638.jpg,1,538.0,74.0,0,test
game7,Clip4,../Dataset/game7/Clip4/0639.jpg,../Dataset/game7/Clip4/Label.csv,0639.jpg,1,532.0,75.0,0,test
game7,Clip4,../Dataset/game7/Clip4/0640.jpg,../Dataset/game7/Clip4/Label.csv,0640.jpg,1,524.0,72.0,0,test
game7,Clip4,../Dataset/game7/Clip4/0641.jpg,../Dataset/game7/Clip4/Label.csv,0641.jpg,1,511.0,72.0,0,test
game7,Clip4,../Dataset/game7/Clip4/0642.jpg,../Dataset/game7/Clip4/Label.csv,0642.jpg,1,498.0,75.0,0,test
game7,Clip4,../Dataset/game7/Clip4/0643.jpg,../Dataset/game7/Clip4/Label.csv,0643.jpg,1,490.0,79.0,0,test
game7,Clip4,../Dataset/game7/Clip4/0644.jpg,../Dataset/game7/Clip4/Label.csv,0644.jpg,1,481.0,80.0,0,test
game7,Clip4,../Dataset/game7/Clip4/0645.jpg,../Dataset/game7/Clip4/Label.csv,0645.jpg,1,476.0,83.0,0,test
game7,Clip4,../Dataset/game7/Clip4/0646.jpg,../Dataset/game7/Clip4/Label.csv,0646.jpg,1,467.0,87.0,0,test
game7,Clip4,../Dataset/game7/Clip4/0647.jpg,../Dataset/game7/Clip4/Label.csv,0647.jpg,1,461.0,97.0,0,test
game7,Clip4,../Dataset/game7/Clip4/0648.jpg,../Dataset/game7/Clip4/Label.csv,0648.jpg,1,450.0,101.0,0,test
game7,Clip4,../Dataset/game7/Clip4/0649.jpg,../Dataset/game7/Clip4/Label.csv,0649.jpg,1,444.0,105.0,0,test
game7,Clip4,../Dataset/game7/Clip4/0650.jpg,../Dataset/game7/Clip4/Label.csv,0650.jpg,1,434.0,113.0,0,test
game7,Clip4,../Dataset/game7/Clip4/0651.jpg,../Dataset/game7/Clip4/Label.csv,0651.jpg,1,428.0,123.0,0,test
game7,Clip4,../Dataset/game7/Clip4/0652.jpg,../Dataset/game7/Clip4/Label.csv,0652.jpg,2,422.0,130.0,2,test
game7,Clip4,../Dataset/game7/Clip4/0653.jpg,../Dataset/game7/Clip4/Label.csv,0653.jpg,1,417.0,124.0,0,test
game7,Clip4,../Dataset/game7/Clip4/0654.jpg,../Dataset/game7/Clip4/Label.csv,0654.jpg,1,412.0,117.0,0,test
game7,Clip4,../Dataset/game7/Clip4/0655.jpg,../Dataset/game7/Clip4/Label.csv,0655.jpg,1,408.0,102.0,0,test
game7,Clip4,../Dataset/game7/Clip4/0656.jpg,../Dataset/game7/Clip4/Label.csv,0656.jpg,1,406.0,94.0,0,test
game7,Clip4,../Dataset/game7/Clip4/0657.jpg,../Dataset/game7/Clip4/Label.csv,0657.jpg,1,403.0,80.0,0,test
game7,Clip4,../Dataset/game7/Clip4/0658.jpg,../Dataset/game7/Clip4/Label.csv,0658.jpg,1,397.0,73.0,0,test
game7,Clip4,../Dataset/game7/Clip4/0659.jpg,../Dataset/game7/Clip4/Label.csv,0659.jpg,1,395.0,66.0,0,test
game7,Clip4,../Dataset/game7/Clip4/0660.jpg,../Dataset/game7/Clip4/Label.csv,0660.jpg,1,392.0,59.0,0,test
game7,Clip4,../Dataset/game7/Clip4/0661.jpg,../Dataset/game7/Clip4/Label.csv,0661.jpg,1,387.0,52.0,0,test
game7,Clip4,../Dataset/game7/Clip4/0662.jpg,../Dataset/game7/Clip4/Label.csv,0662.jpg,1,388.0,45.0,1,test
game7,Clip4,../Dataset/game7/Clip4/0663.jpg,../Dataset/game7/Clip4/Label.csv,0663.jpg,1,392.0,40.0,0,test
game7,Clip4,../Dataset/game7/Clip4/0664.jpg,../Dataset/game7/Clip4/Label.csv,0664.jpg,1,390.0,37.0,0,test
game7,Clip4,../Dataset/game7/Clip4/0665.jpg,../Dataset/game7/Clip4/Label.csv,0665.jpg,1,394.0,34.0,0,test
game7,Clip4,../Dataset/game7/Clip4/0666.jpg,../Dataset/game7/Clip4/Label.csv,0666.jpg,1,394.0,28.0,0,test
game7,Clip4,../Dataset/game7/Clip4/0667.jpg,../Dataset/game7/Clip4/Label.csv,0667.jpg,1,393.0,33.0,0,test
game7,Clip4,../Dataset/game7/Clip4/0668.jpg,../Dataset/game7/Clip4/Label.csv,0668.jpg,1,393.0,34.0,0,test
game7,Clip4,../Dataset/game7/Clip4/0669.jpg,../Dataset/game7/Clip4/Label.csv,0669.jpg,1,396.0,33.0,0,test
game7,Clip4,../Dataset/game7/Clip4/0670.jpg,../Dataset/game7/Clip4/Label.csv,0670.jpg,1,398.0,38.0,0,test
game7,Clip4,../Dataset/game7/Clip4/0671.jpg,../Dataset/game7/Clip4/Label.csv,0671.jpg,1,400.0,45.0,0,test
game7,Clip4,../Dataset/game7/Clip4/0672.jpg,../Dataset/game7/Clip4/Label.csv,0672.jpg,1,401.0,54.0,0,test
game7,Clip4,../Dataset/game7/Clip4/0673.jpg,../Dataset/game7/Clip4/Label.csv,0673.jpg,0,-1.0,-1.0,0,test
game7,Clip4,../Dataset/game7/Clip4/0674.jpg,../Dataset/game7/Clip4/Label.csv,0674.jpg,0,-1.0,-1.0,0,test
game7,Clip4,../Dataset/game7/Clip4/0675.jpg,../Dataset/game7/Clip4/Label.csv,0675.jpg,1,406.0,83.0,0,test
game7,Clip4,../Dataset/game7/Clip4/0676.jpg,../Dataset/game7/Clip4/Label.csv,0676.jpg,1,406.0,98.0,0,test
game7,Clip4,../Dataset/game7/Clip4/0677.jpg,../Dataset/game7/Clip4/Label.csv,0677.jpg,1,406.0,113.0,0,test
game7,Clip4,../Dataset/game7/Clip4/0678.jpg,../Dataset/game7/Clip4/Label.csv,0678.jpg,1,411.0,129.0,0,test
game7,Clip4,../Dataset/game7/Clip4/0679.jpg,../Dataset/game7/Clip4/Label.csv,0679.jpg,1,411.0,150.0,0,test
game7,Clip4,../Dataset/game7/Clip4/0680.jpg,../Dataset/game7/Clip4/Label.csv,0680.jpg,1,412.0,174.0,0,test
game7,Clip4,../Dataset/game7/Clip4/0681.jpg,../Dataset/game7/Clip4/Label.csv,0681.jpg,1,415.0,191.0,0,test
game7,Clip4,../Dataset/game7/Clip4/0682.jpg,../Dataset/game7/Clip4/Label.csv,0682.jpg,1,411.0,217.0,0,test
game7,Clip4,../Dataset/game7/Clip4/0683.jpg,../Dataset/game7/Clip4/Label.csv,0683.jpg,1,418.0,243.0,0,test
game7,Clip4,../Dataset/game7/Clip4/0684.jpg,../Dataset/game7/Clip4/Label.csv,0684.jpg,1,419.0,272.0,0,test
game7,Clip4,../Dataset/game7/Clip4/0685.jpg,../Dataset/game7/Clip4/Label.csv,0685.jpg,1,421.0,301.0,0,test
game7,Clip4,../Dataset/game7/Clip4/0686.jpg,../Dataset/game7/Clip4/Label.csv,0686.jpg,1,421.0,330.0,0,test
game7,Clip4,../Dataset/game7/Clip4/0687.jpg,../Dataset/game7/Clip4/Label.csv,0687.jpg,1,424.0,367.0,0,test
game7,Clip4,../Dataset/game7/Clip4/0688.jpg,../Dataset/game7/Clip4/Label.csv,0688.jpg,1,424.0,400.0,0,test
game7,Clip4,../Dataset/game7/Clip4/0689.jpg,../Dataset/game7/Clip4/Label.csv,0689.jpg,1,424.0,440.0,0,test
game7,Clip4,../Dataset/game7/Clip4/0690.jpg,../Dataset/game7/Clip4/Label.csv,0690.jpg,1,428.0,472.0,0,test
game7,Clip4,../Dataset/game7/Clip4/0691.jpg,../Dataset/game7/Clip4/Label.csv,0691.jpg,1,428.0,464.0,2,test
game7,Clip4,../Dataset/game7/Clip4/0692.jpg,../Dataset/game7/Clip4/Label.csv,0692.jpg,1,430.0,454.0,0,test
game7,Clip4,../Dataset/game7/Clip4/0693.jpg,../Dataset/game7/Clip4/Label.csv,0693.jpg,1,433.0,446.0,0,test
game7,Clip4,../Dataset/game7/Clip4/0694.jpg,../Dataset/game7/Clip4/Label.csv,0694.jpg,1,435.0,437.0,0,test
game7,Clip4,../Dataset/game7/Clip4/0695.jpg,../Dataset/game7/Clip4/Label.csv,0695.jpg,1,435.0,437.0,0,test
game7,Clip4,../Dataset/game7/Clip4/0696.jpg,../Dataset/game7/Clip4/Label.csv,0696.jpg,1,438.0,432.0,0,test
game7,Clip4,../Dataset/game7/Clip4/0697.jpg,../Dataset/game7/Clip4/Label.csv,0697.jpg,1,440.0,430.0,0,test
game7,Clip4,../Dataset/game7/Clip4/0698.jpg,../Dataset/game7/Clip4/Label.csv,0698.jpg,1,440.0,432.0,0,test
game7,Clip4,../Dataset/game7/Clip4/0699.jpg,../Dataset/game7/Clip4/Label.csv,0699.jpg,1,474.0,383.0,1,test
game7,Clip4,../Dataset/game7/Clip4/0700.jpg,../Dataset/game7/Clip4/Label.csv,0700.jpg,1,503.0,348.0,0,test
game7,Clip4,../Dataset/game7/Clip4/0701.jpg,../Dataset/game7/Clip4/Label.csv,0701.jpg,1,531.0,313.0,0,test
game7,Clip4,../Dataset/game7/Clip4/0702.jpg,../Dataset/game7/Clip4/Label.csv,0702.jpg,1,556.0,289.0,0,test
game7,Clip4,../Dataset/game7/Clip4/0703.jpg,../Dataset/game7/Clip4/Label.csv,0703.jpg,1,572.0,267.0,0,test
game7,Clip4,../Dataset/game7/Clip4/0704.jpg,../Dataset/game7/Clip4/Label.csv,0704.jpg,1,594.0,245.0,0,test
game7,Clip4,../Dataset/game7/Clip4/0705.jpg,../Dataset/game7/Clip4/Label.csv,0705.jpg,2,612.0,230.0,0,test
game7,Clip4,../Dataset/game7/Clip4/0706.jpg,../Dataset/game7/Clip4/Label.csv,0706.jpg,1,626.0,213.0,0,test
game7,Clip4,../Dataset/game7/Clip4/0707.jpg,../Dataset/game7/Clip4/Label.csv,0707.jpg,1,643.0,207.0,0,test
game7,Clip4,../Dataset/game7/Clip4/0708.jpg,../Dataset/game7/Clip4/Label.csv,0708.jpg,2,660.0,191.0,0,test
game7,Clip4,../Dataset/game7/Clip4/0709.jpg,../Dataset/game7/Clip4/Label.csv,0709.jpg,1,672.0,186.0,0,test
game7,Clip4,../Dataset/game7/Clip4/0710.jpg,../Dataset/game7/Clip4/Label.csv,0710.jpg,1,680.0,183.0,0,test
game7,Clip4,../Dataset/game7/Clip4/0711.jpg,../Dataset/game7/Clip4/Label.csv,0711.jpg,1,696.0,176.0,0,test
game7,Clip4,../Dataset/game7/Clip4/0712.jpg,../Dataset/game7/Clip4/Label.csv,0712.jpg,1,702.0,175.0,0,test
game7,Clip4,../Dataset/game7/Clip4/0713.jpg,../Dataset/game7/Clip4/Label.csv,0713.jpg,1,718.0,171.0,0,test
game7,Clip4,../Dataset/game7/Clip4/0714.jpg,../Dataset/game7/Clip4/Label.csv,0714.jpg,1,729.0,171.0,0,test
game7,Clip4,../Dataset/game7/Clip4/0715.jpg,../Dataset/game7/Clip4/Label.csv,0715.jpg,1,742.0,174.0,0,test
game7,Clip4,../Dataset/game7/Clip4/0716.jpg,../Dataset/game7/Clip4/Label.csv,0716.jpg,1,745.0,175.0,2,test
game7,Clip4,../Dataset/game7/Clip4/0717.jpg,../Dataset/game7/Clip4/Label.csv,0717.jpg,1,754.0,172.0,0,test
game7,Clip4,../Dataset/game7/Clip4/0718.jpg,../Dataset/game7/Clip4/Label.csv,0718.jpg,1,758.0,158.0,0,test
game7,Clip4,../Dataset/game7/Clip4/0719.jpg,../Dataset/game7/Clip4/Label.csv,0719.jpg,1,765.0,136.0,0,test
game7,Clip4,../Dataset/game7/Clip4/0720.jpg,../Dataset/game7/Clip4/Label.csv,0720.jpg,1,766.0,125.0,0,test
game7,Clip4,../Dataset/game7/Clip4/0721.jpg,../Dataset/game7/Clip4/Label.csv,0721.jpg,1,770.0,116.0,0,test
game7,Clip4,../Dataset/game7/Clip4/0722.jpg,../Dataset/game7/Clip4/Label.csv,0722.jpg,1,776.0,105.0,0,test
game7,Clip4,../Dataset/game7/Clip4/0723.jpg,../Dataset/game7/Clip4/Label.csv,0723.jpg,1,782.0,94.0,0,test
game7,Clip4,../Dataset/game7/Clip4/0724.jpg,../Dataset/game7/Clip4/Label.csv,0724.jpg,1,788.0,87.0,0,test
game7,Clip4,../Dataset/game7/Clip4/0725.jpg,../Dataset/game7/Clip4/Label.csv,0725.jpg,1,792.0,75.0,0,test
game7,Clip4,../Dataset/game7/Clip4/0726.jpg,../Dataset/game7/Clip4/Label.csv,0726.jpg,1,796.0,73.0,0,test
game7,Clip4,../Dataset/game7/Clip4/0727.jpg,../Dataset/game7/Clip4/Label.csv,0727.jpg,1,802.0,69.0,0,test
game7,Clip4,../Dataset/game7/Clip4/0728.jpg,../Dataset/game7/Clip4/Label.csv,0728.jpg,1,805.0,65.0,1,test
game7,Clip4,../Dataset/game7/Clip4/0729.jpg,../Dataset/game7/Clip4/Label.csv,0729.jpg,1,801.0,68.0,0,test
game7,Clip4,../Dataset/game7/Clip4/0730.jpg,../Dataset/game7/Clip4/Label.csv,0730.jpg,1,803.0,72.0,0,test
game7,Clip4,../Dataset/game7/Clip4/0731.jpg,../Dataset/game7/Clip4/Label.csv,0731.jpg,1,804.0,81.0,0,test
game7,Clip4,../Dataset/game7/Clip4/0732.jpg,../Dataset/game7/Clip4/Label.csv,0732.jpg,1,806.0,89.0,0,test
game7,Clip4,../Dataset/game7/Clip4/0733.jpg,../Dataset/game7/Clip4/Label.csv,0733.jpg,2,807.0,93.0,0,test
game7,Clip4,../Dataset/game7/Clip4/0734.jpg,../Dataset/game7/Clip4/Label.csv,0734.jpg,2,810.0,103.0,0,test
game7,Clip4,../Dataset/game7/Clip4/0735.jpg,../Dataset/game7/Clip4/Label.csv,0735.jpg,1,810.0,117.0,0,test
game7,Clip4,../Dataset/game7/Clip4/0736.jpg,../Dataset/game7/Clip4/Label.csv,0736.jpg,1,811.0,132.0,0,test
game7,Clip4,../Dataset/game7/Clip4/0737.jpg,../Dataset/game7/Clip4/Label.csv,0737.jpg,1,812.0,144.0,0,test
game7,Clip4,../Dataset/game7/Clip4/0738.jpg,../Dataset/game7/Clip4/Label.csv,0738.jpg,1,815.0,164.0,0,test
game7,Clip4,../Dataset/game7/Clip4/0739.jpg,../Dataset/game7/Clip4/Label.csv,0739.jpg,1,816.0,183.0,0,test
game7,Clip4,../Dataset/game7/Clip4/0740.jpg,../Dataset/game7/Clip4/Label.csv,0740.jpg,1,816.0,202.0,0,test
game7,Clip4,../Dataset/game7/Clip4/0741.jpg,../Dataset/game7/Clip4/Label.csv,0741.jpg,2,817.0,230.0,0,test
game7,Clip4,../Dataset/game7/Clip4/0742.jpg,../Dataset/game7/Clip4/Label.csv,0742.jpg,1,818.0,257.0,0,test
game7,Clip4,../Dataset/game7/Clip4/0743.jpg,../Dataset/game7/Clip4/Label.csv,0743.jpg,1,819.0,288.0,0,test
game7,Clip4,../Dataset/game7/Clip4/0744.jpg,../Dataset/game7/Clip4/Label.csv,0744.jpg,1,822.0,316.0,0,test
game7,Clip4,../Dataset/game7/Clip4/0745.jpg,../Dataset/game7/Clip4/Label.csv,0745.jpg,1,823.0,351.0,0,test
game7,Clip4,../Dataset/game7/Clip4/0746.jpg,../Dataset/game7/Clip4/Label.csv,0746.jpg,1,826.0,388.0,0,test
game7,Clip4,../Dataset/game7/Clip4/0747.jpg,../Dataset/game7/Clip4/Label.csv,0747.jpg,1,826.0,416.0,0,test
game7,Clip4,../Dataset/game7/Clip4/0748.jpg,../Dataset/game7/Clip4/Label.csv,0748.jpg,1,829.0,465.0,0,test
game7,Clip4,../Dataset/game7/Clip4/0749.jpg,../Dataset/game7/Clip4/Label.csv,0749.jpg,1,833.0,504.0,0,test
game7,Clip4,../Dataset/game7/Clip4/0750.jpg,../Dataset/game7/Clip4/Label.csv,0750.jpg,1,834.0,541.0,2,test
game7,Clip4,../Dataset/game7/Clip4/0751.jpg,../Dataset/game7/Clip4/Label.csv,0751.jpg,1,833.0,539.0,0,test
game7,Clip4,../Dataset/game7/Clip4/0752.jpg,../Dataset/game7/Clip4/Label.csv,0752.jpg,1,836.0,539.0,0,test
game7,Clip4,../Dataset/game7/Clip4/0753.jpg,../Dataset/game7/Clip4/Label.csv,0753.jpg,1,834.0,542.0,0,test
game7,Clip4,../Dataset/game7/Clip4/0754.jpg,../Dataset/game7/Clip4/Label.csv,0754.jpg,1,833.0,497.0,1,test
game7,Clip4,../Dataset/game7/Clip4/0755.jpg,../Dataset/game7/Clip4/Label.csv,0755.jpg,1,826.0,440.0,0,test
game7,Clip4,../Dataset/game7/Clip4/0756.jpg,../Dataset/game7/Clip4/Label.csv,0756.jpg,1,825.0,396.0,0,test
game7,Clip4,../Dataset/game7/Clip4/0757.jpg,../Dataset/game7/Clip4/Label.csv,0757.jpg,1,819.0,342.0,0,test
game7,Clip4,../Dataset/game7/Clip4/0758.jpg,../Dataset/game7/Clip4/Label.csv,0758.jpg,1,814.0,304.0,0,test
game7,Clip4,../Dataset/game7/Clip4/0759.jpg,../Dataset/game7/Clip4/Label.csv,0759.jpg,1,808.0,269.0,0,test
game7,Clip4,../Dataset/game7/Clip4/0760.jpg,../Dataset/game7/Clip4/Label.csv,0760.jpg,1,804.0,230.0,0,test
game7,Clip4,../Dataset/game7/Clip4/0761.jpg,../Dataset/game7/Clip4/Label.csv,0761.jpg,1,798.0,197.0,0,test
game7,Clip4,../Dataset/game7/Clip4/0762.jpg,../Dataset/game7/Clip4/Label.csv,0762.jpg,1,793.0,172.0,0,test
game7,Clip4,../Dataset/game7/Clip4/0763.jpg,../Dataset/game7/Clip4/Label.csv,0763.jpg,1,791.0,136.0,0,test
game7,Clip4,../Dataset/game7/Clip4/0764.jpg,../Dataset/game7/Clip4/Label.csv,0764.jpg,1,784.0,114.0,0,test
game7,Clip4,../Dataset/game7/Clip4/0765.jpg,../Dataset/game7/Clip4/Label.csv,0765.jpg,1,777.0,92.0,0,test
game7,Clip4,../Dataset/game7/Clip4/0766.jpg,../Dataset/game7/Clip4/Label.csv,0766.jpg,1,771.0,71.0,0,test
game7,Clip4,../Dataset/game7/Clip4/0767.jpg,../Dataset/game7/Clip4/Label.csv,0767.jpg,1,765.0,54.0,0,test
game7,Clip4,../Dataset/game7/Clip4/0768.jpg,../Dataset/game7/Clip4/Label.csv,0768.jpg,1,760.0,39.0,0,test
game7,Clip4,../Dataset/game7/Clip4/0769.jpg,../Dataset/game7/Clip4/Label.csv,0769.jpg,1,755.0,23.0,0,test
game7,Clip4,../Dataset/game7/Clip4/0770.jpg,../Dataset/game7/Clip4/Label.csv,0770.jpg,1,750.0,11.0,0,test
game7,Clip4,../Dataset/game7/Clip4/0771.jpg,../Dataset/game7/Clip4/Label.csv,0771.jpg,2,745.0,3.0,0,test
game7,Clip4,../Dataset/game7/Clip4/0772.jpg,../Dataset/game7/Clip4/Label.csv,0772.jpg,0,-1.0,-1.0,0,test
game7,Clip4,../Dataset/game7/Clip4/0773.jpg,../Dataset/game7/Clip4/Label.csv,0773.jpg,0,-1.0,-1.0,0,test
game7,Clip4,../Dataset/game7/Clip4/0774.jpg,../Dataset/game7/Clip4/Label.csv,0774.jpg,0,-1.0,-1.0,0,test
game7,Clip4,../Dataset/game7/Clip4/0775.jpg,../Dataset/game7/Clip4/Label.csv,0775.jpg,0,-1.0,-1.0,0,test
game7,Clip4,../Dataset/game7/Clip4/0776.jpg,../Dataset/game7/Clip4/Label.csv,0776.jpg,0,-1.0,-1.0,0,test
game7,Clip4,../Dataset/game7/Clip4/0777.jpg,../Dataset/game7/Clip4/Label.csv,0777.jpg,0,-1.0,-1.0,0,test
game7,Clip4,../Dataset/game7/Clip4/0778.jpg,../Dataset/game7/Clip4/Label.csv,0778.jpg,0,-1.0,-1.0,0,test
game7,Clip4,../Dataset/game7/Clip4/0779.jpg,../Dataset/game7/Clip4/Label.csv,0779.jpg,0,-1.0,-1.0,0,test
game7,Clip4,../Dataset/game7/Clip4/0780.jpg,../Dataset/game7/Clip4/Label.csv,0780.jpg,0,-1.0,-1.0,0,test
game7,Clip4,../Dataset/game7/Clip4/0781.jpg,../Dataset/game7/Clip4/Label.csv,0781.jpg,0,-1.0,-1.0,0,test
game7,Clip4,../Dataset/game7/Clip4/0782.jpg,../Dataset/game7/Clip4/Label.csv,0782.jpg,0,-1.0,-1.0,0,test
game7,Clip4,../Dataset/game7/Clip4/0783.jpg,../Dataset/game7/Clip4/Label.csv,0783.jpg,0,-1.0,-1.0,0,test
game7,Clip4,../Dataset/game7/Clip4/0784.jpg,../Dataset/game7/Clip4/Label.csv,0784.jpg,0,-1.0,-1.0,0,test
game7,Clip4,../Dataset/game7/Clip4/0785.jpg,../Dataset/game7/Clip4/Label.csv,0785.jpg,1,667.0,3.0,0,test
game7,Clip4,../Dataset/game7/Clip4/0786.jpg,../Dataset/game7/Clip4/Label.csv,0786.jpg,1,661.0,16.0,0,test
game7,Clip4,../Dataset/game7/Clip4/0787.jpg,../Dataset/game7/Clip4/Label.csv,0787.jpg,1,657.0,26.0,0,test
game7,Clip4,../Dataset/game7/Clip4/0788.jpg,../Dataset/game7/Clip4/Label.csv,0788.jpg,1,651.0,39.0,0,test
game7,Clip4,../Dataset/game7/Clip4/0789.jpg,../Dataset/game7/Clip4/Label.csv,0789.jpg,1,650.0,47.0,0,test
game7,Clip4,../Dataset/game7/Clip4/0790.jpg,../Dataset/game7/Clip4/Label.csv,0790.jpg,1,644.0,61.0,0,test
game7,Clip4,../Dataset/game7/Clip4/0791.jpg,../Dataset/game7/Clip4/Label.csv,0791.jpg,1,636.0,73.0,0,test
game7,Clip4,../Dataset/game7/Clip4/0792.jpg,../Dataset/game7/Clip4/Label.csv,0792.jpg,1,631.0,89.0,0,test
game7,Clip4,../Dataset/game7/Clip4/0793.jpg,../Dataset/game7/Clip4/Label.csv,0793.jpg,1,629.0,98.0,0,test
game7,Clip4,../Dataset/game7/Clip4/0794.jpg,../Dataset/game7/Clip4/Label.csv,0794.jpg,1,624.0,120.0,0,test
game7,Clip4,../Dataset/game7/Clip4/0795.jpg,../Dataset/game7/Clip4/Label.csv,0795.jpg,1,618.0,131.0,0,test
game7,Clip4,../Dataset/game7/Clip4/0796.jpg,../Dataset/game7/Clip4/Label.csv,0796.jpg,1,615.0,150.0,0,test
game7,Clip4,../Dataset/game7/Clip4/0797.jpg,../Dataset/game7/Clip4/Label.csv,0797.jpg,1,609.0,171.0,0,test
game7,Clip4,../Dataset/game7/Clip4/0798.jpg,../Dataset/game7/Clip4/Label.csv,0798.jpg,1,604.0,184.0,0,test
game7,Clip4,../Dataset/game7/Clip4/0799.jpg,../Dataset/game7/Clip4/Label.csv,0799.jpg,1,604.0,189.0,2,test
game7,Clip4,../Dataset/game7/Clip4/0800.jpg,../Dataset/game7/Clip4/Label.csv,0800.jpg,1,599.0,168.0,0,test
game7,Clip4,../Dataset/game7/Clip4/0801.jpg,../Dataset/game7/Clip4/Label.csv,0801.jpg,1,599.0,149.0,0,test
game7,Clip4,../Dataset/game7/Clip4/0802.jpg,../Dataset/game7/Clip4/Label.csv,0802.jpg,1,596.0,135.0,0,test
game7,Clip4,../Dataset/game7/Clip4/0803.jpg,../Dataset/game7/Clip4/Label.csv,0803.jpg,1,595.0,118.0,0,test
game7,Clip4,../Dataset/game7/Clip4/0804.jpg,../Dataset/game7/Clip4/Label.csv,0804.jpg,1,595.0,106.0,0,test
game7,Clip4,../Dataset/game7/Clip4/0805.jpg,../Dataset/game7/Clip4/Label.csv,0805.jpg,1,593.0,92.0,0,test
game7,Clip4,../Dataset/game7/Clip4/0806.jpg,../Dataset/game7/Clip4/Label.csv,0806.jpg,1,591.0,81.0,0,test
game7,Clip4,../Dataset/game7/Clip4/0807.jpg,../Dataset/game7/Clip4/Label.csv,0807.jpg,1,590.0,67.0,0,test
game7,Clip4,../Dataset/game7/Clip4/0808.jpg,../Dataset/game7/Clip4/Label.csv,0808.jpg,1,587.0,59.0,0,test
game7,Clip4,../Dataset/game7/Clip4/0809.jpg,../Dataset/game7/Clip4/Label.csv,0809.jpg,1,587.0,50.0,0,test
game7,Clip4,../Dataset/game7/Clip4/0810.jpg,../Dataset/game7/Clip4/Label.csv,0810.jpg,1,584.0,44.0,0,test
game7,Clip4,../Dataset/game7/Clip4/0811.jpg,../Dataset/game7/Clip4/Label.csv,0811.jpg,1,580.0,38.0,1,test
game7,Clip4,../Dataset/game7/Clip4/0812.jpg,../Dataset/game7/Clip4/Label.csv,0812.jpg,1,582.0,52.0,0,test
game7,Clip4,../Dataset/game7/Clip4/0813.jpg,../Dataset/game7/Clip4/Label.csv,0813.jpg,1,570.0,72.0,0,test
game7,Clip4,../Dataset/game7/Clip4/0814.jpg,../Dataset/game7/Clip4/Label.csv,0814.jpg,1,566.0,93.0,0,test
game7,Clip4,../Dataset/game7/Clip4/0815.jpg,../Dataset/game7/Clip4/Label.csv,0815.jpg,1,559.0,120.0,0,test
game7,Clip4,../Dataset/game7/Clip4/0816.jpg,../Dataset/game7/Clip4/Label.csv,0816.jpg,1,549.0,141.0,0,test
game7,Clip4,../Dataset/game7/Clip4/0817.jpg,../Dataset/game7/Clip4/Label.csv,0817.jpg,1,541.0,172.0,0,test
game7,Clip4,../Dataset/game7/Clip4/0818.jpg,../Dataset/game7/Clip4/Label.csv,0818.jpg,1,531.0,199.0,0,test
game7,Clip4,../Dataset/game7/Clip4/0819.jpg,../Dataset/game7/Clip4/Label.csv,0819.jpg,1,522.0,228.0,0,test
game7,Clip4,../Dataset/game7/Clip4/0820.jpg,../Dataset/game7/Clip4/Label.csv,0820.jpg,1,511.0,266.0,0,test
game7,Clip4,../Dataset/game7/Clip4/0821.jpg,../Dataset/game7/Clip4/Label.csv,0821.jpg,1,501.0,298.0,0,test
game7,Clip4,../Dataset/game7/Clip4/0822.jpg,../Dataset/game7/Clip4/Label.csv,0822.jpg,1,488.0,339.0,0,test
game7,Clip4,../Dataset/game7/Clip4/0823.jpg,../Dataset/game7/Clip4/Label.csv,0823.jpg,1,476.0,377.0,0,test
game7,Clip4,../Dataset/game7/Clip4/0824.jpg,../Dataset/game7/Clip4/Label.csv,0824.jpg,1,461.0,418.0,0,test
game7,Clip4,../Dataset/game7/Clip4/0825.jpg,../Dataset/game7/Clip4/Label.csv,0825.jpg,1,444.0,466.0,0,test
game7,Clip4,../Dataset/game7/Clip4/0826.jpg,../Dataset/game7/Clip4/Label.csv,0826.jpg,1,433.0,479.0,2,test
game7,Clip4,../Dataset/game7/Clip4/0827.jpg,../Dataset/game7/Clip4/Label.csv,0827.jpg,1,427.0,484.0,0,test
game7,Clip4,../Dataset/game7/Clip4/0828.jpg,../Dataset/game7/Clip4/Label.csv,0828.jpg,1,415.0,486.0,0,test
game7,Clip4,../Dataset/game7/Clip4/0829.jpg,../Dataset/game7/Clip4/Label.csv,0829.jpg,1,401.0,489.0,0,test
game7,Clip4,../Dataset/game7/Clip4/0830.jpg,../Dataset/game7/Clip4/Label.csv,0830.jpg,1,389.0,500.0,0,test
game7,Clip4,../Dataset/game7/Clip4/0831.jpg,../Dataset/game7/Clip4/Label.csv,0831.jpg,1,371.0,513.0,0,test
game7,Clip4,../Dataset/game7/Clip4/0832.jpg,../Dataset/game7/Clip4/Label.csv,0832.jpg,1,362.0,526.0,0,test
game7,Clip4,../Dataset/game7/Clip4/0833.jpg,../Dataset/game7/Clip4/Label.csv,0833.jpg,1,349.0,539.0,0,test
game7,Clip4,../Dataset/game7/Clip4/0834.jpg,../Dataset/game7/Clip4/Label.csv,0834.jpg,1,330.0,560.0,0,test
game7,Clip4,../Dataset/game7/Clip4/0835.jpg,../Dataset/game7/Clip4/Label.csv,0835.jpg,1,317.0,577.0,0,test
game7,Clip4,../Dataset/game7/Clip4/0836.jpg,../Dataset/game7/Clip4/Label.csv,0836.jpg,1,304.0,598.0,1,test
game7,Clip4,../Dataset/game7/Clip4/0837.jpg,../Dataset/game7/Clip4/Label.csv,0837.jpg,1,354.0,534.0,0,test
game7,Clip4,../Dataset/game7/Clip4/0838.jpg,../Dataset/game7/Clip4/Label.csv,0838.jpg,1,398.0,481.0,0,test
game7,Clip4,../Dataset/game7/Clip4/0839.jpg,../Dataset/game7/Clip4/Label.csv,0839.jpg,1,434.0,434.0,0,test
game7,Clip4,../Dataset/game7/Clip4/0840.jpg,../Dataset/game7/Clip4/Label.csv,0840.jpg,1,476.0,395.0,0,test
game7,Clip4,../Dataset/game7/Clip4/0841.jpg,../Dataset/game7/Clip4/Label.csv,0841.jpg,1,504.0,361.0,0,test
game7,Clip4,../Dataset/game7/Clip4/0842.jpg,../Dataset/game7/Clip4/Label.csv,0842.jpg,1,537.0,329.0,0,test
game7,Clip4,../Dataset/game7/Clip4/0843.jpg,../Dataset/game7/Clip4/Label.csv,0843.jpg,1,563.0,301.0,0,test
game7,Clip4,../Dataset/game7/Clip4/0844.jpg,../Dataset/game7/Clip4/Label.csv,0844.jpg,1,589.0,278.0,0,test
game7,Clip4,../Dataset/game7/Clip4/0845.jpg,../Dataset/game7/Clip4/Label.csv,0845.jpg,1,616.0,257.0,0,test
game7,Clip4,../Dataset/game7/Clip4/0846.jpg,../Dataset/game7/Clip4/Label.csv,0846.jpg,1,637.0,237.0,0,test
game7,Clip4,../Dataset/game7/Clip4/0847.jpg,../Dataset/game7/Clip4/Label.csv,0847.jpg,0,-1.0,-1.0,0,test
game7,Clip4,../Dataset/game7/Clip4/0848.jpg,../Dataset/game7/Clip4/Label.csv,0848.jpg,1,682.0,209.0,0,test
game7,Clip4,../Dataset/game7/Clip4/0849.jpg,../Dataset/game7/Clip4/Label.csv,0849.jpg,1,699.0,200.0,0,test
game7,Clip4,../Dataset/game7/Clip4/0850.jpg,../Dataset/game7/Clip4/Label.csv,0850.jpg,1,719.0,191.0,0,test
game7,Clip4,../Dataset/game7/Clip4/0851.jpg,../Dataset/game7/Clip4/Label.csv,0851.jpg,1,740.0,183.0,0,test
game7,Clip4,../Dataset/game7/Clip4/0852.jpg,../Dataset/game7/Clip4/Label.csv,0852.jpg,1,750.0,177.0,0,test
game7,Clip4,../Dataset/game7/Clip4/0853.jpg,../Dataset/game7/Clip4/Label.csv,0853.jpg,1,767.0,174.0,0,test
game7,Clip4,../Dataset/game7/Clip4/0854.jpg,../Dataset/game7/Clip4/Label.csv,0854.jpg,1,781.0,171.0,0,test
game7,Clip4,../Dataset/game7/Clip4/0855.jpg,../Dataset/game7/Clip4/Label.csv,0855.jpg,1,799.0,170.0,0,test
game7,Clip4,../Dataset/game7/Clip4/0856.jpg,../Dataset/game7/Clip4/Label.csv,0856.jpg,1,810.0,168.0,0,test
game7,Clip4,../Dataset/game7/Clip4/0857.jpg,../Dataset/game7/Clip4/Label.csv,0857.jpg,1,822.0,172.0,0,test
game7,Clip4,../Dataset/game7/Clip4/0858.jpg,../Dataset/game7/Clip4/Label.csv,0858.jpg,1,833.0,174.0,0,test
game7,Clip4,../Dataset/game7/Clip4/0859.jpg,../Dataset/game7/Clip4/Label.csv,0859.jpg,1,845.0,177.0,0,test
game7,Clip4,../Dataset/game7/Clip4/0860.jpg,../Dataset/game7/Clip4/Label.csv,0860.jpg,1,857.0,182.0,1,test
game7,Clip4,../Dataset/game7/Clip4/0861.jpg,../Dataset/game7/Clip4/Label.csv,0861.jpg,1,865.0,187.0,0,test
game7,Clip4,../Dataset/game7/Clip4/0862.jpg,../Dataset/game7/Clip4/Label.csv,0862.jpg,1,869.0,189.0,0,test
game7,Clip4,../Dataset/game7/Clip4/0863.jpg,../Dataset/game7/Clip4/Label.csv,0863.jpg,1,875.0,195.0,0,test
game7,Clip4,../Dataset/game7/Clip4/0864.jpg,../Dataset/game7/Clip4/Label.csv,0864.jpg,1,880.0,200.0,0,test
game7,Clip4,../Dataset/game7/Clip4/0865.jpg,../Dataset/game7/Clip4/Label.csv,0865.jpg,1,888.0,219.0,0,test
game7,Clip4,../Dataset/game7/Clip4/0866.jpg,../Dataset/game7/Clip4/Label.csv,0866.jpg,1,888.0,218.0,0,test
game7,Clip4,../Dataset/game7/Clip4/0867.jpg,../Dataset/game7/Clip4/Label.csv,0867.jpg,2,889.0,228.0,0,test
game7,Clip4,../Dataset/game7/Clip4/0868.jpg,../Dataset/game7/Clip4/Label.csv,0868.jpg,1,888.0,240.0,0,test
game7,Clip4,../Dataset/game7/Clip4/0869.jpg,../Dataset/game7/Clip4/Label.csv,0869.jpg,1,891.0,249.0,0,test
game7,Clip4,../Dataset/game7/Clip4/0870.jpg,../Dataset/game7/Clip4/Label.csv,0870.jpg,1,889.0,267.0,0,test
game7,Clip4,../Dataset/game7/Clip4/0871.jpg,../Dataset/game7/Clip4/Label.csv,0871.jpg,1,887.0,280.0,0,test
game7,Clip4,../Dataset/game7/Clip4/0872.jpg,../Dataset/game7/Clip4/Label.csv,0872.jpg,0,-1.0,-1.0,0,test
game7,Clip4,../Dataset/game7/Clip4/0873.jpg,../Dataset/game7/Clip4/Label.csv,0873.jpg,1,887.0,280.0,0,test
game7,Clip4,../Dataset/game7/Clip4/0874.jpg,../Dataset/game7/Clip4/Label.csv,0874.jpg,1,885.0,271.0,0,test
game7,Clip4,../Dataset/game7/Clip4/0875.jpg,../Dataset/game7/Clip4/Label.csv,0875.jpg,1,889.0,264.0,0,test
game7,Clip4,../Dataset/game7/Clip4/0876.jpg,../Dataset/game7/Clip4/Label.csv,0876.jpg,1,888.0,261.0,0,test
game7,Clip4,../Dataset/game7/Clip4/0877.jpg,../Dataset/game7/Clip4/Label.csv,0877.jpg,1,889.0,255.0,0,test
game7,Clip4,../Dataset/game7/Clip4/0878.jpg,../Dataset/game7/Clip4/Label.csv,0878.jpg,1,887.0,255.0,0,test
game7,Clip4,../Dataset/game7/Clip4/0879.jpg,../Dataset/game7/Clip4/Label.csv,0879.jpg,1,886.0,251.0,0,test
game7,Clip4,../Dataset/game7/Clip4/0880.jpg,../Dataset/game7/Clip4/Label.csv,0880.jpg,1,881.0,243.0,0,test
game7,Clip4,../Dataset/game7/Clip4/0881.jpg,../Dataset/game7/Clip4/Label.csv,0881.jpg,1,880.0,237.0,0,test
game7,Clip4,../Dataset/game7/Clip4/0882.jpg,../Dataset/game7/Clip4/Label.csv,0882.jpg,1,875.0,230.0,0,test
game7,Clip4,../Dataset/game7/Clip4/0883.jpg,../Dataset/game7/Clip4/Label.csv,0883.jpg,0,-1.0,-1.0,0,test
game7,Clip4,../Dataset/game7/Clip4/0884.jpg,../Dataset/game7/Clip4/Label.csv,0884.jpg,1,865.0,220.0,0,test
game7,Clip4,../Dataset/game7/Clip4/0885.jpg,../Dataset/game7/Clip4/Label.csv,0885.jpg,1,862.0,214.0,0,test
game7,Clip4,../Dataset/game7/Clip4/0886.jpg,../Dataset/game7/Clip4/Label.csv,0886.jpg,1,857.0,211.0,0,test
game7,Clip4,../Dataset/game7/Clip4/0887.jpg,../Dataset/game7/Clip4/Label.csv,0887.jpg,1,852.0,214.0,0,test
game7,Clip4,../Dataset/game7/Clip4/0888.jpg,../Dataset/game7/Clip4/Label.csv,0888.jpg,1,846.0,213.0,0,test
game7,Clip4,../Dataset/game7/Clip4/0889.jpg,../Dataset/game7/Clip4/Label.csv,0889.jpg,1,841.0,214.0,0,test
game7,Clip4,../Dataset/game7/Clip4/0890.jpg,../Dataset/game7/Clip4/Label.csv,0890.jpg,1,836.0,213.0,0,test
game7,Clip4,../Dataset/game7/Clip4/0891.jpg,../Dataset/game7/Clip4/Label.csv,0891.jpg,1,834.0,219.0,0,test
game7,Clip4,../Dataset/game7/Clip4/0892.jpg,../Dataset/game7/Clip4/Label.csv,0892.jpg,2,829.0,225.0,0,test
game7,Clip4,../Dataset/game7/Clip4/0893.jpg,../Dataset/game7/Clip4/Label.csv,0893.jpg,1,823.0,230.0,0,test
game7,Clip4,../Dataset/game7/Clip4/0894.jpg,../Dataset/game7/Clip4/Label.csv,0894.jpg,1,819.0,236.0,0,test
game7,Clip4,../Dataset/game7/Clip4/0895.jpg,../Dataset/game7/Clip4/Label.csv,0895.jpg,1,815.0,242.0,0,test
game7,Clip4,../Dataset/game7/Clip4/0896.jpg,../Dataset/game7/Clip4/Label.csv,0896.jpg,1,810.0,251.0,0,test
game7,Clip4,../Dataset/game7/Clip4/0897.jpg,../Dataset/game7/Clip4/Label.csv,0897.jpg,1,805.0,264.0,0,test
game7,Clip4,../Dataset/game7/Clip4/0898.jpg,../Dataset/game7/Clip4/Label.csv,0898.jpg,1,799.0,275.0,0,test
game7,Clip4,../Dataset/game7/Clip4/0899.jpg,../Dataset/game7/Clip4/Label.csv,0899.jpg,1,794.0,275.0,0,test
game7,Clip4,../Dataset/game7/Clip4/0900.jpg,../Dataset/game7/Clip4/Label.csv,0900.jpg,1,793.0,267.0,0,test
game7,Clip5,../Dataset/game7/Clip5/0000.jpg,../Dataset/game7/Clip5/Label.csv,0000.jpg,0,-1.0,-1.0,0,test
game7,Clip5,../Dataset/game7/Clip5/0001.jpg,../Dataset/game7/Clip5/Label.csv,0001.jpg,0,-1.0,-1.0,0,test
game7,Clip5,../Dataset/game7/Clip5/0002.jpg,../Dataset/game7/Clip5/Label.csv,0002.jpg,0,-1.0,-1.0,0,test
game7,Clip5,../Dataset/game7/Clip5/0003.jpg,../Dataset/game7/Clip5/Label.csv,0003.jpg,0,-1.0,-1.0,0,test
game7,Clip5,../Dataset/game7/Clip5/0004.jpg,../Dataset/game7/Clip5/Label.csv,0004.jpg,0,-1.0,-1.0,0,test
game7,Clip5,../Dataset/game7/Clip5/0005.jpg,../Dataset/game7/Clip5/Label.csv,0005.jpg,0,-1.0,-1.0,0,test
game7,Clip5,../Dataset/game7/Clip5/0006.jpg,../Dataset/game7/Clip5/Label.csv,0006.jpg,0,-1.0,-1.0,0,test
game7,Clip5,../Dataset/game7/Clip5/0007.jpg,../Dataset/game7/Clip5/Label.csv,0007.jpg,0,-1.0,-1.0,0,test
game7,Clip5,../Dataset/game7/Clip5/0008.jpg,../Dataset/game7/Clip5/Label.csv,0008.jpg,0,-1.0,-1.0,0,test
game7,Clip5,../Dataset/game7/Clip5/0009.jpg,../Dataset/game7/Clip5/Label.csv,0009.jpg,0,-1.0,-1.0,0,test
game7,Clip5,../Dataset/game7/Clip5/0010.jpg,../Dataset/game7/Clip5/Label.csv,0010.jpg,0,-1.0,-1.0,0,test
game7,Clip5,../Dataset/game7/Clip5/0011.jpg,../Dataset/game7/Clip5/Label.csv,0011.jpg,0,-1.0,-1.0,0,test
game7,Clip5,../Dataset/game7/Clip5/0012.jpg,../Dataset/game7/Clip5/Label.csv,0012.jpg,2,700.0,521.0,0,test
game7,Clip5,../Dataset/game7/Clip5/0013.jpg,../Dataset/game7/Clip5/Label.csv,0013.jpg,3,709.0,513.0,0,test
game7,Clip5,../Dataset/game7/Clip5/0014.jpg,../Dataset/game7/Clip5/Label.csv,0014.jpg,1,714.0,499.0,0,test
game7,Clip5,../Dataset/game7/Clip5/0015.jpg,../Dataset/game7/Clip5/Label.csv,0015.jpg,2,721.0,477.0,0,test
game7,Clip5,../Dataset/game7/Clip5/0016.jpg,../Dataset/game7/Clip5/Label.csv,0016.jpg,1,724.0,456.0,0,test
game7,Clip5,../Dataset/game7/Clip5/0017.jpg,../Dataset/game7/Clip5/Label.csv,0017.jpg,1,724.0,429.0,0,test
game7,Clip5,../Dataset/game7/Clip5/0018.jpg,../Dataset/game7/Clip5/Label.csv,0018.jpg,1,720.0,404.0,0,test
game7,Clip5,../Dataset/game7/Clip5/0019.jpg,../Dataset/game7/Clip5/Label.csv,0019.jpg,1,719.0,385.0,0,test
game7,Clip5,../Dataset/game7/Clip5/0020.jpg,../Dataset/game7/Clip5/Label.csv,0020.jpg,1,717.0,361.0,0,test
game7,Clip5,../Dataset/game7/Clip5/0021.jpg,../Dataset/game7/Clip5/Label.csv,0021.jpg,1,713.0,344.0,0,test
game7,Clip5,../Dataset/game7/Clip5/0022.jpg,../Dataset/game7/Clip5/Label.csv,0022.jpg,1,709.0,326.0,0,test
game7,Clip5,../Dataset/game7/Clip5/0023.jpg,../Dataset/game7/Clip5/Label.csv,0023.jpg,1,708.0,315.0,0,test
game7,Clip5,../Dataset/game7/Clip5/0024.jpg,../Dataset/game7/Clip5/Label.csv,0024.jpg,1,703.0,300.0,0,test
game7,Clip5,../Dataset/game7/Clip5/0025.jpg,../Dataset/game7/Clip5/Label.csv,0025.jpg,1,702.0,289.0,0,test
game7,Clip5,../Dataset/game7/Clip5/0026.jpg,../Dataset/game7/Clip5/Label.csv,0026.jpg,1,700.0,278.0,0,test
game7,Clip5,../Dataset/game7/Clip5/0027.jpg,../Dataset/game7/Clip5/Label.csv,0027.jpg,1,697.0,267.0,0,test
game7,Clip5,../Dataset/game7/Clip5/0028.jpg,../Dataset/game7/Clip5/Label.csv,0028.jpg,1,694.0,260.0,0,test
game7,Clip5,../Dataset/game7/Clip5/0029.jpg,../Dataset/game7/Clip5/Label.csv,0029.jpg,1,690.0,255.0,0,test
game7,Clip5,../Dataset/game7/Clip5/0030.jpg,../Dataset/game7/Clip5/Label.csv,0030.jpg,1,689.0,254.0,0,test
game7,Clip5,../Dataset/game7/Clip5/0031.jpg,../Dataset/game7/Clip5/Label.csv,0031.jpg,1,686.0,249.0,0,test
game7,Clip5,../Dataset/game7/Clip5/0032.jpg,../Dataset/game7/Clip5/Label.csv,0032.jpg,1,682.0,248.0,0,test
game7,Clip5,../Dataset/game7/Clip5/0033.jpg,../Dataset/game7/Clip5/Label.csv,0033.jpg,1,683.0,252.0,0,test
game7,Clip5,../Dataset/game7/Clip5/0034.jpg,../Dataset/game7/Clip5/Label.csv,0034.jpg,1,677.0,253.0,0,test
game7,Clip5,../Dataset/game7/Clip5/0035.jpg,../Dataset/game7/Clip5/Label.csv,0035.jpg,1,674.0,256.0,0,test
game7,Clip5,../Dataset/game7/Clip5/0036.jpg,../Dataset/game7/Clip5/Label.csv,0036.jpg,1,672.0,264.0,0,test
game7,Clip5,../Dataset/game7/Clip5/0037.jpg,../Dataset/game7/Clip5/Label.csv,0037.jpg,1,668.0,268.0,0,test
game7,Clip5,../Dataset/game7/Clip5/0038.jpg,../Dataset/game7/Clip5/Label.csv,0038.jpg,1,659.0,271.0,1,test
game7,Clip5,../Dataset/game7/Clip5/0039.jpg,../Dataset/game7/Clip5/Label.csv,0039.jpg,1,622.0,253.0,0,test
game7,Clip5,../Dataset/game7/Clip5/0040.jpg,../Dataset/game7/Clip5/Label.csv,0040.jpg,1,587.0,240.0,0,test
game7,Clip5,../Dataset/game7/Clip5/0041.jpg,../Dataset/game7/Clip5/Label.csv,0041.jpg,1,560.0,228.0,0,test
game7,Clip5,../Dataset/game7/Clip5/0042.jpg,../Dataset/game7/Clip5/Label.csv,0042.jpg,1,533.0,223.0,0,test
game7,Clip5,../Dataset/game7/Clip5/0043.jpg,../Dataset/game7/Clip5/Label.csv,0043.jpg,1,510.0,217.0,0,test
game7,Clip5,../Dataset/game7/Clip5/0044.jpg,../Dataset/game7/Clip5/Label.csv,0044.jpg,1,487.0,213.0,0,test
game7,Clip5,../Dataset/game7/Clip5/0045.jpg,../Dataset/game7/Clip5/Label.csv,0045.jpg,1,467.0,213.0,0,test
game7,Clip5,../Dataset/game7/Clip5/0046.jpg,../Dataset/game7/Clip5/Label.csv,0046.jpg,1,444.0,213.0,0,test
game7,Clip5,../Dataset/game7/Clip5/0047.jpg,../Dataset/game7/Clip5/Label.csv,0047.jpg,1,430.0,214.0,2,test
game7,Clip5,../Dataset/game7/Clip5/0048.jpg,../Dataset/game7/Clip5/Label.csv,0048.jpg,1,411.0,196.0,0,test
game7,Clip5,../Dataset/game7/Clip5/0049.jpg,../Dataset/game7/Clip5/Label.csv,0049.jpg,2,400.0,170.0,0,test
game7,Clip5,../Dataset/game7/Clip5/0050.jpg,../Dataset/game7/Clip5/Label.csv,0050.jpg,1,388.0,142.0,0,test
game7,Clip5,../Dataset/game7/Clip5/0051.jpg,../Dataset/game7/Clip5/Label.csv,0051.jpg,1,374.0,118.0,0,test
game7,Clip5,../Dataset/game7/Clip5/0052.jpg,../Dataset/game7/Clip5/Label.csv,0052.jpg,1,364.0,98.0,0,test
game7,Clip5,../Dataset/game7/Clip5/0053.jpg,../Dataset/game7/Clip5/Label.csv,0053.jpg,1,352.0,83.0,1,test
game7,Clip5,../Dataset/game7/Clip5/0054.jpg,../Dataset/game7/Clip5/Label.csv,0054.jpg,1,345.0,71.0,0,test
game7,Clip5,../Dataset/game7/Clip5/0055.jpg,../Dataset/game7/Clip5/Label.csv,0055.jpg,1,367.0,77.0,0,test
game7,Clip5,../Dataset/game7/Clip5/0056.jpg,../Dataset/game7/Clip5/Label.csv,0056.jpg,1,385.0,83.0,0,test
game7,Clip5,../Dataset/game7/Clip5/0057.jpg,../Dataset/game7/Clip5/Label.csv,0057.jpg,0,-1.0,-1.0,0,test
game7,Clip5,../Dataset/game7/Clip5/0058.jpg,../Dataset/game7/Clip5/Label.csv,0058.jpg,1,419.0,100.0,0,test
game7,Clip5,../Dataset/game7/Clip5/0059.jpg,../Dataset/game7/Clip5/Label.csv,0059.jpg,1,436.0,110.0,0,test
game7,Clip5,../Dataset/game7/Clip5/0060.jpg,../Dataset/game7/Clip5/Label.csv,0060.jpg,1,456.0,124.0,0,test
game7,Clip5,../Dataset/game7/Clip5/0061.jpg,../Dataset/game7/Clip5/Label.csv,0061.jpg,2,470.0,133.0,0,test
game7,Clip5,../Dataset/game7/Clip5/0062.jpg,../Dataset/game7/Clip5/Label.csv,0062.jpg,1,493.0,152.0,0,test
game7,Clip5,../Dataset/game7/Clip5/0063.jpg,../Dataset/game7/Clip5/Label.csv,0063.jpg,1,512.0,167.0,0,test
game7,Clip5,../Dataset/game7/Clip5/0064.jpg,../Dataset/game7/Clip5/Label.csv,0064.jpg,1,532.0,185.0,0,test
game7,Clip5,../Dataset/game7/Clip5/0065.jpg,../Dataset/game7/Clip5/Label.csv,0065.jpg,1,549.0,202.0,0,test
game7,Clip5,../Dataset/game7/Clip5/0066.jpg,../Dataset/game7/Clip5/Label.csv,0066.jpg,1,568.0,221.0,0,test
game7,Clip5,../Dataset/game7/Clip5/0067.jpg,../Dataset/game7/Clip5/Label.csv,0067.jpg,1,587.0,244.0,0,test
game7,Clip5,../Dataset/game7/Clip5/0068.jpg,../Dataset/game7/Clip5/Label.csv,0068.jpg,1,612.0,267.0,0,test
game7,Clip5,../Dataset/game7/Clip5/0069.jpg,../Dataset/game7/Clip5/Label.csv,0069.jpg,1,630.0,294.0,0,test
game7,Clip5,../Dataset/game7/Clip5/0070.jpg,../Dataset/game7/Clip5/Label.csv,0070.jpg,1,649.0,315.0,0,test
game7,Clip5,../Dataset/game7/Clip5/0071.jpg,../Dataset/game7/Clip5/Label.csv,0071.jpg,1,669.0,346.0,0,test
game7,Clip5,../Dataset/game7/Clip5/0072.jpg,../Dataset/game7/Clip5/Label.csv,0072.jpg,1,690.0,377.0,0,test
game7,Clip5,../Dataset/game7/Clip5/0073.jpg,../Dataset/game7/Clip5/Label.csv,0073.jpg,3,711.0,407.0,0,test
game7,Clip5,../Dataset/game7/Clip5/0074.jpg,../Dataset/game7/Clip5/Label.csv,0074.jpg,0,-1.0,-1.0,0,test
game7,Clip5,../Dataset/game7/Clip5/0075.jpg,../Dataset/game7/Clip5/Label.csv,0075.jpg,0,-1.0,-1.0,0,test
game7,Clip5,../Dataset/game7/Clip5/0076.jpg,../Dataset/game7/Clip5/Label.csv,0076.jpg,0,-1.0,-1.0,0,test
game7,Clip5,../Dataset/game7/Clip5/0077.jpg,../Dataset/game7/Clip5/Label.csv,0077.jpg,2,781.0,464.0,0,test
game7,Clip5,../Dataset/game7/Clip5/0078.jpg,../Dataset/game7/Clip5/Label.csv,0078.jpg,1,796.0,467.0,0,test
game7,Clip5,../Dataset/game7/Clip5/0079.jpg,../Dataset/game7/Clip5/Label.csv,0079.jpg,1,806.0,443.0,0,test
game7,Clip5,../Dataset/game7/Clip5/0080.jpg,../Dataset/game7/Clip5/Label.csv,0080.jpg,1,803.0,405.0,0,test
game7,Clip5,../Dataset/game7/Clip5/0081.jpg,../Dataset/game7/Clip5/Label.csv,0081.jpg,1,799.0,363.0,0,test
game7,Clip5,../Dataset/game7/Clip5/0082.jpg,../Dataset/game7/Clip5/Label.csv,0082.jpg,1,795.0,330.0,0,test
game7,Clip5,../Dataset/game7/Clip5/0083.jpg,../Dataset/game7/Clip5/Label.csv,0083.jpg,1,794.0,301.0,0,test
game7,Clip5,../Dataset/game7/Clip5/0084.jpg,../Dataset/game7/Clip5/Label.csv,0084.jpg,1,788.0,271.0,0,test
game7,Clip5,../Dataset/game7/Clip5/0085.jpg,../Dataset/game7/Clip5/Label.csv,0085.jpg,1,783.0,247.0,0,test
game7,Clip5,../Dataset/game7/Clip5/0086.jpg,../Dataset/game7/Clip5/Label.csv,0086.jpg,1,782.0,228.0,0,test
game7,Clip5,../Dataset/game7/Clip5/0087.jpg,../Dataset/game7/Clip5/Label.csv,0087.jpg,1,779.0,211.0,0,test
game7,Clip5,../Dataset/game7/Clip5/0088.jpg,../Dataset/game7/Clip5/Label.csv,0088.jpg,1,772.0,188.0,0,test
game7,Clip5,../Dataset/game7/Clip5/0089.jpg,../Dataset/game7/Clip5/Label.csv,0089.jpg,1,767.0,176.0,0,test
game7,Clip5,../Dataset/game7/Clip5/0090.jpg,../Dataset/game7/Clip5/Label.csv,0090.jpg,1,765.0,164.0,0,test
game7,Clip5,../Dataset/game7/Clip5/0091.jpg,../Dataset/game7/Clip5/Label.csv,0091.jpg,1,760.0,150.0,0,test
game7,Clip5,../Dataset/game7/Clip5/0092.jpg,../Dataset/game7/Clip5/Label.csv,0092.jpg,1,756.0,143.0,0,test
game7,Clip5,../Dataset/game7/Clip5/0093.jpg,../Dataset/game7/Clip5/Label.csv,0093.jpg,1,750.0,136.0,0,test
game7,Clip5,../Dataset/game7/Clip5/0094.jpg,../Dataset/game7/Clip5/Label.csv,0094.jpg,1,747.0,129.0,0,test
game7,Clip5,../Dataset/game7/Clip5/0095.jpg,../Dataset/game7/Clip5/Label.csv,0095.jpg,1,742.0,126.0,0,test
game7,Clip5,../Dataset/game7/Clip5/0096.jpg,../Dataset/game7/Clip5/Label.csv,0096.jpg,1,737.0,120.0,0,test
game7,Clip5,../Dataset/game7/Clip5/0097.jpg,../Dataset/game7/Clip5/Label.csv,0097.jpg,1,733.0,118.0,0,test
game7,Clip5,../Dataset/game7/Clip5/0098.jpg,../Dataset/game7/Clip5/Label.csv,0098.jpg,1,727.0,121.0,0,test
game7,Clip5,../Dataset/game7/Clip5/0099.jpg,../Dataset/game7/Clip5/Label.csv,0099.jpg,1,722.0,119.0,0,test
game7,Clip5,../Dataset/game7/Clip5/0100.jpg,../Dataset/game7/Clip5/Label.csv,0100.jpg,1,720.0,121.0,0,test
game7,Clip5,../Dataset/game7/Clip5/0101.jpg,../Dataset/game7/Clip5/Label.csv,0101.jpg,1,715.0,126.0,0,test
game7,Clip5,../Dataset/game7/Clip5/0102.jpg,../Dataset/game7/Clip5/Label.csv,0102.jpg,1,710.0,132.0,0,test
game7,Clip5,../Dataset/game7/Clip5/0103.jpg,../Dataset/game7/Clip5/Label.csv,0103.jpg,1,708.0,139.0,0,test
game7,Clip5,../Dataset/game7/Clip5/0104.jpg,../Dataset/game7/Clip5/Label.csv,0104.jpg,1,702.0,142.0,0,test
game7,Clip5,../Dataset/game7/Clip5/0105.jpg,../Dataset/game7/Clip5/Label.csv,0105.jpg,1,696.0,153.0,0,test
game7,Clip5,../Dataset/game7/Clip5/0106.jpg,../Dataset/game7/Clip5/Label.csv,0106.jpg,1,692.0,158.0,0,test
game7,Clip5,../Dataset/game7/Clip5/0107.jpg,../Dataset/game7/Clip5/Label.csv,0107.jpg,1,688.0,172.0,0,test
game7,Clip5,../Dataset/game7/Clip5/0108.jpg,../Dataset/game7/Clip5/Label.csv,0108.jpg,1,684.0,176.0,2,test
game7,Clip5,../Dataset/game7/Clip5/0109.jpg,../Dataset/game7/Clip5/Label.csv,0109.jpg,1,684.0,159.0,0,test
game7,Clip5,../Dataset/game7/Clip5/0110.jpg,../Dataset/game7/Clip5/Label.csv,0110.jpg,1,683.0,141.0,0,test
game7,Clip5,../Dataset/game7/Clip5/0111.jpg,../Dataset/game7/Clip5/Label.csv,0111.jpg,1,683.0,126.0,0,test
game7,Clip5,../Dataset/game7/Clip5/0112.jpg,../Dataset/game7/Clip5/Label.csv,0112.jpg,1,679.0,115.0,0,test
game7,Clip5,../Dataset/game7/Clip5/0113.jpg,../Dataset/game7/Clip5/Label.csv,0113.jpg,1,677.0,103.0,0,test
game7,Clip5,../Dataset/game7/Clip5/0114.jpg,../Dataset/game7/Clip5/Label.csv,0114.jpg,1,675.0,91.0,0,test
game7,Clip5,../Dataset/game7/Clip5/0115.jpg,../Dataset/game7/Clip5/Label.csv,0115.jpg,1,676.0,84.0,0,test
game7,Clip5,../Dataset/game7/Clip5/0116.jpg,../Dataset/game7/Clip5/Label.csv,0116.jpg,1,676.0,74.0,0,test
game7,Clip5,../Dataset/game7/Clip5/0117.jpg,../Dataset/game7/Clip5/Label.csv,0117.jpg,1,674.0,67.0,0,test
game7,Clip5,../Dataset/game7/Clip5/0118.jpg,../Dataset/game7/Clip5/Label.csv,0118.jpg,1,673.0,57.0,1,test
game7,Clip5,../Dataset/game7/Clip5/0119.jpg,../Dataset/game7/Clip5/Label.csv,0119.jpg,1,672.0,56.0,0,test
game7,Clip5,../Dataset/game7/Clip5/0120.jpg,../Dataset/game7/Clip5/Label.csv,0120.jpg,1,678.0,51.0,0,test
game7,Clip5,../Dataset/game7/Clip5/0121.jpg,../Dataset/game7/Clip5/Label.csv,0121.jpg,1,686.0,48.0,0,test
game7,Clip5,../Dataset/game7/Clip5/0122.jpg,../Dataset/game7/Clip5/Label.csv,0122.jpg,1,691.0,44.0,0,test
game7,Clip5,../Dataset/game7/Clip5/0123.jpg,../Dataset/game7/Clip5/Label.csv,0123.jpg,1,698.0,42.0,0,test
game7,Clip5,../Dataset/game7/Clip5/0124.jpg,../Dataset/game7/Clip5/Label.csv,0124.jpg,1,705.0,38.0,0,test
game7,Clip5,../Dataset/game7/Clip5/0125.jpg,../Dataset/game7/Clip5/Label.csv,0125.jpg,1,711.0,35.0,0,test
game7,Clip5,../Dataset/game7/Clip5/0126.jpg,../Dataset/game7/Clip5/Label.csv,0126.jpg,1,719.0,34.0,0,test
game7,Clip5,../Dataset/game7/Clip5/0127.jpg,../Dataset/game7/Clip5/Label.csv,0127.jpg,1,723.0,38.0,0,test
game7,Clip5,../Dataset/game7/Clip5/0128.jpg,../Dataset/game7/Clip5/Label.csv,0128.jpg,1,733.0,39.0,0,test
game7,Clip5,../Dataset/game7/Clip5/0129.jpg,../Dataset/game7/Clip5/Label.csv,0129.jpg,1,740.0,40.0,0,test
game7,Clip5,../Dataset/game7/Clip5/0130.jpg,../Dataset/game7/Clip5/Label.csv,0130.jpg,1,745.0,42.0,0,test
game7,Clip5,../Dataset/game7/Clip5/0131.jpg,../Dataset/game7/Clip5/Label.csv,0131.jpg,1,755.0,45.0,0,test
game7,Clip5,../Dataset/game7/Clip5/0132.jpg,../Dataset/game7/Clip5/Label.csv,0132.jpg,1,760.0,50.0,0,test
game7,Clip5,../Dataset/game7/Clip5/0133.jpg,../Dataset/game7/Clip5/Label.csv,0133.jpg,2,768.0,58.0,0,test
game7,Clip5,../Dataset/game7/Clip5/0134.jpg,../Dataset/game7/Clip5/Label.csv,0134.jpg,2,776.0,63.0,0,test
game7,Clip5,../Dataset/game7/Clip5/0135.jpg,../Dataset/game7/Clip5/Label.csv,0135.jpg,1,783.0,72.0,0,test
game7,Clip5,../Dataset/game7/Clip5/0136.jpg,../Dataset/game7/Clip5/Label.csv,0136.jpg,2,789.0,82.0,0,test
game7,Clip5,../Dataset/game7/Clip5/0137.jpg,../Dataset/game7/Clip5/Label.csv,0137.jpg,1,798.0,89.0,0,test
game7,Clip5,../Dataset/game7/Clip5/0138.jpg,../Dataset/game7/Clip5/Label.csv,0138.jpg,1,807.0,101.0,0,test
game7,Clip5,../Dataset/game7/Clip5/0139.jpg,../Dataset/game7/Clip5/Label.csv,0139.jpg,1,813.0,114.0,0,test
game7,Clip5,../Dataset/game7/Clip5/0140.jpg,../Dataset/game7/Clip5/Label.csv,0140.jpg,1,819.0,125.0,0,test
game7,Clip5,../Dataset/game7/Clip5/0141.jpg,../Dataset/game7/Clip5/Label.csv,0141.jpg,2,827.0,139.0,0,test
game7,Clip5,../Dataset/game7/Clip5/0142.jpg,../Dataset/game7/Clip5/Label.csv,0142.jpg,1,833.0,153.0,0,test
game7,Clip5,../Dataset/game7/Clip5/0143.jpg,../Dataset/game7/Clip5/Label.csv,0143.jpg,1,842.0,170.0,0,test
game7,Clip5,../Dataset/game7/Clip5/0144.jpg,../Dataset/game7/Clip5/Label.csv,0144.jpg,1,853.0,186.0,0,test
game7,Clip5,../Dataset/game7/Clip5/0145.jpg,../Dataset/game7/Clip5/Label.csv,0145.jpg,1,856.0,201.0,0,test
game7,Clip5,../Dataset/game7/Clip5/0146.jpg,../Dataset/game7/Clip5/Label.csv,0146.jpg,1,865.0,221.0,0,test
game7,Clip5,../Dataset/game7/Clip5/0147.jpg,../Dataset/game7/Clip5/Label.csv,0147.jpg,1,873.0,244.0,0,test
game7,Clip5,../Dataset/game7/Clip5/0148.jpg,../Dataset/game7/Clip5/Label.csv,0148.jpg,1,881.0,265.0,0,test
game7,Clip5,../Dataset/game7/Clip5/0149.jpg,../Dataset/game7/Clip5/Label.csv,0149.jpg,1,891.0,288.0,0,test
game7,Clip5,../Dataset/game7/Clip5/0150.jpg,../Dataset/game7/Clip5/Label.csv,0150.jpg,1,897.0,311.0,0,test
game7,Clip5,../Dataset/game7/Clip5/0151.jpg,../Dataset/game7/Clip5/Label.csv,0151.jpg,1,906.0,336.0,0,test
game7,Clip5,../Dataset/game7/Clip5/0152.jpg,../Dataset/game7/Clip5/Label.csv,0152.jpg,1,911.0,346.0,2,test
game7,Clip5,../Dataset/game7/Clip5/0153.jpg,../Dataset/game7/Clip5/Label.csv,0153.jpg,1,915.0,335.0,0,test
game7,Clip5,../Dataset/game7/Clip5/0154.jpg,../Dataset/game7/Clip5/Label.csv,0154.jpg,1,918.0,326.0,0,test
game7,Clip5,../Dataset/game7/Clip5/0155.jpg,../Dataset/game7/Clip5/Label.csv,0155.jpg,1,921.0,319.0,0,test
game7,Clip5,../Dataset/game7/Clip5/0156.jpg,../Dataset/game7/Clip5/Label.csv,0156.jpg,2,923.0,311.0,0,test
game7,Clip5,../Dataset/game7/Clip5/0157.jpg,../Dataset/game7/Clip5/Label.csv,0157.jpg,1,929.0,303.0,0,test
game7,Clip5,../Dataset/game7/Clip5/0158.jpg,../Dataset/game7/Clip5/Label.csv,0158.jpg,1,933.0,299.0,0,test
game7,Clip5,../Dataset/game7/Clip5/0159.jpg,../Dataset/game7/Clip5/Label.csv,0159.jpg,1,936.0,293.0,0,test
game7,Clip5,../Dataset/game7/Clip5/0160.jpg,../Dataset/game7/Clip5/Label.csv,0160.jpg,1,938.0,291.0,0,test
game7,Clip5,../Dataset/game7/Clip5/0161.jpg,../Dataset/game7/Clip5/Label.csv,0161.jpg,1,941.0,290.0,0,test
game7,Clip5,../Dataset/game7/Clip5/0162.jpg,../Dataset/game7/Clip5/Label.csv,0162.jpg,1,946.0,292.0,0,test
game7,Clip5,../Dataset/game7/Clip5/0163.jpg,../Dataset/game7/Clip5/Label.csv,0163.jpg,1,951.0,292.0,0,test
game7,Clip5,../Dataset/game7/Clip5/0164.jpg,../Dataset/game7/Clip5/Label.csv,0164.jpg,1,952.0,296.0,0,test
game7,Clip5,../Dataset/game7/Clip5/0165.jpg,../Dataset/game7/Clip5/Label.csv,0165.jpg,1,956.0,301.0,0,test
game7,Clip5,../Dataset/game7/Clip5/0166.jpg,../Dataset/game7/Clip5/Label.csv,0166.jpg,1,959.0,305.0,0,test
game7,Clip5,../Dataset/game7/Clip5/0167.jpg,../Dataset/game7/Clip5/Label.csv,0167.jpg,1,965.0,311.0,0,test
game7,Clip5,../Dataset/game7/Clip5/0168.jpg,../Dataset/game7/Clip5/Label.csv,0168.jpg,1,964.0,319.0,0,test
game7,Clip5,../Dataset/game7/Clip5/0169.jpg,../Dataset/game7/Clip5/Label.csv,0169.jpg,1,969.0,330.0,0,test
game7,Clip5,../Dataset/game7/Clip5/0170.jpg,../Dataset/game7/Clip5/Label.csv,0170.jpg,1,972.0,339.0,0,test
game7,Clip5,../Dataset/game7/Clip5/0171.jpg,../Dataset/game7/Clip5/Label.csv,0171.jpg,1,977.0,350.0,0,test
game7,Clip5,../Dataset/game7/Clip5/0172.jpg,../Dataset/game7/Clip5/Label.csv,0172.jpg,1,972.0,345.0,1,test
game7,Clip5,../Dataset/game7/Clip5/0173.jpg,../Dataset/game7/Clip5/Label.csv,0173.jpg,0,-1.0,-1.0,0,test
game7,Clip5,../Dataset/game7/Clip5/0174.jpg,../Dataset/game7/Clip5/Label.csv,0174.jpg,0,-1.0,-1.0,0,test
game7,Clip5,../Dataset/game7/Clip5/0175.jpg,../Dataset/game7/Clip5/Label.csv,0175.jpg,1,939.0,265.0,0,test
game7,Clip5,../Dataset/game7/Clip5/0176.jpg,../Dataset/game7/Clip5/Label.csv,0176.jpg,1,932.0,247.0,0,test
game7,Clip5,../Dataset/game7/Clip5/0177.jpg,../Dataset/game7/Clip5/Label.csv,0177.jpg,2,924.0,230.0,0,test
game7,Clip5,../Dataset/game7/Clip5/0178.jpg,../Dataset/game7/Clip5/Label.csv,0178.jpg,1,914.0,213.0,0,test
game7,Clip5,../Dataset/game7/Clip5/0179.jpg,../Dataset/game7/Clip5/Label.csv,0179.jpg,1,907.0,200.0,0,test
game7,Clip5,../Dataset/game7/Clip5/0180.jpg,../Dataset/game7/Clip5/Label.csv,0180.jpg,1,899.0,189.0,0,test
game7,Clip5,../Dataset/game7/Clip5/0181.jpg,../Dataset/game7/Clip5/Label.csv,0181.jpg,1,891.0,178.0,0,test
game7,Clip5,../Dataset/game7/Clip5/0182.jpg,../Dataset/game7/Clip5/Label.csv,0182.jpg,1,881.0,171.0,0,test
game7,Clip5,../Dataset/game7/Clip5/0183.jpg,../Dataset/game7/Clip5/Label.csv,0183.jpg,2,877.0,162.0,0,test
game7,Clip5,../Dataset/game7/Clip5/0184.jpg,../Dataset/game7/Clip5/Label.csv,0184.jpg,2,871.0,156.0,0,test
game7,Clip5,../Dataset/game7/Clip5/0185.jpg,../Dataset/game7/Clip5/Label.csv,0185.jpg,1,865.0,154.0,0,test
game7,Clip5,../Dataset/game7/Clip5/0186.jpg,../Dataset/game7/Clip5/Label.csv,0186.jpg,1,859.0,153.0,0,test
game7,Clip5,../Dataset/game7/Clip5/0187.jpg,../Dataset/game7/Clip5/Label.csv,0187.jpg,1,856.0,152.0,0,test
game7,Clip5,../Dataset/game7/Clip5/0188.jpg,../Dataset/game7/Clip5/Label.csv,0188.jpg,1,848.0,151.0,0,test
game7,Clip5,../Dataset/game7/Clip5/0189.jpg,../Dataset/game7/Clip5/Label.csv,0189.jpg,1,846.0,153.0,0,test
game7,Clip5,../Dataset/game7/Clip5/0190.jpg,../Dataset/game7/Clip5/Label.csv,0190.jpg,1,839.0,153.0,0,test
game7,Clip5,../Dataset/game7/Clip5/0191.jpg,../Dataset/game7/Clip5/Label.csv,0191.jpg,1,833.0,158.0,0,test
game7,Clip5,../Dataset/game7/Clip5/0192.jpg,../Dataset/game7/Clip5/Label.csv,0192.jpg,1,827.0,160.0,0,test
game7,Clip5,../Dataset/game7/Clip5/0193.jpg,../Dataset/game7/Clip5/Label.csv,0193.jpg,1,826.0,149.0,2,test
game7,Clip5,../Dataset/game7/Clip5/0194.jpg,../Dataset/game7/Clip5/Label.csv,0194.jpg,2,823.0,135.0,0,test
game7,Clip5,../Dataset/game7/Clip5/0195.jpg,../Dataset/game7/Clip5/Label.csv,0195.jpg,1,821.0,125.0,0,test
game7,Clip5,../Dataset/game7/Clip5/0196.jpg,../Dataset/game7/Clip5/Label.csv,0196.jpg,1,816.0,118.0,0,test
game7,Clip5,../Dataset/game7/Clip5/0197.jpg,../Dataset/game7/Clip5/Label.csv,0197.jpg,1,811.0,109.0,0,test
game7,Clip5,../Dataset/game7/Clip5/0198.jpg,../Dataset/game7/Clip5/Label.csv,0198.jpg,1,810.0,103.0,0,test
game7,Clip5,../Dataset/game7/Clip5/0199.jpg,../Dataset/game7/Clip5/Label.csv,0199.jpg,1,808.0,96.0,0,test
game7,Clip5,../Dataset/game7/Clip5/0200.jpg,../Dataset/game7/Clip5/Label.csv,0200.jpg,1,803.0,92.0,0,test
game7,Clip5,../Dataset/game7/Clip5/0201.jpg,../Dataset/game7/Clip5/Label.csv,0201.jpg,1,803.0,86.0,0,test
game7,Clip5,../Dataset/game7/Clip5/0202.jpg,../Dataset/game7/Clip5/Label.csv,0202.jpg,1,800.0,93.0,0,test
game7,Clip5,../Dataset/game7/Clip5/0203.jpg,../Dataset/game7/Clip5/Label.csv,0203.jpg,1,798.0,84.0,0,test
game7,Clip6,../Dataset/game7/Clip6/0000.jpg,../Dataset/game7/Clip6/Label.csv,0000.jpg,1,524.0,22.0,0,test
game7,Clip6,../Dataset/game7/Clip6/0001.jpg,../Dataset/game7/Clip6/Label.csv,0001.jpg,1,527.0,10.0,0,test
game7,Clip6,../Dataset/game7/Clip6/0002.jpg,../Dataset/game7/Clip6/Label.csv,0002.jpg,0,-1.0,-1.0,0,test
game7,Clip6,../Dataset/game7/Clip6/0003.jpg,../Dataset/game7/Clip6/Label.csv,0003.jpg,0,-1.0,-1.0,0,test
game7,Clip6,../Dataset/game7/Clip6/0004.jpg,../Dataset/game7/Clip6/Label.csv,0004.jpg,0,-1.0,-1.0,0,test
game7,Clip6,../Dataset/game7/Clip6/0005.jpg,../Dataset/game7/Clip6/Label.csv,0005.jpg,0,-1.0,-1.0,0,test
game7,Clip6,../Dataset/game7/Clip6/0006.jpg,../Dataset/game7/Clip6/Label.csv,0006.jpg,0,-1.0,-1.0,0,test
game7,Clip6,../Dataset/game7/Clip6/0007.jpg,../Dataset/game7/Clip6/Label.csv,0007.jpg,0,-1.0,-1.0,0,test
game7,Clip6,../Dataset/game7/Clip6/0008.jpg,../Dataset/game7/Clip6/Label.csv,0008.jpg,0,-1.0,-1.0,0,test
game7,Clip6,../Dataset/game7/Clip6/0009.jpg,../Dataset/game7/Clip6/Label.csv,0009.jpg,0,-1.0,-1.0,0,test
game7,Clip6,../Dataset/game7/Clip6/0010.jpg,../Dataset/game7/Clip6/Label.csv,0010.jpg,0,-1.0,-1.0,0,test
game7,Clip6,../Dataset/game7/Clip6/0011.jpg,../Dataset/game7/Clip6/Label.csv,0011.jpg,0,-1.0,-1.0,0,test
game7,Clip6,../Dataset/game7/Clip6/0012.jpg,../Dataset/game7/Clip6/Label.csv,0012.jpg,0,-1.0,-1.0,0,test
game7,Clip6,../Dataset/game7/Clip6/0013.jpg,../Dataset/game7/Clip6/Label.csv,0013.jpg,0,-1.0,-1.0,0,test
game7,Clip6,../Dataset/game7/Clip6/0014.jpg,../Dataset/game7/Clip6/Label.csv,0014.jpg,0,-1.0,-1.0,0,test
game7,Clip6,../Dataset/game7/Clip6/0015.jpg,../Dataset/game7/Clip6/Label.csv,0015.jpg,0,-1.0,-1.0,0,test
game7,Clip6,../Dataset/game7/Clip6/0016.jpg,../Dataset/game7/Clip6/Label.csv,0016.jpg,0,-1.0,-1.0,0,test
game7,Clip6,../Dataset/game7/Clip6/0017.jpg,../Dataset/game7/Clip6/Label.csv,0017.jpg,0,-1.0,-1.0,0,test
game7,Clip6,../Dataset/game7/Clip6/0018.jpg,../Dataset/game7/Clip6/Label.csv,0018.jpg,0,-1.0,-1.0,0,test
game7,Clip6,../Dataset/game7/Clip6/0019.jpg,../Dataset/game7/Clip6/Label.csv,0019.jpg,0,-1.0,-1.0,0,test
game7,Clip6,../Dataset/game7/Clip6/0020.jpg,../Dataset/game7/Clip6/Label.csv,0020.jpg,0,-1.0,-1.0,0,test
game7,Clip6,../Dataset/game7/Clip6/0021.jpg,../Dataset/game7/Clip6/Label.csv,0021.jpg,0,-1.0,-1.0,0,test
game7,Clip6,../Dataset/game7/Clip6/0022.jpg,../Dataset/game7/Clip6/Label.csv,0022.jpg,1,624.0,32.0,0,test
game7,Clip6,../Dataset/game7/Clip6/0023.jpg,../Dataset/game7/Clip6/Label.csv,0023.jpg,1,648.0,72.0,0,test
game7,Clip6,../Dataset/game7/Clip6/0024.jpg,../Dataset/game7/Clip6/Label.csv,0024.jpg,1,671.0,108.0,0,test
game7,Clip6,../Dataset/game7/Clip6/0025.jpg,../Dataset/game7/Clip6/Label.csv,0025.jpg,1,701.0,149.0,0,test
game7,Clip6,../Dataset/game7/Clip6/0026.jpg,../Dataset/game7/Clip6/Label.csv,0026.jpg,1,727.0,191.0,0,test
game7,Clip6,../Dataset/game7/Clip6/0027.jpg,../Dataset/game7/Clip6/Label.csv,0027.jpg,1,754.0,240.0,0,test
game7,Clip6,../Dataset/game7/Clip6/0028.jpg,../Dataset/game7/Clip6/Label.csv,0028.jpg,1,789.0,288.0,0,test
game7,Clip6,../Dataset/game7/Clip6/0029.jpg,../Dataset/game7/Clip6/Label.csv,0029.jpg,1,817.0,336.0,0,test
game7,Clip6,../Dataset/game7/Clip6/0030.jpg,../Dataset/game7/Clip6/Label.csv,0030.jpg,1,851.0,384.0,2,test
game7,Clip6,../Dataset/game7/Clip6/0031.jpg,../Dataset/game7/Clip6/Label.csv,0031.jpg,1,875.0,388.0,0,test
game7,Clip6,../Dataset/game7/Clip6/0032.jpg,../Dataset/game7/Clip6/Label.csv,0032.jpg,1,901.0,388.0,0,test
game7,Clip6,../Dataset/game7/Clip6/0033.jpg,../Dataset/game7/Clip6/Label.csv,0033.jpg,1,932.0,397.0,0,test
game7,Clip6,../Dataset/game7/Clip6/0034.jpg,../Dataset/game7/Clip6/Label.csv,0034.jpg,1,962.0,405.0,0,test
game7,Clip6,../Dataset/game7/Clip6/0035.jpg,../Dataset/game7/Clip6/Label.csv,0035.jpg,1,990.0,410.0,0,test
game7,Clip6,../Dataset/game7/Clip6/0036.jpg,../Dataset/game7/Clip6/Label.csv,0036.jpg,1,1021.0,425.0,0,test
game7,Clip6,../Dataset/game7/Clip6/0037.jpg,../Dataset/game7/Clip6/Label.csv,0037.jpg,1,1056.0,438.0,0,test
game7,Clip6,../Dataset/game7/Clip6/0038.jpg,../Dataset/game7/Clip6/Label.csv,0038.jpg,1,1094.0,458.0,0,test
game7,Clip6,../Dataset/game7/Clip6/0039.jpg,../Dataset/game7/Clip6/Label.csv,0039.jpg,1,1073.0,438.0,1,test
game7,Clip6,../Dataset/game7/Clip6/0040.jpg,../Dataset/game7/Clip6/Label.csv,0040.jpg,1,993.0,370.0,0,test
game7,Clip6,../Dataset/game7/Clip6/0041.jpg,../Dataset/game7/Clip6/Label.csv,0041.jpg,1,944.0,330.0,0,test
game7,Clip6,../Dataset/game7/Clip6/0042.jpg,../Dataset/game7/Clip6/Label.csv,0042.jpg,1,905.0,296.0,0,test
game7,Clip6,../Dataset/game7/Clip6/0043.jpg,../Dataset/game7/Clip6/Label.csv,0043.jpg,1,868.0,268.0,0,test
game7,Clip6,../Dataset/game7/Clip6/0044.jpg,../Dataset/game7/Clip6/Label.csv,0044.jpg,1,837.0,248.0,0,test
game7,Clip6,../Dataset/game7/Clip6/0045.jpg,../Dataset/game7/Clip6/Label.csv,0045.jpg,1,805.0,228.0,0,test
game7,Clip6,../Dataset/game7/Clip6/0046.jpg,../Dataset/game7/Clip6/Label.csv,0046.jpg,1,781.0,213.0,0,test
game7,Clip6,../Dataset/game7/Clip6/0047.jpg,../Dataset/game7/Clip6/Label.csv,0047.jpg,1,758.0,197.0,0,test
game7,Clip6,../Dataset/game7/Clip6/0048.jpg,../Dataset/game7/Clip6/Label.csv,0048.jpg,1,738.0,188.0,0,test
game7,Clip6,../Dataset/game7/Clip6/0049.jpg,../Dataset/game7/Clip6/Label.csv,0049.jpg,1,718.0,177.0,0,test
game7,Clip6,../Dataset/game7/Clip6/0050.jpg,../Dataset/game7/Clip6/Label.csv,0050.jpg,1,701.0,173.0,0,test
game7,Clip6,../Dataset/game7/Clip6/0051.jpg,../Dataset/game7/Clip6/Label.csv,0051.jpg,1,686.0,168.0,0,test
game7,Clip6,../Dataset/game7/Clip6/0052.jpg,../Dataset/game7/Clip6/Label.csv,0052.jpg,1,669.0,167.0,2,test
game7,Clip6,../Dataset/game7/Clip6/0053.jpg,../Dataset/game7/Clip6/Label.csv,0053.jpg,1,655.0,155.0,0,test
game7,Clip6,../Dataset/game7/Clip6/0054.jpg,../Dataset/game7/Clip6/Label.csv,0054.jpg,1,648.0,133.0,0,test
game7,Clip6,../Dataset/game7/Clip6/0055.jpg,../Dataset/game7/Clip6/Label.csv,0055.jpg,1,638.0,118.0,0,test
game7,Clip6,../Dataset/game7/Clip6/0056.jpg,../Dataset/game7/Clip6/Label.csv,0056.jpg,1,628.0,103.0,1,test
game7,Clip6,../Dataset/game7/Clip6/0057.jpg,../Dataset/game7/Clip6/Label.csv,0057.jpg,1,634.0,97.0,0,test
game7,Clip6,../Dataset/game7/Clip6/0058.jpg,../Dataset/game7/Clip6/Label.csv,0058.jpg,1,645.0,92.0,0,test
game7,Clip6,../Dataset/game7/Clip6/0059.jpg,../Dataset/game7/Clip6/Label.csv,0059.jpg,1,651.0,86.0,0,test
game7,Clip6,../Dataset/game7/Clip6/0060.jpg,../Dataset/game7/Clip6/Label.csv,0060.jpg,1,662.0,84.0,0,test
game7,Clip6,../Dataset/game7/Clip6/0061.jpg,../Dataset/game7/Clip6/Label.csv,0061.jpg,1,672.0,79.0,0,test
game7,Clip6,../Dataset/game7/Clip6/0062.jpg,../Dataset/game7/Clip6/Label.csv,0062.jpg,1,680.0,78.0,0,test
game7,Clip6,../Dataset/game7/Clip6/0063.jpg,../Dataset/game7/Clip6/Label.csv,0063.jpg,1,690.0,77.0,0,test
game7,Clip6,../Dataset/game7/Clip6/0064.jpg,../Dataset/game7/Clip6/Label.csv,0064.jpg,1,698.0,74.0,0,test
game7,Clip6,../Dataset/game7/Clip6/0065.jpg,../Dataset/game7/Clip6/Label.csv,0065.jpg,1,711.0,73.0,0,test
game7,Clip6,../Dataset/game7/Clip6/0066.jpg,../Dataset/game7/Clip6/Label.csv,0066.jpg,1,721.0,77.0,0,test
game7,Clip6,../Dataset/game7/Clip6/0067.jpg,../Dataset/game7/Clip6/Label.csv,0067.jpg,1,731.0,78.0,0,test
game7,Clip6,../Dataset/game7/Clip6/0068.jpg,../Dataset/game7/Clip6/Label.csv,0068.jpg,1,743.0,81.0,0,test
game7,Clip6,../Dataset/game7/Clip6/0069.jpg,../Dataset/game7/Clip6/Label.csv,0069.jpg,1,752.0,85.0,0,test
game7,Clip6,../Dataset/game7/Clip6/0070.jpg,../Dataset/game7/Clip6/Label.csv,0070.jpg,1,763.0,89.0,0,test
game7,Clip6,../Dataset/game7/Clip6/0071.jpg,../Dataset/game7/Clip6/Label.csv,0071.jpg,1,776.0,95.0,0,test
game7,Clip6,../Dataset/game7/Clip6/0072.jpg,../Dataset/game7/Clip6/Label.csv,0072.jpg,1,789.0,102.0,0,test
game7,Clip6,../Dataset/game7/Clip6/0073.jpg,../Dataset/game7/Clip6/Label.csv,0073.jpg,1,796.0,107.0,0,test
game7,Clip6,../Dataset/game7/Clip6/0074.jpg,../Dataset/game7/Clip6/Label.csv,0074.jpg,1,808.0,115.0,0,test
game7,Clip6,../Dataset/game7/Clip6/0075.jpg,../Dataset/game7/Clip6/Label.csv,0075.jpg,1,822.0,126.0,0,test
game7,Clip6,../Dataset/game7/Clip6/0076.jpg,../Dataset/game7/Clip6/Label.csv,0076.jpg,1,835.0,135.0,0,test
game7,Clip6,../Dataset/game7/Clip6/0077.jpg,../Dataset/game7/Clip6/Label.csv,0077.jpg,2,848.0,148.0,0,test
game7,Clip6,../Dataset/game7/Clip6/0078.jpg,../Dataset/game7/Clip6/Label.csv,0078.jpg,1,860.0,162.0,0,test
game7,Clip6,../Dataset/game7/Clip6/0079.jpg,../Dataset/game7/Clip6/Label.csv,0079.jpg,1,871.0,174.0,0,test
game7,Clip6,../Dataset/game7/Clip6/0080.jpg,../Dataset/game7/Clip6/Label.csv,0080.jpg,1,884.0,189.0,0,test
game7,Clip6,../Dataset/game7/Clip6/0081.jpg,../Dataset/game7/Clip6/Label.csv,0081.jpg,1,896.0,203.0,0,test
game7,Clip6,../Dataset/game7/Clip6/0082.jpg,../Dataset/game7/Clip6/Label.csv,0082.jpg,1,923.0,240.0,0,test
game7,Clip6,../Dataset/game7/Clip6/0083.jpg,../Dataset/game7/Clip6/Label.csv,0083.jpg,1,924.0,241.0,0,test
game7,Clip6,../Dataset/game7/Clip6/0084.jpg,../Dataset/game7/Clip6/Label.csv,0084.jpg,1,938.0,258.0,0,test
game7,Clip6,../Dataset/game7/Clip6/0085.jpg,../Dataset/game7/Clip6/Label.csv,0085.jpg,1,950.0,284.0,0,test
game7,Clip6,../Dataset/game7/Clip6/0086.jpg,../Dataset/game7/Clip6/Label.csv,0086.jpg,1,963.0,300.0,0,test
game7,Clip6,../Dataset/game7/Clip6/0087.jpg,../Dataset/game7/Clip6/Label.csv,0087.jpg,1,976.0,325.0,0,test
game7,Clip6,../Dataset/game7/Clip6/0088.jpg,../Dataset/game7/Clip6/Label.csv,0088.jpg,1,991.0,350.0,0,test
game7,Clip6,../Dataset/game7/Clip6/0089.jpg,../Dataset/game7/Clip6/Label.csv,0089.jpg,1,1003.0,376.0,0,test
game7,Clip6,../Dataset/game7/Clip6/0090.jpg,../Dataset/game7/Clip6/Label.csv,0090.jpg,1,1019.0,399.0,0,test
game7,Clip6,../Dataset/game7/Clip6/0091.jpg,../Dataset/game7/Clip6/Label.csv,0091.jpg,1,1031.0,403.0,2,test
game7,Clip6,../Dataset/game7/Clip6/0092.jpg,../Dataset/game7/Clip6/Label.csv,0092.jpg,1,1035.0,392.0,0,test
game7,Clip6,../Dataset/game7/Clip6/0093.jpg,../Dataset/game7/Clip6/Label.csv,0093.jpg,1,1047.0,385.0,0,test
game7,Clip6,../Dataset/game7/Clip6/0094.jpg,../Dataset/game7/Clip6/Label.csv,0094.jpg,1,1054.0,376.0,0,test
game7,Clip6,../Dataset/game7/Clip6/0095.jpg,../Dataset/game7/Clip6/Label.csv,0095.jpg,1,1063.0,373.0,0,test
game7,Clip6,../Dataset/game7/Clip6/0096.jpg,../Dataset/game7/Clip6/Label.csv,0096.jpg,1,1073.0,370.0,0,test
game7,Clip6,../Dataset/game7/Clip6/0097.jpg,../Dataset/game7/Clip6/Label.csv,0097.jpg,1,1081.0,368.0,0,test
game7,Clip6,../Dataset/game7/Clip6/0098.jpg,../Dataset/game7/Clip6/Label.csv,0098.jpg,1,1092.0,368.0,0,test
game7,Clip6,../Dataset/game7/Clip6/0099.jpg,../Dataset/game7/Clip6/Label.csv,0099.jpg,1,1098.0,367.0,0,test
game7,Clip6,../Dataset/game7/Clip6/0100.jpg,../Dataset/game7/Clip6/Label.csv,0100.jpg,1,1109.0,370.0,0,test
game7,Clip6,../Dataset/game7/Clip6/0101.jpg,../Dataset/game7/Clip6/Label.csv,0101.jpg,1,1117.0,373.0,0,test
game7,Clip6,../Dataset/game7/Clip6/0102.jpg,../Dataset/game7/Clip6/Label.csv,0102.jpg,1,1126.0,377.0,0,test
game7,Clip6,../Dataset/game7/Clip6/0103.jpg,../Dataset/game7/Clip6/Label.csv,0103.jpg,1,1132.0,384.0,0,test
game7,Clip6,../Dataset/game7/Clip6/0104.jpg,../Dataset/game7/Clip6/Label.csv,0104.jpg,1,1144.0,392.0,0,test
game7,Clip7,../Dataset/game7/Clip7/0000.jpg,../Dataset/game7/Clip7/Label.csv,0000.jpg,0,-1.0,-1.0,0,test
game7,Clip7,../Dataset/game7/Clip7/0001.jpg,../Dataset/game7/Clip7/Label.csv,0001.jpg,0,-1.0,-1.0,0,test
game7,Clip7,../Dataset/game7/Clip7/0002.jpg,../Dataset/game7/Clip7/Label.csv,0002.jpg,0,-1.0,-1.0,0,test
game7,Clip7,../Dataset/game7/Clip7/0003.jpg,../Dataset/game7/Clip7/Label.csv,0003.jpg,0,-1.0,-1.0,0,test
game7,Clip7,../Dataset/game7/Clip7/0004.jpg,../Dataset/game7/Clip7/Label.csv,0004.jpg,0,-1.0,-1.0,0,test
game7,Clip7,../Dataset/game7/Clip7/0005.jpg,../Dataset/game7/Clip7/Label.csv,0005.jpg,0,-1.0,-1.0,0,test
game7,Clip7,../Dataset/game7/Clip7/0006.jpg,../Dataset/game7/Clip7/Label.csv,0006.jpg,0,-1.0,-1.0,0,test
game7,Clip7,../Dataset/game7/Clip7/0007.jpg,../Dataset/game7/Clip7/Label.csv,0007.jpg,0,-1.0,-1.0,0,test
game7,Clip7,../Dataset/game7/Clip7/0008.jpg,../Dataset/game7/Clip7/Label.csv,0008.jpg,0,-1.0,-1.0,0,test
game7,Clip7,../Dataset/game7/Clip7/0009.jpg,../Dataset/game7/Clip7/Label.csv,0009.jpg,0,-1.0,-1.0,0,test
game7,Clip7,../Dataset/game7/Clip7/0010.jpg,../Dataset/game7/Clip7/Label.csv,0010.jpg,0,-1.0,-1.0,0,test
game7,Clip7,../Dataset/game7/Clip7/0011.jpg,../Dataset/game7/Clip7/Label.csv,0011.jpg,0,-1.0,-1.0,0,test
game7,Clip7,../Dataset/game7/Clip7/0012.jpg,../Dataset/game7/Clip7/Label.csv,0012.jpg,0,-1.0,-1.0,0,test
game7,Clip7,../Dataset/game7/Clip7/0013.jpg,../Dataset/game7/Clip7/Label.csv,0013.jpg,0,-1.0,-1.0,0,test
game7,Clip7,../Dataset/game7/Clip7/0014.jpg,../Dataset/game7/Clip7/Label.csv,0014.jpg,0,-1.0,-1.0,0,test
game7,Clip7,../Dataset/game7/Clip7/0015.jpg,../Dataset/game7/Clip7/Label.csv,0015.jpg,0,-1.0,-1.0,0,test
game7,Clip7,../Dataset/game7/Clip7/0016.jpg,../Dataset/game7/Clip7/Label.csv,0016.jpg,2,595.0,16.0,0,test
game7,Clip7,../Dataset/game7/Clip7/0017.jpg,../Dataset/game7/Clip7/Label.csv,0017.jpg,2,605.0,50.0,0,test
game7,Clip7,../Dataset/game7/Clip7/0018.jpg,../Dataset/game7/Clip7/Label.csv,0018.jpg,2,620.0,101.0,0,test
game7,Clip7,../Dataset/game7/Clip7/0019.jpg,../Dataset/game7/Clip7/Label.csv,0019.jpg,2,633.0,143.0,0,test
game7,Clip7,../Dataset/game7/Clip7/0020.jpg,../Dataset/game7/Clip7/Label.csv,0020.jpg,2,645.0,198.0,0,test
game7,Clip7,../Dataset/game7/Clip7/0021.jpg,../Dataset/game7/Clip7/Label.csv,0021.jpg,2,656.0,247.0,0,test
game7,Clip7,../Dataset/game7/Clip7/0022.jpg,../Dataset/game7/Clip7/Label.csv,0022.jpg,2,675.0,298.0,0,test
game7,Clip7,../Dataset/game7/Clip7/0023.jpg,../Dataset/game7/Clip7/Label.csv,0023.jpg,1,686.0,360.0,0,test
game7,Clip7,../Dataset/game7/Clip7/0024.jpg,../Dataset/game7/Clip7/Label.csv,0024.jpg,1,701.0,406.0,0,test
game7,Clip7,../Dataset/game7/Clip7/0025.jpg,../Dataset/game7/Clip7/Label.csv,0025.jpg,1,715.0,408.0,2,test
game7,Clip7,../Dataset/game7/Clip7/0026.jpg,../Dataset/game7/Clip7/Label.csv,0026.jpg,1,732.0,421.0,0,test
game7,Clip7,../Dataset/game7/Clip7/0027.jpg,../Dataset/game7/Clip7/Label.csv,0027.jpg,1,749.0,430.0,1,test
game7,Clip7,../Dataset/game7/Clip7/0028.jpg,../Dataset/game7/Clip7/Label.csv,0028.jpg,1,753.0,394.0,0,test
game7,Clip7,../Dataset/game7/Clip7/0029.jpg,../Dataset/game7/Clip7/Label.csv,0029.jpg,1,754.0,352.0,0,test
game7,Clip7,../Dataset/game7/Clip7/0030.jpg,../Dataset/game7/Clip7/Label.csv,0030.jpg,1,757.0,313.0,0,test
game7,Clip7,../Dataset/game7/Clip7/0031.jpg,../Dataset/game7/Clip7/Label.csv,0031.jpg,1,764.0,287.0,0,test
game7,Clip7,../Dataset/game7/Clip7/0032.jpg,../Dataset/game7/Clip7/Label.csv,0032.jpg,1,766.0,253.0,0,test
game7,Clip7,../Dataset/game7/Clip7/0033.jpg,../Dataset/game7/Clip7/Label.csv,0033.jpg,2,768.0,230.0,0,test
game7,Clip7,../Dataset/game7/Clip7/0034.jpg,../Dataset/game7/Clip7/Label.csv,0034.jpg,1,771.0,198.0,0,test
game7,Clip7,../Dataset/game7/Clip7/0035.jpg,../Dataset/game7/Clip7/Label.csv,0035.jpg,1,775.0,181.0,0,test
game7,Clip7,../Dataset/game7/Clip7/0036.jpg,../Dataset/game7/Clip7/Label.csv,0036.jpg,1,778.0,155.0,0,test
game7,Clip7,../Dataset/game7/Clip7/0037.jpg,../Dataset/game7/Clip7/Label.csv,0037.jpg,1,780.0,140.0,0,test
game7,Clip7,../Dataset/game7/Clip7/0038.jpg,../Dataset/game7/Clip7/Label.csv,0038.jpg,2,782.0,129.0,0,test
game7,Clip7,../Dataset/game7/Clip7/0039.jpg,../Dataset/game7/Clip7/Label.csv,0039.jpg,1,784.0,109.0,0,test
game7,Clip7,../Dataset/game7/Clip7/0040.jpg,../Dataset/game7/Clip7/Label.csv,0040.jpg,1,792.0,94.0,0,test
game7,Clip7,../Dataset/game7/Clip7/0041.jpg,../Dataset/game7/Clip7/Label.csv,0041.jpg,1,790.0,86.0,0,test
game7,Clip7,../Dataset/game7/Clip7/0042.jpg,../Dataset/game7/Clip7/Label.csv,0042.jpg,1,794.0,75.0,0,test
game7,Clip7,../Dataset/game7/Clip7/0043.jpg,../Dataset/game7/Clip7/Label.csv,0043.jpg,1,796.0,71.0,0,test
game7,Clip7,../Dataset/game7/Clip7/0044.jpg,../Dataset/game7/Clip7/Label.csv,0044.jpg,1,802.0,60.0,0,test
game7,Clip7,../Dataset/game7/Clip7/0045.jpg,../Dataset/game7/Clip7/Label.csv,0045.jpg,1,801.0,60.0,0,test
game7,Clip7,../Dataset/game7/Clip7/0046.jpg,../Dataset/game7/Clip7/Label.csv,0046.jpg,1,806.0,54.0,0,test
game7,Clip7,../Dataset/game7/Clip7/0047.jpg,../Dataset/game7/Clip7/Label.csv,0047.jpg,1,804.0,47.0,0,test
game7,Clip7,../Dataset/game7/Clip7/0048.jpg,../Dataset/game7/Clip7/Label.csv,0048.jpg,1,813.0,50.0,0,test
game7,Clip7,../Dataset/game7/Clip7/0049.jpg,../Dataset/game7/Clip7/Label.csv,0049.jpg,1,815.0,45.0,0,test
game7,Clip7,../Dataset/game7/Clip7/0050.jpg,../Dataset/game7/Clip7/Label.csv,0050.jpg,1,815.0,48.0,0,test
game7,Clip7,../Dataset/game7/Clip7/0051.jpg,../Dataset/game7/Clip7/Label.csv,0051.jpg,1,817.0,50.0,0,test
game7,Clip7,../Dataset/game7/Clip7/0052.jpg,../Dataset/game7/Clip7/Label.csv,0052.jpg,1,819.0,56.0,0,test
game7,Clip7,../Dataset/game7/Clip7/0053.jpg,../Dataset/game7/Clip7/Label.csv,0053.jpg,1,825.0,56.0,0,test
game7,Clip7,../Dataset/game7/Clip7/0054.jpg,../Dataset/game7/Clip7/Label.csv,0054.jpg,1,827.0,59.0,0,test
game7,Clip7,../Dataset/game7/Clip7/0055.jpg,../Dataset/game7/Clip7/Label.csv,0055.jpg,1,828.0,66.0,0,test
game7,Clip7,../Dataset/game7/Clip7/0056.jpg,../Dataset/game7/Clip7/Label.csv,0056.jpg,1,829.0,72.0,0,test
game7,Clip7,../Dataset/game7/Clip7/0057.jpg,../Dataset/game7/Clip7/Label.csv,0057.jpg,1,830.0,77.0,0,test
game7,Clip7,../Dataset/game7/Clip7/0058.jpg,../Dataset/game7/Clip7/Label.csv,0058.jpg,1,836.0,85.0,0,test
game7,Clip7,../Dataset/game7/Clip7/0059.jpg,../Dataset/game7/Clip7/Label.csv,0059.jpg,1,836.0,95.0,0,test
game7,Clip7,../Dataset/game7/Clip7/0060.jpg,../Dataset/game7/Clip7/Label.csv,0060.jpg,1,835.0,103.0,0,test
game7,Clip7,../Dataset/game7/Clip7/0061.jpg,../Dataset/game7/Clip7/Label.csv,0061.jpg,1,840.0,113.0,0,test
game7,Clip7,../Dataset/game7/Clip7/0062.jpg,../Dataset/game7/Clip7/Label.csv,0062.jpg,1,839.0,117.0,0,test
game7,Clip7,../Dataset/game7/Clip7/0063.jpg,../Dataset/game7/Clip7/Label.csv,0063.jpg,2,845.0,130.0,2,test
game7,Clip7,../Dataset/game7/Clip7/0064.jpg,../Dataset/game7/Clip7/Label.csv,0064.jpg,1,847.0,127.0,0,test
game7,Clip7,../Dataset/game7/Clip7/0065.jpg,../Dataset/game7/Clip7/Label.csv,0065.jpg,1,846.0,108.0,0,test
game7,Clip7,../Dataset/game7/Clip7/0066.jpg,../Dataset/game7/Clip7/Label.csv,0066.jpg,1,848.0,98.0,0,test
game7,Clip7,../Dataset/game7/Clip7/0067.jpg,../Dataset/game7/Clip7/Label.csv,0067.jpg,1,850.0,84.0,0,test
game7,Clip7,../Dataset/game7/Clip7/0068.jpg,../Dataset/game7/Clip7/Label.csv,0068.jpg,1,850.0,74.0,0,test
game7,Clip7,../Dataset/game7/Clip7/0069.jpg,../Dataset/game7/Clip7/Label.csv,0069.jpg,1,852.0,60.0,0,test
game7,Clip7,../Dataset/game7/Clip7/0070.jpg,../Dataset/game7/Clip7/Label.csv,0070.jpg,1,854.0,59.0,0,test
game7,Clip7,../Dataset/game7/Clip7/0071.jpg,../Dataset/game7/Clip7/Label.csv,0071.jpg,1,857.0,47.0,1,test
game7,Clip7,../Dataset/game7/Clip7/0072.jpg,../Dataset/game7/Clip7/Label.csv,0072.jpg,1,845.0,48.0,0,test
game7,Clip7,../Dataset/game7/Clip7/0073.jpg,../Dataset/game7/Clip7/Label.csv,0073.jpg,0,-1.0,-1.0,0,test
game7,Clip7,../Dataset/game7/Clip7/0074.jpg,../Dataset/game7/Clip7/Label.csv,0074.jpg,0,-1.0,-1.0,0,test
game7,Clip7,../Dataset/game7/Clip7/0075.jpg,../Dataset/game7/Clip7/Label.csv,0075.jpg,1,793.0,60.0,0,test
game7,Clip7,../Dataset/game7/Clip7/0076.jpg,../Dataset/game7/Clip7/Label.csv,0076.jpg,1,775.0,62.0,0,test
game7,Clip7,../Dataset/game7/Clip7/0077.jpg,../Dataset/game7/Clip7/Label.csv,0077.jpg,1,760.0,71.0,0,test
game7,Clip7,../Dataset/game7/Clip7/0078.jpg,../Dataset/game7/Clip7/Label.csv,0078.jpg,1,740.0,82.0,0,test
game7,Clip7,../Dataset/game7/Clip7/0079.jpg,../Dataset/game7/Clip7/Label.csv,0079.jpg,1,723.0,92.0,0,test
game7,Clip7,../Dataset/game7/Clip7/0080.jpg,../Dataset/game7/Clip7/Label.csv,0080.jpg,1,709.0,102.0,0,test
game7,Clip7,../Dataset/game7/Clip7/0081.jpg,../Dataset/game7/Clip7/Label.csv,0081.jpg,1,687.0,118.0,0,test
game7,Clip7,../Dataset/game7/Clip7/0082.jpg,../Dataset/game7/Clip7/Label.csv,0082.jpg,2,672.0,133.0,0,test
game7,Clip7,../Dataset/game7/Clip7/0083.jpg,../Dataset/game7/Clip7/Label.csv,0083.jpg,1,653.0,152.0,0,test
game7,Clip7,../Dataset/game7/Clip7/0084.jpg,../Dataset/game7/Clip7/Label.csv,0084.jpg,1,637.0,172.0,0,test
game7,Clip7,../Dataset/game7/Clip7/0085.jpg,../Dataset/game7/Clip7/Label.csv,0085.jpg,2,618.0,193.0,0,test
game7,Clip7,../Dataset/game7/Clip7/0086.jpg,../Dataset/game7/Clip7/Label.csv,0086.jpg,1,603.0,218.0,0,test
game7,Clip7,../Dataset/game7/Clip7/0087.jpg,../Dataset/game7/Clip7/Label.csv,0087.jpg,1,581.0,242.0,0,test
game7,Clip7,../Dataset/game7/Clip7/0088.jpg,../Dataset/game7/Clip7/Label.csv,0088.jpg,1,563.0,271.0,0,test
game7,Clip7,../Dataset/game7/Clip7/0089.jpg,../Dataset/game7/Clip7/Label.csv,0089.jpg,1,541.0,304.0,0,test
game7,Clip7,../Dataset/game7/Clip7/0090.jpg,../Dataset/game7/Clip7/Label.csv,0090.jpg,1,524.0,333.0,0,test
game7,Clip7,../Dataset/game7/Clip7/0091.jpg,../Dataset/game7/Clip7/Label.csv,0091.jpg,1,506.0,362.0,0,test
game7,Clip7,../Dataset/game7/Clip7/0092.jpg,../Dataset/game7/Clip7/Label.csv,0092.jpg,1,485.0,399.0,0,test
game7,Clip7,../Dataset/game7/Clip7/0093.jpg,../Dataset/game7/Clip7/Label.csv,0093.jpg,1,467.0,416.0,2,test
game7,Clip7,../Dataset/game7/Clip7/0094.jpg,../Dataset/game7/Clip7/Label.csv,0094.jpg,1,456.0,407.0,0,test
game7,Clip7,../Dataset/game7/Clip7/0095.jpg,../Dataset/game7/Clip7/Label.csv,0095.jpg,1,440.0,406.0,0,test
game7,Clip7,../Dataset/game7/Clip7/0096.jpg,../Dataset/game7/Clip7/Label.csv,0096.jpg,1,428.0,402.0,0,test
game7,Clip7,../Dataset/game7/Clip7/0097.jpg,../Dataset/game7/Clip7/Label.csv,0097.jpg,1,412.0,404.0,0,test
game7,Clip7,../Dataset/game7/Clip7/0098.jpg,../Dataset/game7/Clip7/Label.csv,0098.jpg,1,397.0,400.0,0,test
game7,Clip7,../Dataset/game7/Clip7/0099.jpg,../Dataset/game7/Clip7/Label.csv,0099.jpg,1,382.0,405.0,0,test
game7,Clip7,../Dataset/game7/Clip7/0100.jpg,../Dataset/game7/Clip7/Label.csv,0100.jpg,1,366.0,411.0,0,test
game7,Clip7,../Dataset/game7/Clip7/0101.jpg,../Dataset/game7/Clip7/Label.csv,0101.jpg,1,352.0,420.0,0,test
game7,Clip7,../Dataset/game7/Clip7/0102.jpg,../Dataset/game7/Clip7/Label.csv,0102.jpg,2,338.0,423.0,0,test
game7,Clip7,../Dataset/game7/Clip7/0103.jpg,../Dataset/game7/Clip7/Label.csv,0103.jpg,1,316.0,434.0,0,test
game7,Clip7,../Dataset/game7/Clip7/0104.jpg,../Dataset/game7/Clip7/Label.csv,0104.jpg,1,306.0,446.0,1,test
game7,Clip7,../Dataset/game7/Clip7/0105.jpg,../Dataset/game7/Clip7/Label.csv,0105.jpg,0,-1.0,-1.0,0,test
game7,Clip7,../Dataset/game7/Clip7/0106.jpg,../Dataset/game7/Clip7/Label.csv,0106.jpg,1,398.0,369.0,0,test
game7,Clip7,../Dataset/game7/Clip7/0107.jpg,../Dataset/game7/Clip7/Label.csv,0107.jpg,1,456.0,326.0,0,test
game7,Clip7,../Dataset/game7/Clip7/0108.jpg,../Dataset/game7/Clip7/Label.csv,0108.jpg,1,497.0,296.0,0,test
game7,Clip7,../Dataset/game7/Clip7/0109.jpg,../Dataset/game7/Clip7/Label.csv,0109.jpg,1,529.0,275.0,0,test
game7,Clip7,../Dataset/game7/Clip7/0110.jpg,../Dataset/game7/Clip7/Label.csv,0110.jpg,1,567.0,256.0,0,test
game7,Clip7,../Dataset/game7/Clip7/0111.jpg,../Dataset/game7/Clip7/Label.csv,0111.jpg,1,595.0,240.0,0,test
game7,Clip7,../Dataset/game7/Clip7/0112.jpg,../Dataset/game7/Clip7/Label.csv,0112.jpg,2,619.0,230.0,0,test
game7,Clip7,../Dataset/game7/Clip7/0113.jpg,../Dataset/game7/Clip7/Label.csv,0113.jpg,1,652.0,213.0,0,test
game7,Clip7,../Dataset/game7/Clip7/0114.jpg,../Dataset/game7/Clip7/Label.csv,0114.jpg,1,672.0,209.0,0,test
game7,Clip7,../Dataset/game7/Clip7/0115.jpg,../Dataset/game7/Clip7/Label.csv,0115.jpg,1,698.0,199.0,0,test
game7,Clip7,../Dataset/game7/Clip7/0116.jpg,../Dataset/game7/Clip7/Label.csv,0116.jpg,1,720.0,200.0,0,test
game7,Clip7,../Dataset/game7/Clip7/0117.jpg,../Dataset/game7/Clip7/Label.csv,0117.jpg,1,742.0,193.0,0,test
game7,Clip7,../Dataset/game7/Clip7/0118.jpg,../Dataset/game7/Clip7/Label.csv,0118.jpg,1,757.0,191.0,0,test
game7,Clip7,../Dataset/game7/Clip7/0119.jpg,../Dataset/game7/Clip7/Label.csv,0119.jpg,1,772.0,191.0,0,test
game7,Clip7,../Dataset/game7/Clip7/0120.jpg,../Dataset/game7/Clip7/Label.csv,0120.jpg,1,785.0,193.0,2,test
game7,Clip7,../Dataset/game7/Clip7/0121.jpg,../Dataset/game7/Clip7/Label.csv,0121.jpg,1,803.0,181.0,0,test
game7,Clip7,../Dataset/game7/Clip7/0122.jpg,../Dataset/game7/Clip7/Label.csv,0122.jpg,1,814.0,163.0,0,test
game7,Clip7,../Dataset/game7/Clip7/0123.jpg,../Dataset/game7/Clip7/Label.csv,0123.jpg,1,827.0,148.0,0,test
game7,Clip7,../Dataset/game7/Clip7/0124.jpg,../Dataset/game7/Clip7/Label.csv,0124.jpg,1,836.0,131.0,0,test
game7,Clip7,../Dataset/game7/Clip7/0125.jpg,../Dataset/game7/Clip7/Label.csv,0125.jpg,1,849.0,115.0,0,test
game7,Clip7,../Dataset/game7/Clip7/0126.jpg,../Dataset/game7/Clip7/Label.csv,0126.jpg,1,860.0,109.0,0,test
game7,Clip7,../Dataset/game7/Clip7/0127.jpg,../Dataset/game7/Clip7/Label.csv,0127.jpg,1,865.0,98.0,0,test
game7,Clip7,../Dataset/game7/Clip7/0128.jpg,../Dataset/game7/Clip7/Label.csv,0128.jpg,1,876.0,86.0,0,test
game7,Clip7,../Dataset/game7/Clip7/0129.jpg,../Dataset/game7/Clip7/Label.csv,0129.jpg,1,883.0,85.0,0,test
game7,Clip7,../Dataset/game7/Clip7/0130.jpg,../Dataset/game7/Clip7/Label.csv,0130.jpg,1,891.0,78.0,0,test
game7,Clip7,../Dataset/game7/Clip7/0131.jpg,../Dataset/game7/Clip7/Label.csv,0131.jpg,1,899.0,75.0,0,test
game7,Clip7,../Dataset/game7/Clip7/0132.jpg,../Dataset/game7/Clip7/Label.csv,0132.jpg,1,907.0,71.0,0,test
game7,Clip7,../Dataset/game7/Clip7/0133.jpg,../Dataset/game7/Clip7/Label.csv,0133.jpg,1,917.0,72.0,0,test
game7,Clip7,../Dataset/game7/Clip7/0134.jpg,../Dataset/game7/Clip7/Label.csv,0134.jpg,1,922.0,69.0,0,test
game7,Clip7,../Dataset/game7/Clip7/0135.jpg,../Dataset/game7/Clip7/Label.csv,0135.jpg,1,930.0,67.0,0,test
game7,Clip7,../Dataset/game7/Clip7/0136.jpg,../Dataset/game7/Clip7/Label.csv,0136.jpg,1,932.0,73.0,0,test
game7,Clip7,../Dataset/game7/Clip7/0137.jpg,../Dataset/game7/Clip7/Label.csv,0137.jpg,1,942.0,77.0,0,test
game7,Clip7,../Dataset/game7/Clip7/0138.jpg,../Dataset/game7/Clip7/Label.csv,0138.jpg,1,946.0,77.0,2,test
game7,Clip7,../Dataset/game7/Clip7/0139.jpg,../Dataset/game7/Clip7/Label.csv,0139.jpg,1,954.0,70.0,0,test
game7,Clip7,../Dataset/game7/Clip7/0140.jpg,../Dataset/game7/Clip7/Label.csv,0140.jpg,1,956.0,61.0,0,test
game7,Clip7,../Dataset/game7/Clip7/0141.jpg,../Dataset/game7/Clip7/Label.csv,0141.jpg,1,966.0,55.0,0,test
game7,Clip7,../Dataset/game7/Clip7/0142.jpg,../Dataset/game7/Clip7/Label.csv,0142.jpg,1,974.0,45.0,0,test
game7,Clip8,../Dataset/game7/Clip8/0000.jpg,../Dataset/game7/Clip8/Label.csv,0000.jpg,2,610.0,86.0,0,test
game7,Clip8,../Dataset/game7/Clip8/0001.jpg,../Dataset/game7/Clip8/Label.csv,0001.jpg,2,614.0,89.0,0,test
game7,Clip8,../Dataset/game7/Clip8/0002.jpg,../Dataset/game7/Clip8/Label.csv,0002.jpg,2,612.0,90.0,0,test
game7,Clip8,../Dataset/game7/Clip8/0003.jpg,../Dataset/game7/Clip8/Label.csv,0003.jpg,2,612.0,89.0,0,test
game7,Clip8,../Dataset/game7/Clip8/0004.jpg,../Dataset/game7/Clip8/Label.csv,0004.jpg,2,612.0,86.0,0,test
game7,Clip8,../Dataset/game7/Clip8/0005.jpg,../Dataset/game7/Clip8/Label.csv,0005.jpg,2,606.0,85.0,0,test
game7,Clip8,../Dataset/game7/Clip8/0006.jpg,../Dataset/game7/Clip8/Label.csv,0006.jpg,2,605.0,85.0,0,test
game7,Clip8,../Dataset/game7/Clip8/0007.jpg,../Dataset/game7/Clip8/Label.csv,0007.jpg,2,601.0,77.0,0,test
game7,Clip8,../Dataset/game7/Clip8/0008.jpg,../Dataset/game7/Clip8/Label.csv,0008.jpg,2,592.0,72.0,0,test
game7,Clip8,../Dataset/game7/Clip8/0009.jpg,../Dataset/game7/Clip8/Label.csv,0009.jpg,2,586.0,45.0,0,test
game7,Clip8,../Dataset/game7/Clip8/0010.jpg,../Dataset/game7/Clip8/Label.csv,0010.jpg,2,586.0,46.0,0,test
game7,Clip8,../Dataset/game7/Clip8/0011.jpg,../Dataset/game7/Clip8/Label.csv,0011.jpg,1,589.0,33.0,0,test
game7,Clip8,../Dataset/game7/Clip8/0012.jpg,../Dataset/game7/Clip8/Label.csv,0012.jpg,1,593.0,17.0,0,test
game7,Clip8,../Dataset/game7/Clip8/0013.jpg,../Dataset/game7/Clip8/Label.csv,0013.jpg,1,592.0,8.0,0,test
game7,Clip8,../Dataset/game7/Clip8/0014.jpg,../Dataset/game7/Clip8/Label.csv,0014.jpg,0,-1.0,-1.0,0,test
game7,Clip8,../Dataset/game7/Clip8/0015.jpg,../Dataset/game7/Clip8/Label.csv,0015.jpg,0,-1.0,-1.0,0,test
game7,Clip8,../Dataset/game7/Clip8/0016.jpg,../Dataset/game7/Clip8/Label.csv,0016.jpg,0,-1.0,-1.0,0,test
game7,Clip8,../Dataset/game7/Clip8/0017.jpg,../Dataset/game7/Clip8/Label.csv,0017.jpg,0,-1.0,-1.0,0,test
game7,Clip8,../Dataset/game7/Clip8/0018.jpg,../Dataset/game7/Clip8/Label.csv,0018.jpg,0,-1.0,-1.0,0,test
game7,Clip8,../Dataset/game7/Clip8/0019.jpg,../Dataset/game7/Clip8/Label.csv,0019.jpg,0,-1.0,-1.0,0,test
game7,Clip8,../Dataset/game7/Clip8/0020.jpg,../Dataset/game7/Clip8/Label.csv,0020.jpg,0,-1.0,-1.0,0,test
game7,Clip8,../Dataset/game7/Clip8/0021.jpg,../Dataset/game7/Clip8/Label.csv,0021.jpg,0,-1.0,-1.0,0,test
game7,Clip8,../Dataset/game7/Clip8/0022.jpg,../Dataset/game7/Clip8/Label.csv,0022.jpg,0,-1.0,-1.0,0,test
game7,Clip8,../Dataset/game7/Clip8/0023.jpg,../Dataset/game7/Clip8/Label.csv,0023.jpg,0,-1.0,-1.0,0,test
game7,Clip8,../Dataset/game7/Clip8/0024.jpg,../Dataset/game7/Clip8/Label.csv,0024.jpg,0,-1.0,-1.0,0,test
game7,Clip8,../Dataset/game7/Clip8/0025.jpg,../Dataset/game7/Clip8/Label.csv,0025.jpg,0,-1.0,-1.0,0,test
game7,Clip8,../Dataset/game7/Clip8/0026.jpg,../Dataset/game7/Clip8/Label.csv,0026.jpg,0,-1.0,-1.0,0,test
game7,Clip8,../Dataset/game7/Clip8/0027.jpg,../Dataset/game7/Clip8/Label.csv,0027.jpg,0,-1.0,-1.0,0,test
game7,Clip8,../Dataset/game7/Clip8/0028.jpg,../Dataset/game7/Clip8/Label.csv,0028.jpg,0,-1.0,-1.0,0,test
game7,Clip8,../Dataset/game7/Clip8/0029.jpg,../Dataset/game7/Clip8/Label.csv,0029.jpg,0,-1.0,-1.0,0,test
game7,Clip8,../Dataset/game7/Clip8/0030.jpg,../Dataset/game7/Clip8/Label.csv,0030.jpg,0,-1.0,-1.0,0,test
game7,Clip8,../Dataset/game7/Clip8/0031.jpg,../Dataset/game7/Clip8/Label.csv,0031.jpg,0,-1.0,-1.0,0,test
game7,Clip8,../Dataset/game7/Clip8/0032.jpg,../Dataset/game7/Clip8/Label.csv,0032.jpg,1,651.0,5.0,0,test
game7,Clip8,../Dataset/game7/Clip8/0033.jpg,../Dataset/game7/Clip8/Label.csv,0033.jpg,1,674.0,36.0,0,test
game7,Clip8,../Dataset/game7/Clip8/0034.jpg,../Dataset/game7/Clip8/Label.csv,0034.jpg,1,696.0,73.0,0,test
game7,Clip8,../Dataset/game7/Clip8/0035.jpg,../Dataset/game7/Clip8/Label.csv,0035.jpg,1,725.0,110.0,0,test
game7,Clip8,../Dataset/game7/Clip8/0036.jpg,../Dataset/game7/Clip8/Label.csv,0036.jpg,1,750.0,148.0,0,test
game7,Clip8,../Dataset/game7/Clip8/0037.jpg,../Dataset/game7/Clip8/Label.csv,0037.jpg,1,779.0,194.0,0,test
game7,Clip8,../Dataset/game7/Clip8/0038.jpg,../Dataset/game7/Clip8/Label.csv,0038.jpg,1,813.0,245.0,0,test
game7,Clip8,../Dataset/game7/Clip8/0039.jpg,../Dataset/game7/Clip8/Label.csv,0039.jpg,1,845.0,287.0,0,test
game7,Clip8,../Dataset/game7/Clip8/0040.jpg,../Dataset/game7/Clip8/Label.csv,0040.jpg,1,876.0,337.0,0,test
game7,Clip8,../Dataset/game7/Clip8/0041.jpg,../Dataset/game7/Clip8/Label.csv,0041.jpg,1,914.0,393.0,0,test
game7,Clip8,../Dataset/game7/Clip8/0042.jpg,../Dataset/game7/Clip8/Label.csv,0042.jpg,1,946.0,409.0,2,test
game7,Clip8,../Dataset/game7/Clip8/0043.jpg,../Dataset/game7/Clip8/Label.csv,0043.jpg,1,973.0,412.0,0,test
game7,Clip8,../Dataset/game7/Clip8/0044.jpg,../Dataset/game7/Clip8/Label.csv,0044.jpg,1,1003.0,416.0,0,test
game7,Clip8,../Dataset/game7/Clip8/0045.jpg,../Dataset/game7/Clip8/Label.csv,0045.jpg,1,1032.0,422.0,0,test
game7,Clip8,../Dataset/game7/Clip8/0046.jpg,../Dataset/game7/Clip8/Label.csv,0046.jpg,1,1070.0,432.0,0,test
game7,Clip8,../Dataset/game7/Clip8/0047.jpg,../Dataset/game7/Clip8/Label.csv,0047.jpg,1,1104.0,441.0,0,test
game7,Clip8,../Dataset/game7/Clip8/0048.jpg,../Dataset/game7/Clip8/Label.csv,0048.jpg,1,1139.0,453.0,0,test
game7,Clip8,../Dataset/game7/Clip8/0049.jpg,../Dataset/game7/Clip8/Label.csv,0049.jpg,1,1174.0,469.0,0,test
game7,Clip8,../Dataset/game7/Clip8/0050.jpg,../Dataset/game7/Clip8/Label.csv,0050.jpg,1,1216.0,488.0,0,test
game7,Clip8,../Dataset/game7/Clip8/0051.jpg,../Dataset/game7/Clip8/Label.csv,0051.jpg,1,1258.0,513.0,0,test
game7,Clip8,../Dataset/game7/Clip8/0052.jpg,../Dataset/game7/Clip8/Label.csv,0052.jpg,3,1279.0,526.0,0,test
game7,Clip8,../Dataset/game7/Clip8/0053.jpg,../Dataset/game7/Clip8/Label.csv,0053.jpg,0,-1.0,-1.0,0,test
game7,Clip9,../Dataset/game7/Clip9/0000.jpg,../Dataset/game7/Clip9/Label.csv,0000.jpg,3,664.0,94.0,0,test
game7,Clip9,../Dataset/game7/Clip9/0001.jpg,../Dataset/game7/Clip9/Label.csv,0001.jpg,3,656.0,86.0,0,test
game7,Clip9,../Dataset/game7/Clip9/0002.jpg,../Dataset/game7/Clip9/Label.csv,0002.jpg,3,649.0,82.0,0,test
game7,Clip9,../Dataset/game7/Clip9/0003.jpg,../Dataset/game7/Clip9/Label.csv,0003.jpg,3,644.0,69.0,0,test
game7,Clip9,../Dataset/game7/Clip9/0004.jpg,../Dataset/game7/Clip9/Label.csv,0004.jpg,3,641.0,58.0,0,test
game7,Clip9,../Dataset/game7/Clip9/0005.jpg,../Dataset/game7/Clip9/Label.csv,0005.jpg,3,639.0,47.0,0,test
game7,Clip9,../Dataset/game7/Clip9/0006.jpg,../Dataset/game7/Clip9/Label.csv,0006.jpg,3,641.0,34.0,0,test
game7,Clip9,../Dataset/game7/Clip9/0007.jpg,../Dataset/game7/Clip9/Label.csv,0007.jpg,1,641.0,23.0,0,test
game7,Clip9,../Dataset/game7/Clip9/0008.jpg,../Dataset/game7/Clip9/Label.csv,0008.jpg,1,642.0,14.0,0,test
game7,Clip9,../Dataset/game7/Clip9/0009.jpg,../Dataset/game7/Clip9/Label.csv,0009.jpg,1,643.0,4.0,0,test
game7,Clip9,../Dataset/game7/Clip9/0010.jpg,../Dataset/game7/Clip9/Label.csv,0010.jpg,0,-1.0,-1.0,0,test
game7,Clip9,../Dataset/game7/Clip9/0011.jpg,../Dataset/game7/Clip9/Label.csv,0011.jpg,0,-1.0,-1.0,0,test
game7,Clip9,../Dataset/game7/Clip9/0012.jpg,../Dataset/game7/Clip9/Label.csv,0012.jpg,0,-1.0,-1.0,0,test
game7,Clip9,../Dataset/game7/Clip9/0013.jpg,../Dataset/game7/Clip9/Label.csv,0013.jpg,0,-1.0,-1.0,0,test
game7,Clip9,../Dataset/game7/Clip9/0014.jpg,../Dataset/game7/Clip9/Label.csv,0014.jpg,0,-1.0,-1.0,0,test
game7,Clip9,../Dataset/game7/Clip9/0015.jpg,../Dataset/game7/Clip9/Label.csv,0015.jpg,0,-1.0,-1.0,0,test
game7,Clip9,../Dataset/game7/Clip9/0016.jpg,../Dataset/game7/Clip9/Label.csv,0016.jpg,0,-1.0,-1.0,0,test
game7,Clip9,../Dataset/game7/Clip9/0017.jpg,../Dataset/game7/Clip9/Label.csv,0017.jpg,0,-1.0,-1.0,0,test
game7,Clip9,../Dataset/game7/Clip9/0018.jpg,../Dataset/game7/Clip9/Label.csv,0018.jpg,0,-1.0,-1.0,0,test
game7,Clip9,../Dataset/game7/Clip9/0019.jpg,../Dataset/game7/Clip9/Label.csv,0019.jpg,0,-1.0,-1.0,0,test
game7,Clip9,../Dataset/game7/Clip9/0020.jpg,../Dataset/game7/Clip9/Label.csv,0020.jpg,0,-1.0,-1.0,0,test
game7,Clip9,../Dataset/game7/Clip9/0021.jpg,../Dataset/game7/Clip9/Label.csv,0021.jpg,0,-1.0,-1.0,0,test
game7,Clip9,../Dataset/game7/Clip9/0022.jpg,../Dataset/game7/Clip9/Label.csv,0022.jpg,0,-1.0,-1.0,0,test
game7,Clip9,../Dataset/game7/Clip9/0023.jpg,../Dataset/game7/Clip9/Label.csv,0023.jpg,1,599.0,26.0,0,test
game7,Clip9,../Dataset/game7/Clip9/0024.jpg,../Dataset/game7/Clip9/Label.csv,0024.jpg,1,567.0,63.0,0,test
game7,Clip9,../Dataset/game7/Clip9/0025.jpg,../Dataset/game7/Clip9/Label.csv,0025.jpg,1,538.0,104.0,0,test
game7,Clip9,../Dataset/game7/Clip9/0026.jpg,../Dataset/game7/Clip9/Label.csv,0026.jpg,1,511.0,142.0,0,test
game7,Clip9,../Dataset/game7/Clip9/0027.jpg,../Dataset/game7/Clip9/Label.csv,0027.jpg,1,475.0,185.0,0,test
game7,Clip9,../Dataset/game7/Clip9/0028.jpg,../Dataset/game7/Clip9/Label.csv,0028.jpg,1,445.0,230.0,0,test
game7,Clip9,../Dataset/game7/Clip9/0029.jpg,../Dataset/game7/Clip9/Label.csv,0029.jpg,1,416.0,278.0,0,test
game7,Clip9,../Dataset/game7/Clip9/0030.jpg,../Dataset/game7/Clip9/Label.csv,0030.jpg,1,384.0,332.0,0,test
game7,Clip9,../Dataset/game7/Clip9/0031.jpg,../Dataset/game7/Clip9/Label.csv,0031.jpg,1,351.0,386.0,0,test
game7,Clip9,../Dataset/game7/Clip9/0032.jpg,../Dataset/game7/Clip9/Label.csv,0032.jpg,1,326.0,399.0,2,test
game7,Clip9,../Dataset/game7/Clip9/0033.jpg,../Dataset/game7/Clip9/Label.csv,0033.jpg,1,302.0,403.0,0,test
game7,Clip9,../Dataset/game7/Clip9/0034.jpg,../Dataset/game7/Clip9/Label.csv,0034.jpg,1,277.0,402.0,0,test
game7,Clip9,../Dataset/game7/Clip9/0035.jpg,../Dataset/game7/Clip9/Label.csv,0035.jpg,1,252.0,408.0,0,test
game7,Clip9,../Dataset/game7/Clip9/0036.jpg,../Dataset/game7/Clip9/Label.csv,0036.jpg,1,226.0,414.0,0,test
game7,Clip9,../Dataset/game7/Clip9/0037.jpg,../Dataset/game7/Clip9/Label.csv,0037.jpg,2,202.0,421.0,0,test
game7,Clip9,../Dataset/game7/Clip9/0038.jpg,../Dataset/game7/Clip9/Label.csv,0038.jpg,1,175.0,434.0,0,test
game7,Clip9,../Dataset/game7/Clip9/0039.jpg,../Dataset/game7/Clip9/Label.csv,0039.jpg,1,166.0,425.0,1,test
game7,Clip9,../Dataset/game7/Clip9/0040.jpg,../Dataset/game7/Clip9/Label.csv,0040.jpg,1,184.0,377.0,0,test
game7,Clip9,../Dataset/game7/Clip9/0041.jpg,../Dataset/game7/Clip9/Label.csv,0041.jpg,1,198.0,338.0,0,test
game7,Clip9,../Dataset/game7/Clip9/0042.jpg,../Dataset/game7/Clip9/Label.csv,0042.jpg,1,211.0,302.0,0,test
game7,Clip9,../Dataset/game7/Clip9/0043.jpg,../Dataset/game7/Clip9/Label.csv,0043.jpg,1,227.0,265.0,0,test
game7,Clip9,../Dataset/game7/Clip9/0044.jpg,../Dataset/game7/Clip9/Label.csv,0044.jpg,1,238.0,236.0,0,test
game7,Clip9,../Dataset/game7/Clip9/0045.jpg,../Dataset/game7/Clip9/Label.csv,0045.jpg,1,250.0,207.0,0,test
game7,Clip9,../Dataset/game7/Clip9/0046.jpg,../Dataset/game7/Clip9/Label.csv,0046.jpg,1,264.0,179.0,0,test
game7,Clip9,../Dataset/game7/Clip9/0047.jpg,../Dataset/game7/Clip9/Label.csv,0047.jpg,1,277.0,155.0,0,test
game7,Clip9,../Dataset/game7/Clip9/0048.jpg,../Dataset/game7/Clip9/Label.csv,0048.jpg,1,287.0,133.0,0,test
game7,Clip9,../Dataset/game7/Clip9/0049.jpg,../Dataset/game7/Clip9/Label.csv,0049.jpg,1,297.0,115.0,0,test
game7,Clip9,../Dataset/game7/Clip9/0050.jpg,../Dataset/game7/Clip9/Label.csv,0050.jpg,1,308.0,96.0,0,test
game7,Clip9,../Dataset/game7/Clip9/0051.jpg,../Dataset/game7/Clip9/Label.csv,0051.jpg,1,319.0,79.0,0,test
game7,Clip9,../Dataset/game7/Clip9/0052.jpg,../Dataset/game7/Clip9/Label.csv,0052.jpg,1,329.0,68.0,0,test
game7,Clip9,../Dataset/game7/Clip9/0053.jpg,../Dataset/game7/Clip9/Label.csv,0053.jpg,1,339.0,56.0,0,test
game7,Clip9,../Dataset/game7/Clip9/0054.jpg,../Dataset/game7/Clip9/Label.csv,0054.jpg,1,348.0,47.0,0,test
game7,Clip9,../Dataset/game7/Clip9/0055.jpg,../Dataset/game7/Clip9/Label.csv,0055.jpg,1,359.0,36.0,0,test
game7,Clip9,../Dataset/game7/Clip9/0056.jpg,../Dataset/game7/Clip9/Label.csv,0056.jpg,1,366.0,27.0,0,test
game7,Clip9,../Dataset/game7/Clip9/0057.jpg,../Dataset/game7/Clip9/Label.csv,0057.jpg,1,378.0,24.0,0,test
game7,Clip9,../Dataset/game7/Clip9/0058.jpg,../Dataset/game7/Clip9/Label.csv,0058.jpg,1,385.0,19.0,0,test
game7,Clip9,../Dataset/game7/Clip9/0059.jpg,../Dataset/game7/Clip9/Label.csv,0059.jpg,1,393.0,17.0,0,test
game7,Clip9,../Dataset/game7/Clip9/0060.jpg,../Dataset/game7/Clip9/Label.csv,0060.jpg,1,404.0,15.0,0,test
game7,Clip9,../Dataset/game7/Clip9/0061.jpg,../Dataset/game7/Clip9/Label.csv,0061.jpg,1,408.0,14.0,0,test
game7,Clip9,../Dataset/game7/Clip9/0062.jpg,../Dataset/game7/Clip9/Label.csv,0062.jpg,1,420.0,15.0,0,test
game7,Clip9,../Dataset/game7/Clip9/0063.jpg,../Dataset/game7/Clip9/Label.csv,0063.jpg,1,427.0,19.0,0,test
game7,Clip9,../Dataset/game7/Clip9/0064.jpg,../Dataset/game7/Clip9/Label.csv,0064.jpg,1,435.0,22.0,0,test
game7,Clip9,../Dataset/game7/Clip9/0065.jpg,../Dataset/game7/Clip9/Label.csv,0065.jpg,1,442.0,25.0,0,test
game7,Clip9,../Dataset/game7/Clip9/0066.jpg,../Dataset/game7/Clip9/Label.csv,0066.jpg,1,448.0,32.0,0,test
game7,Clip9,../Dataset/game7/Clip9/0067.jpg,../Dataset/game7/Clip9/Label.csv,0067.jpg,1,457.0,38.0,0,test
game7,Clip9,../Dataset/game7/Clip9/0068.jpg,../Dataset/game7/Clip9/Label.csv,0068.jpg,1,464.0,46.0,0,test
game7,Clip9,../Dataset/game7/Clip9/0069.jpg,../Dataset/game7/Clip9/Label.csv,0069.jpg,1,469.0,51.0,0,test
game7,Clip9,../Dataset/game7/Clip9/0070.jpg,../Dataset/game7/Clip9/Label.csv,0070.jpg,1,476.0,65.0,0,test
game7,Clip9,../Dataset/game7/Clip9/0071.jpg,../Dataset/game7/Clip9/Label.csv,0071.jpg,1,482.0,71.0,0,test
game7,Clip9,../Dataset/game7/Clip9/0072.jpg,../Dataset/game7/Clip9/Label.csv,0072.jpg,1,490.0,83.0,0,test
game7,Clip9,../Dataset/game7/Clip9/0073.jpg,../Dataset/game7/Clip9/Label.csv,0073.jpg,1,496.0,95.0,0,test
game7,Clip9,../Dataset/game7/Clip9/0074.jpg,../Dataset/game7/Clip9/Label.csv,0074.jpg,1,501.0,105.0,0,test
game7,Clip9,../Dataset/game7/Clip9/0075.jpg,../Dataset/game7/Clip9/Label.csv,0075.jpg,1,505.0,121.0,1,test
game7,Clip9,../Dataset/game7/Clip9/0076.jpg,../Dataset/game7/Clip9/Label.csv,0076.jpg,1,537.0,151.0,0,test
game7,Clip9,../Dataset/game7/Clip9/0077.jpg,../Dataset/game7/Clip9/Label.csv,0077.jpg,1,573.0,183.0,0,test
game7,Clip9,../Dataset/game7/Clip9/0078.jpg,../Dataset/game7/Clip9/Label.csv,0078.jpg,1,604.0,219.0,0,test
game7,Clip9,../Dataset/game7/Clip9/0079.jpg,../Dataset/game7/Clip9/Label.csv,0079.jpg,1,640.0,252.0,0,test
game7,Clip9,../Dataset/game7/Clip9/0080.jpg,../Dataset/game7/Clip9/Label.csv,0080.jpg,1,676.0,298.0,0,test
game7,Clip9,../Dataset/game7/Clip9/0081.jpg,../Dataset/game7/Clip9/Label.csv,0081.jpg,1,713.0,340.0,0,test
game7,Clip9,../Dataset/game7/Clip9/0082.jpg,../Dataset/game7/Clip9/Label.csv,0082.jpg,1,749.0,386.0,0,test
game7,Clip9,../Dataset/game7/Clip9/0083.jpg,../Dataset/game7/Clip9/Label.csv,0083.jpg,1,785.0,440.0,0,test
game7,Clip9,../Dataset/game7/Clip9/0084.jpg,../Dataset/game7/Clip9/Label.csv,0084.jpg,1,814.0,446.0,2,test
game7,Clip9,../Dataset/game7/Clip9/0085.jpg,../Dataset/game7/Clip9/Label.csv,0085.jpg,1,846.0,452.0,0,test
game7,Clip9,../Dataset/game7/Clip9/0086.jpg,../Dataset/game7/Clip9/Label.csv,0086.jpg,1,880.0,457.0,0,test
game7,Clip9,../Dataset/game7/Clip9/0087.jpg,../Dataset/game7/Clip9/Label.csv,0087.jpg,1,907.0,466.0,0,test
game7,Clip9,../Dataset/game7/Clip9/0088.jpg,../Dataset/game7/Clip9/Label.csv,0088.jpg,1,939.0,479.0,0,test
game7,Clip9,../Dataset/game7/Clip9/0089.jpg,../Dataset/game7/Clip9/Label.csv,0089.jpg,1,970.0,490.0,0,test
game7,Clip9,../Dataset/game7/Clip9/0090.jpg,../Dataset/game7/Clip9/Label.csv,0090.jpg,1,1005.0,504.0,0,test
game7,Clip9,../Dataset/game7/Clip9/0091.jpg,../Dataset/game7/Clip9/Label.csv,0091.jpg,1,1040.0,526.0,0,test
game7,Clip9,../Dataset/game7/Clip9/0092.jpg,../Dataset/game7/Clip9/Label.csv,0092.jpg,1,1077.0,548.0,0,test
game7,Clip9,../Dataset/game7/Clip9/0093.jpg,../Dataset/game7/Clip9/Label.csv,0093.jpg,2,1117.0,576.0,0,test
game7,Clip9,../Dataset/game7/Clip9/0094.jpg,../Dataset/game7/Clip9/Label.csv,0094.jpg,1,1154.0,606.0,0,test
game7,Clip9,../Dataset/game7/Clip9/0095.jpg,../Dataset/game7/Clip9/Label.csv,0095.jpg,1,1196.0,639.0,0,test
game7,Clip9,../Dataset/game7/Clip9/0096.jpg,../Dataset/game7/Clip9/Label.csv,0096.jpg,1,1235.0,677.0,0,test
